<?xml version="1.0" encoding="UTF-8"?>
<osm version="0.6" generator="openstreetmap-cgimap 2.1.0 (2942776 spike-08.openstreetmap.org)" copyright="OpenStreetMap and contributors" attribution="http://www.openstreetmap.org/copyright" license="http://opendatacommons.org/licenses/odbl/1-0/">
 <bounds minlat="56.6632000" minlon="16.3635000" maxlat="56.6651000" maxlon="16.3675000"/>
 <node id="545583" visible="true" version="2" changeset="1992736" timestamp="2009-07-31T10:24:45Z" user="izzor" uid="12294" lat="56.6654056" lon="16.3637437"/>
 <node id="545584" visible="true" version="1" changeset="2364" timestamp="2006-02-17T14:47:32Z" user="LA2" uid="229" lat="56.6649197" lon="16.3642240"/>
 <node id="545597" visible="true" version="4" changeset="6806352" timestamp="2010-12-30T07:56:59Z" user="izzor" uid="12294" lat="56.6648634" lon="16.3682690"/>
 <node id="545598" visible="true" version="4" changeset="6848863" timestamp="2011-01-03T12:14:50Z" user="HaH" uid="324579" lat="56.6653547" lon="16.3699807"/>
 <node id="545599" visible="true" version="5" changeset="6848863" timestamp="2011-01-03T12:14:45Z" user="HaH" uid="324579" lat="56.6659161" lon="16.3694476"/>
 <node id="545600" visible="true" version="4" changeset="6806352" timestamp="2010-12-30T07:57:01Z" user="izzor" uid="12294" lat="56.6654358" lon="16.3677176"/>
 <node id="545605" visible="true" version="4" changeset="6808750" timestamp="2010-12-30T12:33:33Z" user="izzor" uid="12294" lat="56.6631822" lon="16.3674684"/>
 <node id="545607" visible="true" version="5" changeset="6808750" timestamp="2010-12-30T12:33:31Z" user="izzor" uid="12294" lat="56.6643202" lon="16.3663780"/>
 <node id="545611" visible="true" version="6" changeset="9183946" timestamp="2011-09-01T11:58:29Z" user="izzor" uid="12294" lat="56.6628087" lon="16.3662392"/>
 <node id="282756137" visible="true" version="6" changeset="9166437" timestamp="2011-08-30T11:55:53Z" user="izzor" uid="12294" lat="56.6623139" lon="16.3619717"/>
 <node id="282756148" visible="true" version="4" changeset="9166437" timestamp="2011-08-30T11:55:54Z" user="izzor" uid="12294" lat="56.6621118" lon="16.3612659"/>
 <node id="418211570" visible="true" version="3" changeset="6808750" timestamp="2010-12-30T12:33:33Z" user="izzor" uid="12294" lat="56.6633908" lon="16.3656846"/>
 <node id="418211572" visible="true" version="4" changeset="6848863" timestamp="2011-01-03T12:14:48Z" user="HaH" uid="324579" lat="56.6647847" lon="16.3705325"/>
 <node id="418211594" visible="true" version="4" changeset="6806352" timestamp="2010-12-30T07:56:58Z" user="izzor" uid="12294" lat="56.6650966" lon="16.3640612"/>
 <node id="418211601" visible="true" version="3" changeset="6808750" timestamp="2010-12-30T12:33:31Z" user="izzor" uid="12294" lat="56.6654675" lon="16.3652813"/>
 <node id="418211605" visible="true" version="4" changeset="10264976" timestamp="2012-01-01T19:44:27Z" user="izzor" uid="12294" lat="56.6642925" lon="16.3688193"/>
 <node id="418211606" visible="true" version="5" changeset="6808750" timestamp="2010-12-30T12:33:33Z" user="izzor" uid="12294" lat="56.6637477" lon="16.3669254"/>
 <node id="418219311" visible="true" version="4" changeset="51499162" timestamp="2017-08-28T07:00:41Z" user="izzor" uid="12294" lat="56.6644495" lon="16.3618393"/>
 <node id="418219336" visible="true" version="3" changeset="6806352" timestamp="2010-12-30T07:56:59Z" user="izzor" uid="12294" lat="56.6627489" lon="16.3634707"/>
 <node id="418219338" visible="true" version="3" changeset="6806352" timestamp="2010-12-30T07:57:00Z" user="izzor" uid="12294" lat="56.6634431" lon="16.3608950"/>
 <node id="418219339" visible="true" version="3" changeset="6806352" timestamp="2010-12-30T07:56:59Z" user="izzor" uid="12294" lat="56.6638803" lon="16.3623831"/>
 <node id="418222844" visible="true" version="5" changeset="6808750" timestamp="2010-12-30T12:33:33Z" user="izzor" uid="12294" lat="56.6637289" lon="16.3653629"/>
 <node id="418222845" visible="true" version="5" changeset="6808750" timestamp="2010-12-30T12:33:33Z" user="izzor" uid="12294" lat="56.6640849" lon="16.3666031"/>
 <node id="418222846" visible="true" version="5" changeset="6808750" timestamp="2010-12-30T12:33:33Z" user="izzor" uid="12294" lat="56.6648971" lon="16.3658419"/>
 <node id="418222847" visible="true" version="5" changeset="6808750" timestamp="2010-12-30T12:33:31Z" user="izzor" uid="12294" lat="56.6645385" lon="16.3645924"/>
 <node id="418222848" visible="true" version="3" changeset="6806352" timestamp="2010-12-30T07:56:59Z" user="izzor" uid="12294" lat="56.6628803" lon="16.3614290"/>
 <node id="418222849" visible="true" version="4" changeset="51499162" timestamp="2017-08-28T07:00:41Z" user="izzor" uid="12294" lat="56.6639571" lon="16.3651384"/>
 <node id="418222851" visible="true" version="5" changeset="51499162" timestamp="2017-08-28T07:00:41Z" user="izzor" uid="12294" lat="56.6633137" lon="16.3629194"/>
 <node id="418727722" visible="true" version="1" changeset="1485760" timestamp="2009-06-11T11:35:55Z" user="izzor" uid="12294" lat="56.6657352" lon="16.3713044"/>
 <node id="441264652" visible="true" version="3" changeset="6806352" timestamp="2010-12-30T07:56:59Z" user="izzor" uid="12294" lat="56.6650613" lon="16.3639365"/>
 <node id="444767873" visible="true" version="1" changeset="1893652" timestamp="2009-07-21T11:31:07Z" user="izzor" uid="12294" lat="56.6648216" lon="16.3661992">
  <tag k="name" v="Kvarnholmen"/>
  <tag k="place" v="island"/>
 </node>
 <node id="449776763" visible="true" version="3" changeset="135029450" timestamp="2023-04-17T19:24:31Z" user="541074" uid="17921090" lat="56.6636836" lon="16.3652475">
  <tag k="amenity" v="fast_food"/>
  <tag k="check_date" v="2023-04-17"/>
  <tag k="cuisine" v="japanese"/>
  <tag k="name" v="Kama Sushi"/>
  <tag k="opening_hours" v="Mo-Fr 11:00-14:00; Sa,Su off"/>
 </node>
 <node id="449776767" visible="true" version="4" changeset="136292282" timestamp="2023-05-19T10:10:25Z" user="novabeat" uid="716217" lat="56.6638415" lon="16.3650627">
  <tag k="amenity" v="cafe"/>
  <tag k="check_date" v="2023-04-17"/>
  <tag k="indoor_seating" v="yes"/>
  <tag k="name" v="Café König"/>
  <tag k="opening_hours" v="Mo-Fr 09:00-17:00; Sa 10:00-15:00"/>
  <tag k="outdoor_seating" v="yes"/>
 </node>
 <node id="449776771" visible="true" version="5" changeset="125270516" timestamp="2022-08-23T12:52:23Z" user="archie" uid="156646" lat="56.6643120" lon="16.3635625">
  <tag k="amenity" v="atm"/>
  <tag k="brand" v="Bankomat"/>
  <tag k="brand:wikipedia" v="sv:Bankomat"/>
  <tag k="operator" v="Bankomat AB"/>
 </node>
 <node id="449776777" visible="true" version="3" changeset="125270516" timestamp="2022-08-23T12:52:23Z" user="archie" uid="156646" lat="56.6637471" lon="16.3641197">
  <tag k="amenity" v="atm"/>
  <tag k="brand" v="Bankomat"/>
  <tag k="brand:wikipedia" v="sv:Bankomat"/>
  <tag k="fixme" v="atm fortfarande kvar?"/>
  <tag k="operator" v="Bankomat AB"/>
 </node>
 <node id="449776780" visible="true" version="4" changeset="125270516" timestamp="2022-08-23T12:52:23Z" user="archie" uid="156646" lat="56.6646895" lon="16.3645899">
  <tag k="amenity" v="atm"/>
  <tag k="brand" v="Bankomat"/>
  <tag k="brand:wikipedia" v="sv:Bankomat"/>
  <tag k="operator" v="Bankomat AB"/>
 </node>
 <node id="449776812" visible="true" version="5" changeset="187859298" timestamp="2026-08-22T20:10:18Z" user="Jonaes" uid="4433367" lat="56.6636904" lon="16.3672122">
  <tag k="air_conditioning" v="no"/>
  <tag k="brand" v="First Hotels"/>
  <tag k="brand:wikidata" v="Q11969007"/>
  <tag k="check_date" v="2026-08-22"/>
  <tag k="check_date:internet_access" v="2026-08-22"/>
  <tag k="internet_access" v="wlan"/>
  <tag k="name" v="First Hotel Witt"/>
  <tag k="tourism" v="hotel"/>
  <tag k="website" v="https://www.firsthotels.com/hotels/sweden/kalmar/first-hotel-witt/"/>
  <tag k="website:da" v="https://www.firsthotels.dk/hoteller/sverige/kalmar/first-hotel-witt/"/>
  <tag k="website:en" v="https://www.firsthotels.com/hotels/sweden/kalmar/first-hotel-witt/"/>
  <tag k="website:no" v="https://www.firsthotels.no/hoteller/sverige/kalmar/first-hotel-witt/"/>
  <tag k="website:sv" v="https://www.firsthotels.se/hotell/sverige/kalmar/first-hotel-witt/"/>
 </node>
 <node id="449776815" visible="true" version="10" changeset="183345605" timestamp="2026-05-29T09:50:06Z" user="confusedbuffalo-bot" uid="23492813" lat="56.6642479" lon="16.3667433">
  <tag k="addr:city" v="Kalmar"/>
  <tag k="addr:country" v="SE"/>
  <tag k="addr:housenumber" v="14"/>
  <tag k="addr:postcode" v="392 32"/>
  <tag k="addr:street" v="Stortorget"/>
  <tag k="brand" v="ProfilHotels"/>
  <tag k="check_date" v="2026-03-26"/>
  <tag k="email" v="calmarstadshotell@profilhotels.se"/>
  <tag k="internet_access" v="wlan"/>
  <tag k="internet_access:fee" v="customers"/>
  <tag k="name" v="Calmar Stadshotell"/>
  <tag k="operator" v="Ligula Hospitality Group AB"/>
  <tag k="phone" v="+46 480 49 69 00"/>
  <tag k="rooms" v="132"/>
  <tag k="smoking" v="no"/>
  <tag k="tourism" v="hotel"/>
  <tag k="website" v="https://ligula.se/profilhotels/calmar-stadshotell-historik-kalmar/"/>
 </node>
 <node id="449813140" visible="true" version="13" changeset="174437485" timestamp="2025-11-09T21:46:34Z" user="jotth" uid="611825" lat="56.6650384" lon="16.3642632">
  <tag k="addr:city" v="Kalmar"/>
  <tag k="addr:housenumber" v="22"/>
  <tag k="addr:postcode" v="392 32"/>
  <tag k="addr:province" v="Kalmar kommun"/>
  <tag k="addr:street" v="Västra Sjögatan"/>
  <tag k="amenity" v="pharmacy"/>
  <tag k="brand" v="Apoteksgruppen"/>
  <tag k="brand:wikidata" v="Q10416129"/>
  <tag k="brand:wikipedia" v="sv:Apoteksgruppen"/>
  <tag k="check_date" v="2023-04-17"/>
  <tag k="dispensing" v="yes"/>
  <tag k="healthcare" v="pharmacy"/>
  <tag k="name" v="Apotek"/>
  <tag k="opening_hours" v="Mo-Fr 09:00-18:00; Sa 09:30-15:00"/>
  <tag k="operator" v="Apoteksgruppen"/>
  <tag k="payment:cash" v="yes"/>
  <tag k="website" v="https://www.apoteksgruppen.se"/>
  <tag k="website:stock" v="https://www.fass.se/"/>
 </node>
 <node id="450138952" visible="true" version="6" changeset="169891663" timestamp="2025-08-03T08:02:01Z" user="archie" uid="156646" lat="56.6648501" lon="16.3642279">
  <tag k="disused:highway" v="bus_stop"/>
  <tag k="disused:public_transport" v="platform"/>
 </node>
 <node id="450138958" visible="true" version="13" changeset="173159291" timestamp="2025-10-11T23:48:51Z" user="archie" uid="156646" lat="56.6644915" lon="16.3662664">
  <tag k="bench" v="yes"/>
  <tag k="bin" v="no"/>
  <tag k="bus" v="yes"/>
  <tag k="gtfs:stop_id" v="9022050022058002"/>
  <tag k="highway" v="platform"/>
  <tag k="lit" v="yes"/>
  <tag k="name" v="B"/>
  <tag k="network" v="Kalmar länstrafik"/>
  <tag k="public_transport" v="platform"/>
  <tag k="ref" v="B"/>
  <tag k="shelter" v="no"/>
  <tag k="tactile_paving" v="no"/>
 </node>
 <node id="452424137" visible="true" version="3" changeset="6776012" timestamp="2010-12-27T10:22:36Z" user="izzor" uid="12294" lat="56.6644895" lon="16.3649559"/>
 <node id="452424139" visible="true" version="3" changeset="6776012" timestamp="2010-12-27T10:22:42Z" user="izzor" uid="12294" lat="56.6643298" lon="16.3651120"/>
 <node id="452424140" visible="true" version="3" changeset="6776012" timestamp="2010-12-27T10:22:34Z" user="izzor" uid="12294" lat="56.6643620" lon="16.3652211"/>
 <node id="452424141" visible="true" version="3" changeset="6776012" timestamp="2010-12-27T10:22:25Z" user="izzor" uid="12294" lat="56.6643085" lon="16.3652734"/>
 <node id="452424144" visible="true" version="3" changeset="6776012" timestamp="2010-12-27T10:22:44Z" user="izzor" uid="12294" lat="56.6644123" lon="16.3657028"/>
 <node id="452424146" visible="true" version="3" changeset="6776012" timestamp="2010-12-27T10:22:47Z" user="izzor" uid="12294" lat="56.6644322" lon="16.3656834"/>
 <node id="452424147" visible="true" version="3" changeset="6776012" timestamp="2010-12-27T10:22:41Z" user="izzor" uid="12294" lat="56.6644618" lon="16.3657838"/>
 <node id="452424149" visible="true" version="3" changeset="6776012" timestamp="2010-12-27T10:22:46Z" user="izzor" uid="12294" lat="56.6645082" lon="16.3657384"/>
 <node id="452424151" visible="true" version="3" changeset="6776012" timestamp="2010-12-27T10:22:28Z" user="izzor" uid="12294" lat="56.6645426" lon="16.3658549"/>
 <node id="452424154" visible="true" version="3" changeset="6776012" timestamp="2010-12-27T10:22:46Z" user="izzor" uid="12294" lat="56.6647048" lon="16.3656964"/>
 <node id="452424156" visible="true" version="3" changeset="6776012" timestamp="2010-12-27T10:22:29Z" user="izzor" uid="12294" lat="56.6646718" lon="16.3655845"/>
 <node id="452424157" visible="true" version="3" changeset="6776012" timestamp="2010-12-27T10:22:45Z" user="izzor" uid="12294" lat="56.6647236" lon="16.3655339"/>
 <node id="452424160" visible="true" version="3" changeset="6776012" timestamp="2010-12-27T10:22:38Z" user="izzor" uid="12294" lat="56.6645709" lon="16.3650196"/>
 <node id="452424162" visible="true" version="3" changeset="6776012" timestamp="2010-12-27T10:22:44Z" user="izzor" uid="12294" lat="56.6645223" lon="16.3650671"/>
 <node id="452424165" visible="true" version="3" changeset="6808750" timestamp="2010-12-30T12:33:32Z" user="izzor" uid="12294" lat="56.6639342" lon="16.3651675"/>
 <node id="452424166" visible="true" version="3" changeset="6808750" timestamp="2010-12-30T12:33:33Z" user="izzor" uid="12294" lat="56.6642735" lon="16.3664227"/>
 <node id="452424168" visible="true" version="1" changeset="1992736" timestamp="2009-07-31T10:24:42Z" user="izzor" uid="12294" lat="56.6641063" lon="16.3657993"/>
 <node id="452424170" visible="true" version="1" changeset="1992736" timestamp="2009-07-31T10:24:42Z" user="izzor" uid="12294" lat="56.6643034" lon="16.3655996"/>
 <node id="1059533352" visible="true" version="2" changeset="6776012" timestamp="2010-12-27T10:22:25Z" user="izzor" uid="12294" lat="56.6640742" lon="16.3632556"/>
 <node id="1059533382" visible="true" version="2" changeset="6776012" timestamp="2010-12-27T10:22:26Z" user="izzor" uid="12294" lat="56.6646008" lon="16.3651210"/>
 <node id="1059533501" visible="true" version="3" changeset="6783140" timestamp="2010-12-27T22:43:09Z" user="izzor" uid="12294" lat="56.6638840" lon="16.3630124"/>
 <node id="1059533609" visible="true" version="3" changeset="6796270" timestamp="2010-12-29T09:37:42Z" user="izzor" uid="12294" lat="56.6645963" lon="16.3635699"/>
 <node id="1059533634" visible="true" version="3" changeset="6783140" timestamp="2010-12-27T22:43:08Z" user="izzor" uid="12294" lat="56.6639783" lon="16.3629230"/>
 <node id="1059533668" visible="true" version="2" changeset="6776012" timestamp="2010-12-27T10:22:32Z" user="izzor" uid="12294" lat="56.6647094" lon="16.3654179"/>
 <node id="1059533697" visible="true" version="3" changeset="6796270" timestamp="2010-12-29T09:37:43Z" user="izzor" uid="12294" lat="56.6648345" lon="16.3633445"/>
 <node id="1059533781" visible="true" version="3" changeset="6796270" timestamp="2010-12-29T09:37:44Z" user="izzor" uid="12294" lat="56.6642294" lon="16.3633806"/>
 <node id="1059533788" visible="true" version="2" changeset="6776012" timestamp="2010-12-27T10:22:47Z" user="izzor" uid="12294" lat="56.6633736" lon="16.3629638"/>
 <node id="1059533854" visible="true" version="2" changeset="6776012" timestamp="2010-12-27T10:22:27Z" user="izzor" uid="12294" lat="56.6646938" lon="16.3654331"/>
 <node id="1059533900" visible="true" version="3" changeset="6796270" timestamp="2010-12-29T09:37:44Z" user="izzor" uid="12294" lat="56.6644756" lon="16.3631476"/>
 <node id="1059533948" visible="true" version="3" changeset="6796270" timestamp="2010-12-29T09:37:42Z" user="izzor" uid="12294" lat="56.6650278" lon="16.3640211"/>
 <node id="1059533993" visible="true" version="2" changeset="6776012" timestamp="2010-12-27T10:22:32Z" user="izzor" uid="12294" lat="56.6646170" lon="16.3651051"/>
 <node id="1059534153" visible="true" version="3" changeset="6783140" timestamp="2010-12-27T22:43:05Z" user="izzor" uid="12294" lat="56.6637635" lon="16.3625914"/>
 <node id="1059534156" visible="true" version="3" changeset="6796270" timestamp="2010-12-29T09:37:42Z" user="izzor" uid="12294" lat="56.6645434" lon="16.3644795"/>
 <node id="1059534183" visible="true" version="2" changeset="6776012" timestamp="2010-12-27T10:22:31Z" user="izzor" uid="12294" lat="56.6635918" lon="16.3637178"/>
 <node id="1067357578" visible="true" version="1" changeset="6775017" timestamp="2010-12-27T08:29:01Z" user="izzor" uid="12294" lat="56.6639913" lon="16.3675826"/>
 <node id="1067357628" visible="true" version="2" changeset="6776012" timestamp="2010-12-27T10:22:29Z" user="izzor" uid="12294" lat="56.6645808" lon="16.3669012"/>
 <node id="1067357648" visible="true" version="1" changeset="6775017" timestamp="2010-12-27T08:29:02Z" user="izzor" uid="12294" lat="56.6642428" lon="16.3673518"/>
 <node id="1067357682" visible="true" version="2" changeset="6781161" timestamp="2010-12-27T19:18:05Z" user="HaH" uid="324579" lat="56.6641529" lon="16.3677160"/>
 <node id="1067357688" visible="true" version="1" changeset="6775017" timestamp="2010-12-27T08:29:03Z" user="izzor" uid="12294" lat="56.6637330" lon="16.3681374"/>
 <node id="1067357690" visible="true" version="1" changeset="6775017" timestamp="2010-12-27T08:29:03Z" user="izzor" uid="12294" lat="56.6641152" lon="16.3673438"/>
 <node id="1067357718" visible="true" version="2" changeset="6776012" timestamp="2010-12-27T10:22:44Z" user="izzor" uid="12294" lat="56.6646815" lon="16.3664965"/>
 <node id="1067357728" visible="true" version="1" changeset="6775017" timestamp="2010-12-27T08:29:04Z" user="izzor" uid="12294" lat="56.6632553" lon="16.3675027"/>
 <node id="1067357757" visible="true" version="2" changeset="6776012" timestamp="2010-12-27T10:22:42Z" user="izzor" uid="12294" lat="56.6646868" lon="16.3668017"/>
 <node id="1067357786" visible="true" version="1" changeset="6775017" timestamp="2010-12-27T08:29:05Z" user="izzor" uid="12294" lat="56.6645342" lon="16.3677056"/>
 <node id="1067357794" visible="true" version="1" changeset="6775017" timestamp="2010-12-27T08:29:05Z" user="izzor" uid="12294" lat="56.6639561" lon="16.3670384"/>
 <node id="1067357807" visible="true" version="2" changeset="6776012" timestamp="2010-12-27T10:22:46Z" user="izzor" uid="12294" lat="56.6648158" lon="16.3663009"/>
 <node id="1067357835" visible="true" version="2" changeset="6776012" timestamp="2010-12-27T10:22:37Z" user="izzor" uid="12294" lat="56.6646024" lon="16.3665708"/>
 <node id="1067357844" visible="true" version="1" changeset="6775017" timestamp="2010-12-27T08:29:06Z" user="izzor" uid="12294" lat="56.6641915" lon="16.3671672"/>
 <node id="1067357852" visible="true" version="1" changeset="6775017" timestamp="2010-12-27T08:29:07Z" user="izzor" uid="12294" lat="56.6639862" lon="16.3679279"/>
 <node id="1067357863" visible="true" version="2" changeset="6776012" timestamp="2010-12-27T10:22:44Z" user="izzor" uid="12294" lat="56.6643050" lon="16.3687019"/>
 <node id="1067357866" visible="true" version="2" changeset="6776012" timestamp="2010-12-27T10:22:37Z" user="izzor" uid="12294" lat="56.6648671" lon="16.3659748"/>
 <node id="1067357883" visible="true" version="2" changeset="6776012" timestamp="2010-12-27T10:22:46Z" user="izzor" uid="12294" lat="56.6647827" lon="16.3664522"/>
 <node id="1067357886" visible="true" version="1" changeset="6775017" timestamp="2010-12-27T08:29:08Z" user="izzor" uid="12294" lat="56.6637387" lon="16.3670503"/>
 <node id="1067357892" visible="true" version="2" changeset="6783140" timestamp="2010-12-27T22:43:08Z" user="izzor" uid="12294" lat="56.6642887" lon="16.3668268"/>
 <node id="1067357900" visible="true" version="2" changeset="6776012" timestamp="2010-12-27T10:22:48Z" user="izzor" uid="12294" lat="56.6647139" lon="16.3668972"/>
 <node id="1067357903" visible="true" version="2" changeset="6783140" timestamp="2010-12-27T22:43:10Z" user="izzor" uid="12294" lat="56.6643630" lon="16.3670970"/>
 <node id="1067357918" visible="true" version="2" changeset="6781161" timestamp="2010-12-27T19:18:05Z" user="HaH" uid="324579" lat="56.6641929" lon="16.3676760"/>
 <node id="1067357921" visible="true" version="1" changeset="6775017" timestamp="2010-12-27T08:29:10Z" user="izzor" uid="12294" lat="56.6636179" lon="16.3677059"/>
 <node id="1067357922" visible="true" version="1" changeset="6775017" timestamp="2010-12-27T08:29:10Z" user="izzor" uid="12294" lat="56.6639811" lon="16.3671268"/>
 <node id="1067357929" visible="true" version="2" changeset="6776012" timestamp="2010-12-27T10:22:42Z" user="izzor" uid="12294" lat="56.6648427" lon="16.3663959"/>
 <node id="1067357938" visible="true" version="1" changeset="6775017" timestamp="2010-12-27T08:29:11Z" user="izzor" uid="12294" lat="56.6638162" lon="16.3669641"/>
 <node id="1067357953" visible="true" version="2" changeset="6776012" timestamp="2010-12-27T10:22:42Z" user="izzor" uid="12294" lat="56.6645774" lon="16.3664825"/>
 <node id="1067357970" visible="true" version="1" changeset="6775017" timestamp="2010-12-27T08:29:12Z" user="izzor" uid="12294" lat="56.6645183" lon="16.3677204"/>
 <node id="1067357978" visible="true" version="2" changeset="6783140" timestamp="2010-12-27T22:43:07Z" user="izzor" uid="12294" lat="56.6642329" lon="16.3668775"/>
 <node id="1067357988" visible="true" version="1" changeset="6775017" timestamp="2010-12-27T08:29:13Z" user="izzor" uid="12294" lat="56.6640600" lon="16.3670528"/>
 <node id="1067358003" visible="true" version="2" changeset="6776012" timestamp="2010-12-27T10:22:31Z" user="izzor" uid="12294" lat="56.6647575" lon="16.3663634"/>
 <node id="1067358012" visible="true" version="1" changeset="6775017" timestamp="2010-12-27T08:29:13Z" user="izzor" uid="12294" lat="56.6641696" lon="16.3671873"/>
 <node id="1067358025" visible="true" version="2" changeset="6783140" timestamp="2010-12-27T22:43:08Z" user="izzor" uid="12294" lat="56.6643071" lon="16.3671477"/>
 <node id="1067358028" visible="true" version="1" changeset="6775017" timestamp="2010-12-27T08:29:14Z" user="izzor" uid="12294" lat="56.6644762" lon="16.3671370"/>
 <node id="1067358035" visible="true" version="1" changeset="6775017" timestamp="2010-12-27T08:29:14Z" user="izzor" uid="12294" lat="56.6641966" lon="16.3676307"/>
 <node id="1067358041" visible="true" version="1" changeset="6775017" timestamp="2010-12-27T08:29:14Z" user="izzor" uid="12294" lat="56.6634440" lon="16.3679112"/>
 <node id="1067358070" visible="true" version="1" changeset="6775017" timestamp="2010-12-27T08:29:16Z" user="izzor" uid="12294" lat="56.6647847" lon="16.3682326"/>
 <node id="1067358072" visible="true" version="2" changeset="6776012" timestamp="2010-12-27T10:22:28Z" user="izzor" uid="12294" lat="56.6645580" lon="16.3670436"/>
 <node id="1067358089" visible="true" version="2" changeset="6776012" timestamp="2010-12-27T10:22:28Z" user="izzor" uid="12294" lat="56.6646450" lon="16.3681736"/>
 <node id="1067358099" visible="true" version="1" changeset="6775017" timestamp="2010-12-27T08:29:17Z" user="izzor" uid="12294" lat="56.6641426" lon="16.3674408"/>
 <node id="1067358107" visible="true" version="1" changeset="6775017" timestamp="2010-12-27T08:29:17Z" user="izzor" uid="12294" lat="56.6641366" lon="16.3673236"/>
 <node id="1067358117" visible="true" version="2" changeset="6776012" timestamp="2010-12-27T10:22:34Z" user="izzor" uid="12294" lat="56.6644863" lon="16.3665680"/>
 <node id="1067358123" visible="true" version="1" changeset="6775017" timestamp="2010-12-27T08:29:18Z" user="izzor" uid="12294" lat="56.6635300" lon="16.3678096"/>
 <node id="1067358126" visible="true" version="1" changeset="6775017" timestamp="2010-12-27T08:29:18Z" user="izzor" uid="12294" lat="56.6640470" lon="16.3667478"/>
 <node id="1067358154" visible="true" version="3" changeset="6781161" timestamp="2010-12-27T19:18:05Z" user="HaH" uid="324579" lat="56.6643573" lon="16.3684360"/>
 <node id="1067358160" visible="true" version="1" changeset="6775017" timestamp="2010-12-27T08:29:19Z" user="izzor" uid="12294" lat="56.6640930" lon="16.3669101"/>
 <node id="1067358165" visible="true" version="2" changeset="6776012" timestamp="2010-12-27T10:22:33Z" user="izzor" uid="12294" lat="56.6649293" lon="16.3661943"/>
 <node id="1067358173" visible="true" version="2" changeset="6776012" timestamp="2010-12-27T10:22:31Z" user="izzor" uid="12294" lat="56.6646677" lon="16.3664478"/>
 <node id="1067358189" visible="true" version="2" changeset="6776012" timestamp="2010-12-27T10:22:26Z" user="izzor" uid="12294" lat="56.6643836" lon="16.3664289"/>
 <node id="1067358198" visible="true" version="2" changeset="169495029" timestamp="2025-07-26T09:21:03Z" user="aleajacta" uid="22339718" lat="56.6642872" lon="16.3665386"/>
 <node id="1067358213" visible="true" version="1" changeset="6775017" timestamp="2010-12-27T08:29:21Z" user="izzor" uid="12294" lat="56.6643956" lon="16.3672111"/>
 <node id="1067441866" visible="true" version="1" changeset="6776012" timestamp="2010-12-27T10:22:05Z" user="izzor" uid="12294" lat="56.6646654" lon="16.3657848"/>
 <node id="1067441867" visible="true" version="1" changeset="6776012" timestamp="2010-12-27T10:22:05Z" user="izzor" uid="12294" lat="56.6650744" lon="16.3641838"/>
 <node id="1067441870" visible="true" version="2" changeset="29282216" timestamp="2015-03-06T05:10:28Z" user="Fringillus" uid="505284" lat="56.6647631" lon="16.3645371">
  <tag k="addr:city" v="Kalmar"/>
  <tag k="addr:country" v="SE"/>
  <tag k="addr:housenumber" v="16"/>
  <tag k="addr:postcode" v="392 32"/>
  <tag k="addr:street" v="Västra Sjögatan"/>
 </node>
 <node id="1067441891" visible="true" version="2" changeset="29282216" timestamp="2015-03-06T05:10:29Z" user="Fringillus" uid="505284" lat="56.6644865" lon="16.3663966">
  <tag k="addr:city" v="Kalmar"/>
  <tag k="addr:country" v="SE"/>
  <tag k="addr:housenumber" v="16"/>
  <tag k="addr:postcode" v="392 31"/>
  <tag k="addr:street" v="Östra Sjögatan"/>
 </node>
 <node id="1067441894" visible="true" version="2" changeset="6852696" timestamp="2011-01-03T18:18:40Z" user="izzor" uid="12294" lat="56.6648922" lon="16.3649114"/>
 <node id="1067441903" visible="true" version="1" changeset="6776012" timestamp="2010-12-27T10:22:06Z" user="izzor" uid="12294" lat="56.6646712" lon="16.3657292"/>
 <node id="1067441923" visible="true" version="1" changeset="6776012" timestamp="2010-12-27T10:22:08Z" user="izzor" uid="12294" lat="56.6650117" lon="16.3645903"/>
 <node id="1067441948" visible="true" version="2" changeset="29282216" timestamp="2015-03-06T05:11:26Z" user="Fringillus" uid="505284" lat="56.6649196" lon="16.3643698">
  <tag k="addr:city" v="Kalmar"/>
  <tag k="addr:country" v="SE"/>
  <tag k="addr:housenumber" v="20"/>
  <tag k="addr:postcode" v="392 32"/>
  <tag k="addr:street" v="Västra Sjögatan"/>
 </node>
 <node id="1067441975" visible="true" version="1" changeset="6776012" timestamp="2010-12-27T10:22:10Z" user="izzor" uid="12294" lat="56.6651886" lon="16.3645716"/>
 <node id="1067441982" visible="true" version="2" changeset="6852696" timestamp="2011-01-03T18:18:43Z" user="izzor" uid="12294" lat="56.6647199" lon="16.3650802"/>
 <node id="1067441998" visible="true" version="2" changeset="29282216" timestamp="2015-03-06T05:10:04Z" user="Fringillus" uid="505284" lat="56.6646348" lon="16.3646637">
  <tag k="addr:city" v="Kalmar"/>
  <tag k="addr:country" v="SE"/>
  <tag k="addr:housenumber" v="14"/>
  <tag k="addr:postcode" v="392 32"/>
  <tag k="addr:street" v="Västra Sjögatan"/>
 </node>
 <node id="1067442001" visible="true" version="1" changeset="6776012" timestamp="2010-12-27T10:22:11Z" user="izzor" uid="12294" lat="56.6643189" lon="16.3653865"/>
 <node id="1067442003" visible="true" version="1" changeset="6776012" timestamp="2010-12-27T10:22:12Z" user="izzor" uid="12294" lat="56.6646414" lon="16.3658270"/>
 <node id="1067442011" visible="true" version="2" changeset="29282216" timestamp="2015-03-06T05:10:49Z" user="Fringillus" uid="505284" lat="56.6647946" lon="16.3660982">
  <tag k="addr:city" v="Kalmar"/>
  <tag k="addr:country" v="SE"/>
  <tag k="addr:housenumber" v="18"/>
  <tag k="addr:postcode" v="392 31"/>
  <tag k="addr:street" v="Östra Sjögatan"/>
 </node>
 <node id="1067442012" visible="true" version="1" changeset="6776012" timestamp="2010-12-27T10:22:13Z" user="izzor" uid="12294" lat="56.6648689" lon="16.3647295"/>
 <node id="1067442017" visible="true" version="1" changeset="6776012" timestamp="2010-12-27T10:22:13Z" user="izzor" uid="12294" lat="56.6645930" lon="16.3646534"/>
 <node id="1067442024" visible="true" version="2" changeset="29282216" timestamp="2015-03-06T05:11:42Z" user="Fringillus" uid="505284" lat="56.6650115" lon="16.3642779">
  <tag k="addr:city" v="Kalmar"/>
  <tag k="addr:country" v="SE"/>
  <tag k="addr:housenumber" v="22"/>
  <tag k="addr:postcode" v="392 32"/>
  <tag k="addr:street" v="Västra Sjögatan"/>
 </node>
 <node id="1067442026" visible="true" version="1" changeset="6776012" timestamp="2010-12-27T10:22:14Z" user="izzor" uid="12294" lat="56.6644594" lon="16.3649853"/>
 <node id="1067442046" visible="true" version="1" changeset="6776012" timestamp="2010-12-27T10:22:15Z" user="izzor" uid="12294" lat="56.6651233" lon="16.3646353"/>
 <node id="1067442049" visible="true" version="1" changeset="6776012" timestamp="2010-12-27T10:22:15Z" user="izzor" uid="12294" lat="56.6648898" lon="16.3648004"/>
 <node id="1067442058" visible="true" version="2" changeset="29282216" timestamp="2015-03-06T05:13:00Z" user="Fringillus" uid="505284" lat="56.6649668" lon="16.3640097">
  <tag k="addr:city" v="Kalmar"/>
  <tag k="addr:country" v="SE"/>
  <tag k="addr:housenumber" v="33"/>
  <tag k="addr:postcode" v="392 32"/>
  <tag k="addr:street" v="Västra Sjögatan"/>
 </node>
 <node id="1067442062" visible="true" version="1" changeset="6776012" timestamp="2010-12-27T10:22:16Z" user="izzor" uid="12294" lat="56.6644269" lon="16.3649635"/>
 <node id="1067442075" visible="true" version="2" changeset="6783140" timestamp="2010-12-27T22:43:07Z" user="izzor" uid="12294" lat="56.6651436" lon="16.3647042"/>
 <node id="1067442086" visible="true" version="1" changeset="6776012" timestamp="2010-12-27T10:22:17Z" user="izzor" uid="12294" lat="56.6643367" lon="16.3653691"/>
 <node id="1067442096" visible="true" version="1" changeset="6776012" timestamp="2010-12-27T10:22:17Z" user="izzor" uid="12294" lat="56.6643631" lon="16.3650253"/>
 <node id="1067442101" visible="true" version="1" changeset="6776012" timestamp="2010-12-27T10:22:18Z" user="izzor" uid="12294" lat="56.6648674" lon="16.3648222"/>
 <node id="1067442107" visible="true" version="1" changeset="6776012" timestamp="2010-12-27T10:22:18Z" user="izzor" uid="12294" lat="56.6643550" lon="16.3650874"/>
 <node id="1067442135" visible="true" version="1" changeset="6776012" timestamp="2010-12-27T10:22:19Z" user="izzor" uid="12294" lat="56.6646025" lon="16.3658405"/>
 <node id="1067442146" visible="true" version="1" changeset="6776012" timestamp="2010-12-27T10:22:19Z" user="izzor" uid="12294" lat="56.6650668" lon="16.3647775"/>
 <node id="1067442156" visible="true" version="1" changeset="6776012" timestamp="2010-12-27T10:22:20Z" user="izzor" uid="12294" lat="56.6645727" lon="16.3658255"/>
 <node id="1067442161" visible="true" version="2" changeset="29282216" timestamp="2015-03-06T05:10:48Z" user="Fringillus" uid="505284" lat="56.6648451" lon="16.3644497">
  <tag k="addr:city" v="Kalmar"/>
  <tag k="addr:country" v="SE"/>
  <tag k="addr:housenumber" v="18"/>
  <tag k="addr:postcode" v="392 32"/>
  <tag k="addr:street" v="Västra Sjögatan"/>
 </node>
 <node id="1067442168" visible="true" version="2" changeset="29282216" timestamp="2015-03-06T05:12:52Z" user="Fringillus" uid="505284" lat="56.6648567" lon="16.3641378">
  <tag k="addr:city" v="Kalmar"/>
  <tag k="addr:country" v="SE"/>
  <tag k="addr:housenumber" v="31"/>
  <tag k="addr:postcode" v="392 32"/>
  <tag k="addr:street" v="Västra Sjögatan"/>
 </node>
 <node id="1067442177" visible="true" version="1" changeset="6776012" timestamp="2010-12-27T10:22:21Z" user="izzor" uid="12294" lat="56.6643888" lon="16.3649756"/>
 <node id="1067719407" visible="true" version="1" changeset="6778082" timestamp="2010-12-27T14:04:11Z" user="HaH" uid="324579" lat="56.6650947" lon="16.3659673"/>
 <node id="1067719408" visible="true" version="1" changeset="6778082" timestamp="2010-12-27T14:04:11Z" user="HaH" uid="324579" lat="56.6651323" lon="16.3661325"/>
 <node id="1067719413" visible="true" version="1" changeset="6778082" timestamp="2010-12-27T14:04:11Z" user="HaH" uid="324579" lat="56.6652145" lon="16.3658161"/>
 <node id="1067719417" visible="true" version="1" changeset="6778082" timestamp="2010-12-27T14:04:11Z" user="HaH" uid="324579" lat="56.6650364" lon="16.3658039"/>
 <node id="1067719418" visible="true" version="1" changeset="6778082" timestamp="2010-12-27T14:04:11Z" user="HaH" uid="324579" lat="56.6649464" lon="16.3658861"/>
 <node id="1067719421" visible="true" version="2" changeset="6852696" timestamp="2011-01-03T18:18:42Z" user="izzor" uid="12294" lat="56.6652093" lon="16.3667947"/>
 <node id="1067719422" visible="true" version="1" changeset="6778082" timestamp="2010-12-27T14:04:12Z" user="HaH" uid="324579" lat="56.6651928" lon="16.3658752"/>
 <node id="1067719425" visible="true" version="1" changeset="6778082" timestamp="2010-12-27T14:04:12Z" user="HaH" uid="324579" lat="56.6652011" lon="16.3657131"/>
 <node id="1067719426" visible="true" version="1" changeset="6778082" timestamp="2010-12-27T14:04:12Z" user="HaH" uid="324579" lat="56.6650861" lon="16.3659367"/>
 <node id="1067719428" visible="true" version="2" changeset="6852696" timestamp="2011-01-03T18:18:43Z" user="izzor" uid="12294" lat="56.6652942" lon="16.3667121"/>
 <node id="1067719432" visible="true" version="2" changeset="6852696" timestamp="2011-01-03T18:18:42Z" user="izzor" uid="12294" lat="56.6651605" lon="16.3661744"/>
 <node id="1067719438" visible="true" version="1" changeset="6778082" timestamp="2010-12-27T14:04:12Z" user="HaH" uid="324579" lat="56.6650403" lon="16.3662228"/>
 <node id="1067719443" visible="true" version="1" changeset="6778082" timestamp="2010-12-27T14:04:13Z" user="HaH" uid="324579" lat="56.6651841" lon="16.3658446"/>
 <node id="1067719447" visible="true" version="1" changeset="6778082" timestamp="2010-12-27T14:04:13Z" user="HaH" uid="324579" lat="56.6650775" lon="16.3659445"/>
 <node id="1067719448" visible="true" version="2" changeset="6852696" timestamp="2011-01-03T18:18:42Z" user="izzor" uid="12294" lat="56.6653125" lon="16.3666947"/>
 <node id="1067719449" visible="true" version="2" changeset="6852696" timestamp="2011-01-03T18:18:43Z" user="izzor" uid="12294" lat="56.6650596" lon="16.3662719"/>
 <node id="1067719450" visible="true" version="1" changeset="6778082" timestamp="2010-12-27T14:04:13Z" user="HaH" uid="324579" lat="56.6651868" lon="16.3656628"/>
 <node id="1068086711" visible="true" version="2" changeset="10264976" timestamp="2012-01-01T19:44:25Z" user="izzor" uid="12294" lat="56.6646804" lon="16.3673749"/>
 <node id="1068086745" visible="true" version="2" changeset="10264976" timestamp="2012-01-01T19:44:25Z" user="izzor" uid="12294" lat="56.6648284" lon="16.3668986"/>
 <node id="1068086767" visible="true" version="2" changeset="10264976" timestamp="2012-01-01T19:44:26Z" user="izzor" uid="12294" lat="56.6649031" lon="16.3671566"/>
 <node id="1068086795" visible="true" version="2" changeset="10264976" timestamp="2012-01-01T19:44:26Z" user="izzor" uid="12294" lat="56.6647697" lon="16.3676833"/>
 <node id="1068086802" visible="true" version="2" changeset="10264976" timestamp="2012-01-01T19:44:26Z" user="izzor" uid="12294" lat="56.6648872" lon="16.3671019"/>
 <node id="1068086860" visible="true" version="1" changeset="6780981" timestamp="2010-12-27T19:00:40Z" user="HaH" uid="324579" lat="56.6645241" lon="16.3662970"/>
 <node id="1068086866" visible="true" version="2" changeset="10264976" timestamp="2012-01-01T19:44:26Z" user="izzor" uid="12294" lat="56.6646036" lon="16.3671944"/>
 <node id="1068086891" visible="true" version="2" changeset="10264976" timestamp="2012-01-01T19:44:26Z" user="izzor" uid="12294" lat="56.6648777" lon="16.3675798"/>
 <node id="1068086912" visible="true" version="2" changeset="10264976" timestamp="2012-01-01T19:44:26Z" user="izzor" uid="12294" lat="56.6649748" lon="16.3670179"/>
 <node id="1068086946" visible="true" version="2" changeset="10264976" timestamp="2012-01-01T19:44:26Z" user="izzor" uid="12294" lat="56.6646612" lon="16.3673933"/>
 <node id="1068086950" visible="true" version="2" changeset="10264976" timestamp="2012-01-01T19:44:26Z" user="izzor" uid="12294" lat="56.6648466" lon="16.3669615"/>
 <node id="1068086954" visible="true" version="2" changeset="10264976" timestamp="2012-01-01T19:44:26Z" user="izzor" uid="12294" lat="56.6650676" lon="16.3666692"/>
 <node id="1068086962" visible="true" version="2" changeset="10264976" timestamp="2012-01-01T19:44:26Z" user="izzor" uid="12294" lat="56.6648244" lon="16.3676308"/>
 <node id="1068086964" visible="true" version="2" changeset="10264976" timestamp="2012-01-01T19:44:26Z" user="izzor" uid="12294" lat="56.6651701" lon="16.3670233"/>
 <node id="1068086967" visible="true" version="2" changeset="10264976" timestamp="2012-01-01T19:44:26Z" user="izzor" uid="12294" lat="56.6647873" lon="16.3672676"/>
 <node id="1068087007" visible="true" version="2" changeset="10264976" timestamp="2012-01-01T19:44:26Z" user="izzor" uid="12294" lat="56.6650184" lon="16.3671687"/>
 <node id="1068481221" visible="true" version="2" changeset="29282216" timestamp="2015-03-06T05:12:23Z" user="Fringillus" uid="505284" lat="56.6639593" lon="16.3648794">
  <tag k="addr:city" v="Kalmar"/>
  <tag k="addr:country" v="SE"/>
  <tag k="addr:housenumber" v="29"/>
  <tag k="addr:postcode" v="392 32"/>
  <tag k="addr:street" v="Storgatan"/>
 </node>
 <node id="1068481227" visible="true" version="1" changeset="6783140" timestamp="2010-12-27T22:41:44Z" user="izzor" uid="12294" lat="56.6642840" lon="16.3639752"/>
 <node id="1068481245" visible="true" version="1" changeset="6783140" timestamp="2010-12-27T22:41:44Z" user="izzor" uid="12294" lat="56.6650971" lon="16.3655471"/>
 <node id="1068481294" visible="true" version="1" changeset="6783140" timestamp="2010-12-27T22:41:45Z" user="izzor" uid="12294" lat="56.6650954" lon="16.3653613"/>
 <node id="1068481337" visible="true" version="1" changeset="6783140" timestamp="2010-12-27T22:41:46Z" user="izzor" uid="12294" lat="56.6639477" lon="16.3645040"/>
 <node id="1068481342" visible="true" version="2" changeset="29282216" timestamp="2015-03-06T05:13:06Z" user="Fringillus" uid="505284" lat="56.6643100" lon="16.3642699">
  <tag k="addr:city" v="Kalmar"/>
  <tag k="addr:country" v="SE"/>
  <tag k="addr:housenumber" v="34"/>
  <tag k="addr:postcode" v="392 32"/>
  <tag k="addr:street" v="Norra Långgatan"/>
 </node>
 <node id="1068481343" visible="true" version="1" changeset="6783140" timestamp="2010-12-27T22:41:46Z" user="izzor" uid="12294" lat="56.6652902" lon="16.3653600"/>
 <node id="1068481379" visible="true" version="1" changeset="6783140" timestamp="2010-12-27T22:41:47Z" user="izzor" uid="12294" lat="56.6649438" lon="16.3652434"/>
 <node id="1068481389" visible="true" version="1" changeset="6783140" timestamp="2010-12-27T22:41:47Z" user="izzor" uid="12294" lat="56.6649277" lon="16.3650345"/>
 <node id="1068481432" visible="true" version="1" changeset="6783140" timestamp="2010-12-27T22:41:48Z" user="izzor" uid="12294" lat="56.6650005" lon="16.3654552"/>
 <node id="1068481434" visible="true" version="1" changeset="6783140" timestamp="2010-12-27T22:41:48Z" user="izzor" uid="12294" lat="56.6637485" lon="16.3642490"/>
 <node id="1068481438" visible="true" version="1" changeset="6783140" timestamp="2010-12-27T22:41:48Z" user="izzor" uid="12294" lat="56.6651002" lon="16.3647418"/>
 <node id="1068481449" visible="true" version="1" changeset="6783140" timestamp="2010-12-27T22:41:48Z" user="izzor" uid="12294" lat="56.6650160" lon="16.3654124"/>
 <node id="1068481480" visible="true" version="1" changeset="6783140" timestamp="2010-12-27T22:41:49Z" user="izzor" uid="12294" lat="56.6651568" lon="16.3650521"/>
 <node id="1068481499" visible="true" version="3" changeset="29282216" timestamp="2015-03-06T05:12:18Z" user="Fringillus" uid="505284" lat="56.6641347" lon="16.3635463">
  <tag k="addr:city" v="Kalmar"/>
  <tag k="addr:country" v="SE"/>
  <tag k="addr:housenumber" v="28"/>
  <tag k="addr:postcode" v="392 32"/>
  <tag k="addr:street" v="Norra Långgatan"/>
 </node>
 <node id="1068481530" visible="true" version="1" changeset="6783140" timestamp="2010-12-27T22:41:51Z" user="izzor" uid="12294" lat="56.6647536" lon="16.3651996"/>
 <node id="1068481540" visible="true" version="1" changeset="6783140" timestamp="2010-12-27T22:41:51Z" user="izzor" uid="12294" lat="56.6642338" lon="16.3642388"/>
 <node id="1068481582" visible="true" version="2" changeset="29282216" timestamp="2015-03-06T05:11:01Z" user="Fringillus" uid="505284" lat="56.6642084" lon="16.3646463">
  <tag k="addr:city" v="Kalmar"/>
  <tag k="addr:country" v="SE"/>
  <tag k="addr:housenumber" v="19B"/>
  <tag k="addr:postcode" v="392 32"/>
  <tag k="addr:street" v="Västra Sjögatan"/>
 </node>
 <node id="1068481591" visible="true" version="1" changeset="6783140" timestamp="2010-12-27T22:41:53Z" user="izzor" uid="12294" lat="56.6649947" lon="16.3654319"/>
 <node id="1068481613" visible="true" version="2" changeset="29282216" timestamp="2015-03-06T05:11:02Z" user="Fringillus" uid="505284" lat="56.6641464" lon="16.3643931">
  <tag k="addr:city" v="Kalmar"/>
  <tag k="addr:country" v="SE"/>
  <tag k="addr:housenumber" v="19C"/>
  <tag k="addr:postcode" v="392 32"/>
  <tag k="addr:street" v="Västra Sjögatan"/>
 </node>
 <node id="1068481652" visible="true" version="2" changeset="29282216" timestamp="2015-03-06T05:12:47Z" user="Fringillus" uid="505284" lat="56.6641972" lon="16.3637943">
  <tag k="addr:city" v="Kalmar"/>
  <tag k="addr:country" v="SE"/>
  <tag k="addr:housenumber" v="30"/>
  <tag k="addr:postcode" v="392 32"/>
  <tag k="addr:street" v="Norra Långgatan"/>
 </node>
 <node id="1068481664" visible="true" version="1" changeset="6783140" timestamp="2010-12-27T22:41:56Z" user="izzor" uid="12294" lat="56.6644480" lon="16.3645583"/>
 <node id="1068481681" visible="true" version="1" changeset="6783140" timestamp="2010-12-27T22:41:56Z" user="izzor" uid="12294" lat="56.6650740" lon="16.3648376"/>
 <node id="1068481682" visible="true" version="1" changeset="6783140" timestamp="2010-12-27T22:41:56Z" user="izzor" uid="12294" lat="56.6643066" lon="16.3645008"/>
 <node id="1068481706" visible="true" version="1" changeset="6783140" timestamp="2010-12-27T22:41:57Z" user="izzor" uid="12294" lat="56.6638899" lon="16.3636878"/>
 <node id="1068481712" visible="true" version="1" changeset="6783140" timestamp="2010-12-27T22:41:57Z" user="izzor" uid="12294" lat="56.6651647" lon="16.3649100"/>
 <node id="1068481716" visible="true" version="1" changeset="6783140" timestamp="2010-12-27T22:41:57Z" user="izzor" uid="12294" lat="56.6651951" lon="16.3654515"/>
 <node id="1068481725" visible="true" version="1" changeset="6783140" timestamp="2010-12-27T22:41:58Z" user="izzor" uid="12294" lat="56.6639705" lon="16.3650185"/>
 <node id="1068481731" visible="true" version="1" changeset="6783140" timestamp="2010-12-27T22:41:58Z" user="izzor" uid="12294" lat="56.6642124" lon="16.3644214"/>
 <node id="1068481737" visible="true" version="1" changeset="6783140" timestamp="2010-12-27T22:41:58Z" user="izzor" uid="12294" lat="56.6651821" lon="16.3649695"/>
 <node id="1068481760" visible="true" version="1" changeset="6783140" timestamp="2010-12-27T22:41:59Z" user="izzor" uid="12294" lat="56.6641685" lon="16.3645518"/>
 <node id="1068481768" visible="true" version="1" changeset="6783140" timestamp="2010-12-27T22:41:59Z" user="izzor" uid="12294" lat="56.6640592" lon="16.3644007"/>
 <node id="1068481788" visible="true" version="1" changeset="6783140" timestamp="2010-12-27T22:42:00Z" user="izzor" uid="12294" lat="56.6648452" lon="16.3652394"/>
 <node id="1068481807" visible="true" version="4" changeset="169495029" timestamp="2025-07-26T09:21:03Z" user="aleajacta" uid="22339718" lat="56.6642492" lon="16.3665569">
  <tag k="addr:city" v="Kalmar"/>
  <tag k="addr:country" v="SE"/>
  <tag k="addr:housenumber" v="14"/>
  <tag k="addr:postcode" v="392 32"/>
  <tag k="addr:street" v="Östra Sjögatan"/>
  <tag k="entrance" v="main"/>
 </node>
 <node id="1068481827" visible="true" version="1" changeset="6783140" timestamp="2010-12-27T22:42:01Z" user="izzor" uid="12294" lat="56.6639425" lon="16.3638548"/>
 <node id="1068481842" visible="true" version="2" changeset="29282216" timestamp="2015-03-06T05:11:35Z" user="Fringillus" uid="505284" lat="56.6643118" lon="16.3646532">
  <tag k="addr:city" v="Kalmar"/>
  <tag k="addr:country" v="SE"/>
  <tag k="addr:housenumber" v="21"/>
  <tag k="addr:postcode" v="392 32"/>
  <tag k="addr:street" v="Västra Sjögatan"/>
 </node>
 <node id="1068481851" visible="true" version="1" changeset="6783140" timestamp="2010-12-27T22:42:02Z" user="izzor" uid="12294" lat="56.6651264" lon="16.3653315"/>
 <node id="1068481869" visible="true" version="1" changeset="6783140" timestamp="2010-12-27T22:42:03Z" user="izzor" uid="12294" lat="56.6640660" lon="16.3649330"/>
 <node id="1068481880" visible="true" version="2" changeset="29282216" timestamp="2015-03-06T05:11:48Z" user="Fringillus" uid="505284" lat="56.6643983" lon="16.3645505">
  <tag k="addr:city" v="Kalmar"/>
  <tag k="addr:country" v="SE"/>
  <tag k="addr:housenumber" v="23"/>
  <tag k="addr:postcode" v="392 32"/>
  <tag k="addr:street" v="Västra Sjögatan"/>
 </node>
 <node id="1068481886" visible="true" version="1" changeset="6783140" timestamp="2010-12-27T22:42:03Z" user="izzor" uid="12294" lat="56.6642636" lon="16.3643461"/>
 <node id="1068481939" visible="true" version="1" changeset="6783140" timestamp="2010-12-27T22:42:05Z" user="izzor" uid="12294" lat="56.6649504" lon="16.3655026"/>
 <node id="1068481943" visible="true" version="1" changeset="6783140" timestamp="2010-12-27T22:42:05Z" user="izzor" uid="12294" lat="56.6643321" lon="16.3641477"/>
 <node id="1068481993" visible="true" version="1" changeset="6783140" timestamp="2010-12-27T22:42:07Z" user="izzor" uid="12294" lat="56.6651336" lon="16.3650745"/>
 <node id="1068482009" visible="true" version="2" changeset="29282216" timestamp="2015-03-06T05:11:26Z" user="Fringillus" uid="505284" lat="56.6650917" lon="16.3658095">
  <tag k="addr:city" v="Kalmar"/>
  <tag k="addr:country" v="SE"/>
  <tag k="addr:housenumber" v="20"/>
  <tag k="addr:postcode" v="392 31"/>
  <tag k="addr:street" v="Östra Sjögatan"/>
 </node>
 <node id="1068482019" visible="true" version="1" changeset="6783140" timestamp="2010-12-27T22:42:08Z" user="izzor" uid="12294" lat="56.6651921" lon="16.3650917"/>
 <node id="1068482057" visible="true" version="2" changeset="29282216" timestamp="2015-03-06T05:12:01Z" user="Fringillus" uid="505284" lat="56.6637148" lon="16.3640343">
  <tag k="addr:city" v="Kalmar"/>
  <tag k="addr:country" v="SE"/>
  <tag k="addr:housenumber" v="25"/>
  <tag k="addr:postcode" v="392 32"/>
  <tag k="addr:street" v="Storgatan"/>
 </node>
 <node id="1068482065" visible="true" version="1" changeset="6783140" timestamp="2010-12-27T22:42:10Z" user="izzor" uid="12294" lat="56.6649424" lon="16.3654746"/>
 <node id="1068482073" visible="true" version="2" changeset="29282216" timestamp="2015-03-06T05:10:59Z" user="Fringillus" uid="505284" lat="56.6642084" lon="16.3647524">
  <tag k="addr:city" v="Kalmar"/>
  <tag k="addr:country" v="SE"/>
  <tag k="addr:housenumber" v="19A"/>
  <tag k="addr:postcode" v="392 32"/>
  <tag k="addr:street" v="Västra Sjögatan"/>
 </node>
 <node id="1068482074" visible="true" version="1" changeset="6783140" timestamp="2010-12-27T22:42:10Z" user="izzor" uid="12294" lat="56.6650419" lon="16.3656001"/>
 <node id="1068482084" visible="true" version="1" changeset="6783140" timestamp="2010-12-27T22:42:11Z" user="izzor" uid="12294" lat="56.6640200" lon="16.3647660"/>
 <node id="1068482089" visible="true" version="1" changeset="6783140" timestamp="2010-12-27T22:42:11Z" user="izzor" uid="12294" lat="56.6651871" lon="16.3652579"/>
 <node id="1068482117" visible="true" version="1" changeset="6783140" timestamp="2010-12-27T22:42:13Z" user="izzor" uid="12294" lat="56.6650925" lon="16.3651024"/>
 <node id="1068482119" visible="true" version="1" changeset="6783140" timestamp="2010-12-27T22:42:13Z" user="izzor" uid="12294" lat="56.6644058" lon="16.3644077"/>
 <node id="1068482134" visible="true" version="1" changeset="6783140" timestamp="2010-12-27T22:42:14Z" user="izzor" uid="12294" lat="56.6651739" lon="16.3649416"/>
 <node id="1068482137" visible="true" version="2" changeset="29282216" timestamp="2015-03-06T05:10:38Z" user="Fringillus" uid="505284" lat="56.6641163" lon="16.3648311">
  <tag k="addr:city" v="Kalmar"/>
  <tag k="addr:country" v="SE"/>
  <tag k="addr:housenumber" v="17"/>
  <tag k="addr:postcode" v="392 32"/>
  <tag k="addr:street" v="Västra Sjögatan"/>
 </node>
 <node id="1068482138" visible="true" version="1" changeset="6783140" timestamp="2010-12-27T22:42:14Z" user="izzor" uid="12294" lat="56.6650736" lon="16.3653828"/>
 <node id="1068482144" visible="true" version="2" changeset="29282216" timestamp="2015-03-06T05:10:41Z" user="Fringillus" uid="505284" lat="56.6650604" lon="16.3655357">
  <tag k="addr:city" v="Kalmar"/>
  <tag k="addr:country" v="SE"/>
  <tag k="addr:housenumber" v="17A"/>
  <tag k="addr:postcode" v="392 31"/>
  <tag k="addr:street" v="Östra Sjögatan"/>
 </node>
 <node id="1068482146" visible="true" version="1" changeset="6783140" timestamp="2010-12-27T22:42:15Z" user="izzor" uid="12294" lat="56.6642578" lon="16.3645770"/>
 <node id="1068482150" visible="true" version="1" changeset="6783140" timestamp="2010-12-27T22:42:15Z" user="izzor" uid="12294" lat="56.6651436" lon="16.3650067"/>
 <node id="1068482155" visible="true" version="2" changeset="29282216" timestamp="2015-03-06T05:10:43Z" user="Fringillus" uid="505284" lat="56.6649918" lon="16.3651657">
  <tag k="addr:city" v="Kalmar"/>
  <tag k="addr:country" v="SE"/>
  <tag k="addr:housenumber" v="17B"/>
  <tag k="addr:postcode" v="392 31"/>
  <tag k="addr:street" v="Östra Sjögatan"/>
 </node>
 <node id="1068482158" visible="true" version="1" changeset="6783140" timestamp="2010-12-27T22:42:16Z" user="izzor" uid="12294" lat="56.6641831" lon="16.3646261"/>
 <node id="1068482175" visible="true" version="1" changeset="6783140" timestamp="2010-12-27T22:42:17Z" user="izzor" uid="12294" lat="56.6647821" lon="16.3652992"/>
 <node id="1068482177" visible="true" version="1" changeset="6783140" timestamp="2010-12-27T22:42:17Z" user="izzor" uid="12294" lat="56.6639892" lon="16.3640245"/>
 <node id="1068482192" visible="true" version="1" changeset="6783140" timestamp="2010-12-27T22:42:19Z" user="izzor" uid="12294" lat="56.6641832" lon="16.3636249"/>
 <node id="1068482200" visible="true" version="1" changeset="6783140" timestamp="2010-12-27T22:42:20Z" user="izzor" uid="12294" lat="56.6651198" lon="16.3653092"/>
 <node id="1068482211" visible="true" version="1" changeset="6783140" timestamp="2010-12-27T22:42:20Z" user="izzor" uid="12294" lat="56.6642208" lon="16.3646176"/>
 <node id="1068482234" visible="true" version="1" changeset="6783140" timestamp="2010-12-27T22:42:22Z" user="izzor" uid="12294" lat="56.6641816" lon="16.3648223"/>
 <node id="1068482252" visible="true" version="2" changeset="29282216" timestamp="2015-03-06T05:12:13Z" user="Fringillus" uid="505284" lat="56.6638220" lon="16.3643969">
  <tag k="addr:city" v="Kalmar"/>
  <tag k="addr:country" v="SE"/>
  <tag k="addr:housenumber" v="27"/>
  <tag k="addr:postcode" v="392 32"/>
  <tag k="addr:street" v="Storgatan"/>
 </node>
 <node id="1068482263" visible="true" version="1" changeset="6783140" timestamp="2010-12-27T22:42:23Z" user="izzor" uid="12294" lat="56.6649058" lon="16.3657288"/>
 <node id="1068482268" visible="true" version="2" changeset="29282216" timestamp="2015-03-06T05:11:47Z" user="Fringillus" uid="505284" lat="56.6636396" lon="16.3637674">
  <tag k="addr:city" v="Kalmar"/>
  <tag k="addr:country" v="SE"/>
  <tag k="addr:housenumber" v="23"/>
  <tag k="addr:postcode" v="392 32"/>
  <tag k="addr:street" v="Storgatan"/>
 </node>
 <node id="1068482272" visible="true" version="1" changeset="6783140" timestamp="2010-12-27T22:42:24Z" user="izzor" uid="12294" lat="56.6651520" lon="16.3653063"/>
 <node id="1068482288" visible="true" version="1" changeset="6783140" timestamp="2010-12-27T22:42:25Z" user="izzor" uid="12294" lat="56.6650890" lon="16.3653395"/>
 <node id="1068482299" visible="true" version="1" changeset="6783140" timestamp="2010-12-27T22:42:26Z" user="izzor" uid="12294" lat="56.6642692" lon="16.3643662"/>
 <node id="1068482303" visible="true" version="1" changeset="6783140" timestamp="2010-12-27T22:42:26Z" user="izzor" uid="12294" lat="56.6652075" lon="16.3650768"/>
 <node id="1068482313" visible="true" version="1" changeset="6783140" timestamp="2010-12-27T22:42:27Z" user="izzor" uid="12294" lat="56.6649218" lon="16.3651667"/>
 <node id="1068482315" visible="true" version="1" changeset="6783140" timestamp="2010-12-27T22:42:27Z" user="izzor" uid="12294" lat="56.6649147" lon="16.3649887"/>
 <node id="1068482317" visible="true" version="1" changeset="6783140" timestamp="2010-12-27T22:42:27Z" user="izzor" uid="12294" lat="56.6638508" lon="16.3645939"/>
 <node id="1068482327" visible="true" version="1" changeset="6783140" timestamp="2010-12-27T22:42:28Z" user="izzor" uid="12294" lat="56.6649187" lon="16.3654970"/>
 <node id="1068482333" visible="true" version="1" changeset="6783140" timestamp="2010-12-27T22:42:28Z" user="izzor" uid="12294" lat="56.6650009" lon="16.3653578"/>
 <node id="1068482347" visible="true" version="1" changeset="6783140" timestamp="2010-12-27T22:42:29Z" user="izzor" uid="12294" lat="56.6639751" lon="16.3648153"/>
 <node id="1068482352" visible="true" version="1" changeset="6783140" timestamp="2010-12-27T22:42:29Z" user="izzor" uid="12294" lat="56.6652289" lon="16.3652176"/>
 <node id="1068482361" visible="true" version="1" changeset="6783140" timestamp="2010-12-27T22:42:30Z" user="izzor" uid="12294" lat="56.6641407" lon="16.3644579"/>
 <node id="1068482369" visible="true" version="1" changeset="6783140" timestamp="2010-12-27T22:42:31Z" user="izzor" uid="12294" lat="56.6643221" lon="16.3644862"/>
 <node id="1068482391" visible="true" version="1" changeset="6783140" timestamp="2010-12-27T22:42:33Z" user="izzor" uid="12294" lat="56.6650359" lon="16.3653258"/>
 <node id="1068482400" visible="true" version="1" changeset="6783140" timestamp="2010-12-27T22:42:34Z" user="izzor" uid="12294" lat="56.6651169" lon="16.3655285"/>
 <node id="1068482403" visible="true" version="1" changeset="6783140" timestamp="2010-12-27T22:42:34Z" user="izzor" uid="12294" lat="56.6639755" lon="16.3646047"/>
 <node id="1068482411" visible="true" version="1" changeset="6783140" timestamp="2010-12-27T22:42:35Z" user="izzor" uid="12294" lat="56.6639297" lon="16.3646499"/>
 <node id="1068482415" visible="true" version="1" changeset="6783140" timestamp="2010-12-27T22:42:35Z" user="izzor" uid="12294" lat="56.6650650" lon="16.3650060"/>
 <node id="1068482428" visible="true" version="1" changeset="6783140" timestamp="2010-12-27T22:42:36Z" user="izzor" uid="12294" lat="56.6641615" lon="16.3646148"/>
 <node id="1068482434" visible="true" version="1" changeset="6783140" timestamp="2010-12-27T22:42:37Z" user="izzor" uid="12294" lat="56.6643637" lon="16.3646404"/>
 <node id="1068482444" visible="true" version="1" changeset="6783140" timestamp="2010-12-27T22:42:37Z" user="izzor" uid="12294" lat="56.6651100" lon="16.3649633"/>
 <node id="1068482445" visible="true" version="1" changeset="6783140" timestamp="2010-12-27T22:42:37Z" user="izzor" uid="12294" lat="56.6640433" lon="16.3642052"/>
 <node id="1068482461" visible="true" version="1" changeset="6783140" timestamp="2010-12-27T22:42:39Z" user="izzor" uid="12294" lat="56.6636477" lon="16.3639068"/>
 <node id="1068482502" visible="true" version="1" changeset="6783140" timestamp="2010-12-27T22:42:40Z" user="izzor" uid="12294" lat="56.6642139" lon="16.3645966"/>
 <node id="1068482506" visible="true" version="2" changeset="29282216" timestamp="2015-03-06T05:12:56Z" user="Fringillus" uid="505284" lat="56.6642799" lon="16.3640749">
  <tag k="addr:city" v="Kalmar"/>
  <tag k="addr:country" v="SE"/>
  <tag k="addr:housenumber" v="32"/>
  <tag k="addr:postcode" v="392 32"/>
  <tag k="addr:street" v="Norra Långgatan"/>
 </node>
 <node id="1068482517" visible="true" version="1" changeset="6783140" timestamp="2010-12-27T22:42:40Z" user="izzor" uid="12294" lat="56.6652548" lon="16.3652389"/>
 <node id="1068482542" visible="true" version="1" changeset="6783140" timestamp="2010-12-27T22:42:41Z" user="izzor" uid="12294" lat="56.6641531" lon="16.3645686"/>
 <node id="1068482569" visible="true" version="1" changeset="6783140" timestamp="2010-12-27T22:42:41Z" user="izzor" uid="12294" lat="56.6643518" lon="16.3646569"/>
 <node id="1070480523" visible="true" version="2" changeset="29282216" timestamp="2015-03-06T05:12:12Z" user="Fringillus" uid="505284" lat="56.6644275" lon="16.3638616">
  <tag k="addr:city" v="Kalmar"/>
  <tag k="addr:country" v="SE"/>
  <tag k="addr:housenumber" v="27"/>
  <tag k="addr:postcode" v="392 32"/>
  <tag k="addr:street" v="Norra Långgatan"/>
 </node>
 <node id="1070480809" visible="true" version="2" changeset="29282216" timestamp="2015-03-06T05:13:05Z" user="Fringillus" uid="505284" lat="56.6648869" lon="16.3636852">
  <tag k="addr:city" v="Kalmar"/>
  <tag k="addr:country" v="SE"/>
  <tag k="addr:housenumber" v="34"/>
  <tag k="addr:postcode" v="392 32"/>
  <tag k="addr:street" v="Fiskaregatan"/>
 </node>
 <node id="1070480933" visible="true" version="2" changeset="29282216" timestamp="2015-03-06T05:12:22Z" user="Fringillus" uid="505284" lat="56.6645097" lon="16.3642068">
  <tag k="addr:city" v="Kalmar"/>
  <tag k="addr:country" v="SE"/>
  <tag k="addr:housenumber" v="29"/>
  <tag k="addr:postcode" v="392 32"/>
  <tag k="addr:street" v="Norra Långgatan"/>
 </node>
 <node id="1070481090" visible="true" version="2" changeset="29282216" timestamp="2015-03-06T05:12:00Z" user="Fringillus" uid="505284" lat="56.6643601" lon="16.3636469">
  <tag k="addr:city" v="Kalmar"/>
  <tag k="addr:country" v="SE"/>
  <tag k="addr:housenumber" v="25"/>
  <tag k="addr:postcode" v="392 32"/>
  <tag k="addr:street" v="Norra Långgatan"/>
 </node>
 <node id="1072311714" visible="true" version="1" changeset="6806352" timestamp="2010-12-30T07:56:11Z" user="izzor" uid="12294" lat="56.6632889" lon="16.3643599"/>
 <node id="1072311721" visible="true" version="1" changeset="6806352" timestamp="2010-12-30T07:56:11Z" user="izzor" uid="12294" lat="56.6634557" lon="16.3641470"/>
 <node id="1072311722" visible="true" version="1" changeset="6806352" timestamp="2010-12-30T07:56:11Z" user="izzor" uid="12294" lat="56.6637400" lon="16.3652379"/>
 <node id="1072311728" visible="true" version="1" changeset="6806352" timestamp="2010-12-30T07:56:11Z" user="izzor" uid="12294" lat="56.6632766" lon="16.3646130"/>
 <node id="1072311739" visible="true" version="3" changeset="29282216" timestamp="2015-03-06T05:11:28Z" user="Fringillus" uid="505284" lat="56.6634829" lon="16.3637712">
  <tag k="addr:city" v="Kalmar"/>
  <tag k="addr:country" v="SE"/>
  <tag k="addr:housenumber" v="20A"/>
  <tag k="addr:postcode" v="392 32"/>
  <tag k="addr:street" v="Storgatan"/>
 </node>
 <node id="1072311744" visible="true" version="1" changeset="6806352" timestamp="2010-12-30T07:56:12Z" user="izzor" uid="12294" lat="56.6633042" lon="16.3640228"/>
 <node id="1072311750" visible="true" version="1" changeset="6806352" timestamp="2010-12-30T07:56:12Z" user="izzor" uid="12294" lat="56.6631112" lon="16.3640637"/>
 <node id="1072311756" visible="true" version="1" changeset="6806352" timestamp="2010-12-30T07:56:12Z" user="izzor" uid="12294" lat="56.6634691" lon="16.3647255"/>
 <node id="1072311768" visible="true" version="1" changeset="6806352" timestamp="2010-12-30T07:56:12Z" user="izzor" uid="12294" lat="56.6629815" lon="16.3641104"/>
 <node id="1072311773" visible="true" version="1" changeset="6806352" timestamp="2010-12-30T07:56:13Z" user="izzor" uid="12294" lat="56.6635963" lon="16.3653711"/>
 <node id="1072311790" visible="true" version="1" changeset="6806352" timestamp="2010-12-30T07:56:13Z" user="izzor" uid="12294" lat="56.6636582" lon="16.3643318"/>
 <node id="1072311807" visible="true" version="1" changeset="6806352" timestamp="2010-12-30T07:56:13Z" user="izzor" uid="12294" lat="56.6635847" lon="16.3653310"/>
 <node id="1072311828" visible="true" version="1" changeset="6806352" timestamp="2010-12-30T07:56:14Z" user="izzor" uid="12294" lat="56.6629308" lon="16.3639359"/>
 <node id="1072311832" visible="true" version="1" changeset="6806352" timestamp="2010-12-30T07:56:14Z" user="izzor" uid="12294" lat="56.6634143" lon="16.3639671"/>
 <node id="1072311835" visible="true" version="1" changeset="6806352" timestamp="2010-12-30T07:56:14Z" user="izzor" uid="12294" lat="56.6632053" lon="16.3657175"/>
 <node id="1072311843" visible="true" version="1" changeset="6806352" timestamp="2010-12-30T07:56:14Z" user="izzor" uid="12294" lat="56.6625577" lon="16.3651566"/>
 <node id="1072311851" visible="true" version="1" changeset="6806352" timestamp="2010-12-30T07:56:15Z" user="izzor" uid="12294" lat="56.6631234" lon="16.3641884"/>
 <node id="1072311863" visible="true" version="1" changeset="6806352" timestamp="2010-12-30T07:56:15Z" user="izzor" uid="12294" lat="56.6634411" lon="16.3643759"/>
 <node id="1072311867" visible="true" version="1" changeset="6806352" timestamp="2010-12-30T07:56:15Z" user="izzor" uid="12294" lat="56.6632410" lon="16.3639618"/>
 <node id="1072311894" visible="true" version="2" changeset="29282216" timestamp="2015-03-06T05:11:31Z" user="Fringillus" uid="505284" lat="56.6633012" lon="16.3639471">
  <tag k="addr:city" v="Kalmar"/>
  <tag k="addr:country" v="SE"/>
  <tag k="addr:housenumber" v="20D"/>
  <tag k="addr:postcode" v="392 32"/>
  <tag k="addr:street" v="Storgatan"/>
 </node>
 <node id="1072311895" visible="true" version="1" changeset="6806352" timestamp="2010-12-30T07:56:16Z" user="izzor" uid="12294" lat="56.6638817" lon="16.3651016"/>
 <node id="1072311899" visible="true" version="1" changeset="6806352" timestamp="2010-12-30T07:56:16Z" user="izzor" uid="12294" lat="56.6629608" lon="16.3650079"/>
 <node id="1072311910" visible="true" version="1" changeset="6806352" timestamp="2010-12-30T07:56:17Z" user="izzor" uid="12294" lat="56.6630414" lon="16.3647025"/>
 <node id="1072311917" visible="true" version="1" changeset="6806352" timestamp="2010-12-30T07:56:17Z" user="izzor" uid="12294" lat="56.6632624" lon="16.3640271"/>
 <node id="1072311924" visible="true" version="1" changeset="6806352" timestamp="2010-12-30T07:56:17Z" user="izzor" uid="12294" lat="56.6631915" lon="16.3639887"/>
 <node id="1072311930" visible="true" version="1" changeset="6806352" timestamp="2010-12-30T07:56:17Z" user="izzor" uid="12294" lat="56.6631796" lon="16.3647926"/>
 <node id="1072312002" visible="true" version="1" changeset="6806352" timestamp="2010-12-30T07:56:18Z" user="izzor" uid="12294" lat="56.6635222" lon="16.3649082"/>
 <node id="1072312013" visible="true" version="1" changeset="6806352" timestamp="2010-12-30T07:56:19Z" user="izzor" uid="12294" lat="56.6636028" lon="16.3653135"/>
 <node id="1072312036" visible="true" version="1" changeset="6806352" timestamp="2010-12-30T07:56:19Z" user="izzor" uid="12294" lat="56.6634381" lon="16.3640490"/>
 <node id="1072312040" visible="true" version="1" changeset="6806352" timestamp="2010-12-30T07:56:19Z" user="izzor" uid="12294" lat="56.6633046" lon="16.3656231"/>
 <node id="1072312068" visible="true" version="2" changeset="29282216" timestamp="2015-03-06T05:11:32Z" user="Fringillus" uid="505284" lat="56.6633226" lon="16.3641501">
  <tag k="addr:city" v="Kalmar"/>
  <tag k="addr:country" v="SE"/>
  <tag k="addr:housenumber" v="20F"/>
  <tag k="addr:postcode" v="392 32"/>
  <tag k="addr:street" v="Storgatan"/>
 </node>
 <node id="1072312070" visible="true" version="1" changeset="6806352" timestamp="2010-12-30T07:56:21Z" user="izzor" uid="12294" lat="56.6633491" lon="16.3645021"/>
 <node id="1072312073" visible="true" version="1" changeset="6806352" timestamp="2010-12-30T07:56:21Z" user="izzor" uid="12294" lat="56.6634831" lon="16.3637290"/>
 <node id="1072312074" visible="true" version="1" changeset="6806352" timestamp="2010-12-30T07:56:21Z" user="izzor" uid="12294" lat="56.6635967" lon="16.3652823"/>
 <node id="1072312098" visible="true" version="1" changeset="6806352" timestamp="2010-12-30T07:56:21Z" user="izzor" uid="12294" lat="56.6634410" lon="16.3638710"/>
 <node id="1072312100" visible="true" version="1" changeset="6806352" timestamp="2010-12-30T07:56:22Z" user="izzor" uid="12294" lat="56.6634805" lon="16.3645515"/>
 <node id="1072312107" visible="true" version="1" changeset="6806352" timestamp="2010-12-30T07:56:22Z" user="izzor" uid="12294" lat="56.6627588" lon="16.3651998"/>
 <node id="1072312123" visible="true" version="1" changeset="6806352" timestamp="2010-12-30T07:56:22Z" user="izzor" uid="12294" lat="56.6631449" lon="16.3641231"/>
 <node id="1072312149" visible="true" version="1" changeset="6806352" timestamp="2010-12-30T07:56:23Z" user="izzor" uid="12294" lat="56.6634021" lon="16.3655585"/>
 <node id="1072312186" visible="true" version="1" changeset="6806352" timestamp="2010-12-30T07:56:23Z" user="izzor" uid="12294" lat="56.6630786" lon="16.3644448"/>
 <node id="1072312210" visible="true" version="2" changeset="29282216" timestamp="2015-03-06T05:12:08Z" user="Fringillus" uid="505284" lat="56.6636568" lon="16.3644519">
  <tag k="addr:city" v="Kalmar"/>
  <tag k="addr:country" v="SE"/>
  <tag k="addr:housenumber" v="26"/>
  <tag k="addr:postcode" v="392 32"/>
  <tag k="addr:street" v="Storgatan"/>
 </node>
 <node id="1072312222" visible="true" version="1" changeset="6806352" timestamp="2010-12-30T07:56:24Z" user="izzor" uid="12294" lat="56.6633719" lon="16.3642876"/>
 <node id="1072312224" visible="true" version="1" changeset="6806352" timestamp="2010-12-30T07:56:24Z" user="izzor" uid="12294" lat="56.6636176" lon="16.3648165"/>
 <node id="1072312237" visible="true" version="1" changeset="6806352" timestamp="2010-12-30T07:56:24Z" user="izzor" uid="12294" lat="56.6629702" lon="16.3649155"/>
 <node id="1072312239" visible="true" version="1" changeset="6806352" timestamp="2010-12-30T07:56:24Z" user="izzor" uid="12294" lat="56.6631293" lon="16.3646195"/>
 <node id="1072312263" visible="true" version="1" changeset="6806352" timestamp="2010-12-30T07:56:25Z" user="izzor" uid="12294" lat="56.6635572" lon="16.3639840"/>
 <node id="1072312265" visible="true" version="1" changeset="6806352" timestamp="2010-12-30T07:56:25Z" user="izzor" uid="12294" lat="56.6631006" lon="16.3641719"/>
 <node id="1072312279" visible="true" version="1" changeset="6806352" timestamp="2010-12-30T07:56:25Z" user="izzor" uid="12294" lat="56.6632179" lon="16.3638825"/>
 <node id="1072312296" visible="true" version="2" changeset="29282216" timestamp="2015-03-06T05:11:30Z" user="Fringillus" uid="505284" lat="56.6633968" lon="16.3638588">
  <tag k="addr:city" v="Kalmar"/>
  <tag k="addr:country" v="SE"/>
  <tag k="addr:housenumber" v="20C"/>
  <tag k="addr:postcode" v="392 32"/>
  <tag k="addr:street" v="Storgatan"/>
 </node>
 <node id="1072312298" visible="true" version="1" changeset="6806352" timestamp="2010-12-30T07:56:26Z" user="izzor" uid="12294" lat="56.6633779" lon="16.3646013"/>
 <node id="1072312299" visible="true" version="1" changeset="6806352" timestamp="2010-12-30T07:56:26Z" user="izzor" uid="12294" lat="56.6630302" lon="16.3642701"/>
 <node id="1072312301" visible="true" version="1" changeset="6806352" timestamp="2010-12-30T07:56:26Z" user="izzor" uid="12294" lat="56.6634094" lon="16.3634752"/>
 <node id="1072312302" visible="true" version="1" changeset="6806352" timestamp="2010-12-30T07:56:26Z" user="izzor" uid="12294" lat="56.6635762" lon="16.3653019"/>
 <node id="1072312304" visible="true" version="3" changeset="29282216" timestamp="2015-03-06T05:11:30Z" user="Fringillus" uid="505284" lat="56.6635189" lon="16.3639201">
  <tag k="addr:city" v="Kalmar"/>
  <tag k="addr:country" v="SE"/>
  <tag k="addr:housenumber" v="20B"/>
  <tag k="addr:postcode" v="392 32"/>
  <tag k="addr:street" v="Storgatan"/>
 </node>
 <node id="1072312310" visible="true" version="1" changeset="6806352" timestamp="2010-12-30T07:56:26Z" user="izzor" uid="12294" lat="56.6634570" lon="16.3639261"/>
 <node id="1072312312" visible="true" version="1" changeset="6806352" timestamp="2010-12-30T07:56:26Z" user="izzor" uid="12294" lat="56.6635008" lon="16.3645320"/>
 <node id="1072312319" visible="true" version="1" changeset="6806352" timestamp="2010-12-30T07:56:27Z" user="izzor" uid="12294" lat="56.6632132" lon="16.3657450"/>
 <node id="1072312321" visible="true" version="1" changeset="6806352" timestamp="2010-12-30T07:56:27Z" user="izzor" uid="12294" lat="56.6632213" lon="16.3640971"/>
 <node id="1072312324" visible="true" version="1" changeset="6806352" timestamp="2010-12-30T07:56:27Z" user="izzor" uid="12294" lat="56.6629618" lon="16.3647791"/>
 <node id="1072312341" visible="true" version="2" changeset="29282216" timestamp="2015-03-06T05:12:49Z" user="Fringillus" uid="505284" lat="56.6638017" lon="16.3649335">
  <tag k="addr:city" v="Kalmar"/>
  <tag k="addr:country" v="SE"/>
  <tag k="addr:housenumber" v="30"/>
  <tag k="addr:postcode" v="392 32"/>
  <tag k="addr:street" v="Storgatan"/>
 </node>
 <node id="1072312352" visible="true" version="1" changeset="6806352" timestamp="2010-12-30T07:56:28Z" user="izzor" uid="12294" lat="56.6633857" lon="16.3645078"/>
 <node id="1072312364" visible="true" version="1" changeset="6806352" timestamp="2010-12-30T07:56:28Z" user="izzor" uid="12294" lat="56.6631673" lon="16.3637080"/>
 <node id="1072312365" visible="true" version="1" changeset="6806352" timestamp="2010-12-30T07:56:28Z" user="izzor" uid="12294" lat="56.6636601" lon="16.3650922"/>
 <node id="1072312384" visible="true" version="1" changeset="6806352" timestamp="2010-12-30T07:56:29Z" user="izzor" uid="12294" lat="56.6636086" lon="16.3641610"/>
 <node id="1072312401" visible="true" version="3" changeset="29282216" timestamp="2015-03-06T05:11:42Z" user="Fringillus" uid="505284" lat="56.6635685" lon="16.3640866">
  <tag k="addr:city" v="Kalmar"/>
  <tag k="addr:country" v="SE"/>
  <tag k="addr:housenumber" v="22"/>
  <tag k="addr:postcode" v="392 32"/>
  <tag k="addr:street" v="Storgatan"/>
 </node>
 <node id="1072312404" visible="true" version="1" changeset="6806352" timestamp="2010-12-30T07:56:29Z" user="izzor" uid="12294" lat="56.6635749" lon="16.3645797"/>
 <node id="1072312409" visible="true" version="1" changeset="6806352" timestamp="2010-12-30T07:56:29Z" user="izzor" uid="12294" lat="56.6629420" lon="16.3649424"/>
 <node id="1072312451" visible="true" version="1" changeset="6806352" timestamp="2010-12-30T07:56:30Z" user="izzor" uid="12294" lat="56.6626372" lon="16.3650810"/>
 <node id="1072312452" visible="true" version="1" changeset="6806352" timestamp="2010-12-30T07:56:30Z" user="izzor" uid="12294" lat="56.6632041" lon="16.3641986"/>
 <node id="1072312474" visible="true" version="1" changeset="6806352" timestamp="2010-12-30T07:56:31Z" user="izzor" uid="12294" lat="56.6633136" lon="16.3644447"/>
 <node id="1072312479" visible="true" version="2" changeset="29282216" timestamp="2015-03-06T05:12:59Z" user="Fringillus" uid="505284" lat="56.6634103" lon="16.3654641">
  <tag k="addr:city" v="Kalmar"/>
  <tag k="addr:country" v="SE"/>
  <tag k="addr:housenumber" v="33"/>
  <tag k="addr:postcode" v="392 32"/>
  <tag k="addr:street" v="Södra Långgatan"/>
 </node>
 <node id="1072312489" visible="true" version="1" changeset="6806352" timestamp="2010-12-30T07:56:31Z" user="izzor" uid="12294" lat="56.6634974" lon="16.3641068"/>
 <node id="1072312494" visible="true" version="1" changeset="6806352" timestamp="2010-12-30T07:56:31Z" user="izzor" uid="12294" lat="56.6632416" lon="16.3646466"/>
 <node id="1072312516" visible="true" version="1" changeset="6806352" timestamp="2010-12-30T07:56:32Z" user="izzor" uid="12294" lat="56.6632680" lon="16.3640527"/>
 <node id="1072312518" visible="true" version="1" changeset="6806352" timestamp="2010-12-30T07:56:32Z" user="izzor" uid="12294" lat="56.6635072" lon="16.3650641"/>
 <node id="1072312530" visible="true" version="1" changeset="6806352" timestamp="2010-12-30T07:56:32Z" user="izzor" uid="12294" lat="56.6637063" lon="16.3644974"/>
 <node id="1072312556" visible="true" version="1" changeset="6806352" timestamp="2010-12-30T07:56:33Z" user="izzor" uid="12294" lat="56.6633764" lon="16.3644759"/>
 <node id="1072312557" visible="true" version="1" changeset="6806352" timestamp="2010-12-30T07:56:33Z" user="izzor" uid="12294" lat="56.6632324" lon="16.3642963"/>
 <node id="1072312562" visible="true" version="1" changeset="6806352" timestamp="2010-12-30T07:56:33Z" user="izzor" uid="12294" lat="56.6635674" lon="16.3651814"/>
 <node id="1072312566" visible="true" version="2" changeset="29282216" timestamp="2015-03-06T05:12:19Z" user="Fringillus" uid="505284" lat="56.6637187" lon="16.3646480">
  <tag k="addr:city" v="Kalmar"/>
  <tag k="addr:country" v="SE"/>
  <tag k="addr:housenumber" v="28"/>
  <tag k="addr:postcode" v="392 32"/>
  <tag k="addr:street" v="Storgatan"/>
 </node>
 <node id="1072312576" visible="true" version="1" changeset="6806352" timestamp="2010-12-30T07:56:34Z" user="izzor" uid="12294" lat="56.6635075" lon="16.3646445"/>
 <node id="1072312578" visible="true" version="3" changeset="29282216" timestamp="2015-03-06T05:10:47Z" user="Fringillus" uid="505284" lat="56.6634325" lon="16.3636168">
  <tag k="addr:city" v="Kalmar"/>
  <tag k="addr:country" v="SE"/>
  <tag k="addr:housenumber" v="18"/>
  <tag k="addr:postcode" v="392 32"/>
  <tag k="addr:street" v="Storgatan"/>
 </node>
 <node id="1072312579" visible="true" version="1" changeset="6806352" timestamp="2010-12-30T07:56:34Z" user="izzor" uid="12294" lat="56.6628308" lon="16.3661083"/>
 <node id="1072312598" visible="true" version="1" changeset="6806352" timestamp="2010-12-30T07:56:35Z" user="izzor" uid="12294" lat="56.6632004" lon="16.3641138"/>
 <node id="1072312627" visible="true" version="1" changeset="6806352" timestamp="2010-12-30T07:56:35Z" user="izzor" uid="12294" lat="56.6635289" lon="16.3642915"/>
 <node id="1072312641" visible="true" version="1" changeset="6806352" timestamp="2010-12-30T07:56:36Z" user="izzor" uid="12294" lat="56.6635061" lon="16.3638084"/>
 <node id="1072312647" visible="true" version="1" changeset="6806352" timestamp="2010-12-30T07:56:36Z" user="izzor" uid="12294" lat="56.6636804" lon="16.3650330"/>
 <node id="1072312676" visible="true" version="2" changeset="29282216" timestamp="2015-03-06T05:11:32Z" user="Fringillus" uid="505284" lat="56.6632934" lon="16.3640517">
  <tag k="addr:city" v="Kalmar"/>
  <tag k="addr:country" v="SE"/>
  <tag k="addr:housenumber" v="20E"/>
  <tag k="addr:postcode" v="392 32"/>
  <tag k="addr:street" v="Storgatan"/>
 </node>
 <node id="1072312712" visible="true" version="1" changeset="6806352" timestamp="2010-12-30T07:56:37Z" user="izzor" uid="12294" lat="56.6635111" lon="16.3641538"/>
 <node id="1072312717" visible="true" version="1" changeset="6806352" timestamp="2010-12-30T07:56:38Z" user="izzor" uid="12294" lat="56.6629376" lon="16.3648017"/>
 <node id="1072312721" visible="true" version="1" changeset="6806352" timestamp="2010-12-30T07:56:38Z" user="izzor" uid="12294" lat="56.6632108" lon="16.3645406"/>
 <node id="1072312723" visible="true" version="1" changeset="6806352" timestamp="2010-12-30T07:56:38Z" user="izzor" uid="12294" lat="56.6634897" lon="16.3644938"/>
 <node id="1072312737" visible="true" version="1" changeset="6806352" timestamp="2010-12-30T07:56:38Z" user="izzor" uid="12294" lat="56.6633151" lon="16.3642169"/>
 <node id="1072312756" visible="true" version="1" changeset="6806352" timestamp="2010-12-30T07:56:39Z" user="izzor" uid="12294" lat="56.6631697" lon="16.3643567"/>
 <node id="1072312763" visible="true" version="1" changeset="6806352" timestamp="2010-12-30T07:56:39Z" user="izzor" uid="12294" lat="56.6631869" lon="16.3644581"/>
 <node id="1072312772" visible="true" version="1" changeset="6806352" timestamp="2010-12-30T07:56:40Z" user="izzor" uid="12294" lat="56.6634409" lon="16.3640959"/>
 <node id="1072312776" visible="true" version="1" changeset="6806352" timestamp="2010-12-30T07:56:40Z" user="izzor" uid="12294" lat="56.6631228" lon="16.3637507"/>
 <node id="1072312779" visible="true" version="1" changeset="6806352" timestamp="2010-12-30T07:56:40Z" user="izzor" uid="12294" lat="56.6636156" lon="16.3653575"/>
 <node id="1072312781" visible="true" version="1" changeset="6806352" timestamp="2010-12-30T07:56:40Z" user="izzor" uid="12294" lat="56.6633434" lon="16.3641896"/>
 <node id="1072312783" visible="true" version="1" changeset="6806352" timestamp="2010-12-30T07:56:40Z" user="izzor" uid="12294" lat="56.6632672" lon="16.3645808"/>
 <node id="1072312785" visible="true" version="2" changeset="29282216" timestamp="2015-03-06T05:11:54Z" user="Fringillus" uid="505284" lat="56.6636083" lon="16.3642951">
  <tag k="addr:city" v="Kalmar"/>
  <tag k="addr:country" v="SE"/>
  <tag k="addr:housenumber" v="24"/>
  <tag k="addr:postcode" v="392 32"/>
  <tag k="addr:street" v="Storgatan"/>
 </node>
 <node id="1072312796" visible="true" version="1" changeset="6806352" timestamp="2010-12-30T07:56:41Z" user="izzor" uid="12294" lat="56.6631100" lon="16.3641995"/>
 <node id="1072312799" visible="true" version="1" changeset="6806352" timestamp="2010-12-30T07:56:41Z" user="izzor" uid="12294" lat="56.6633401" lon="16.3641433"/>
 <node id="1072312801" visible="true" version="1" changeset="6806352" timestamp="2010-12-30T07:56:41Z" user="izzor" uid="12294" lat="56.6634210" lon="16.3645599"/>
 <node id="1072312840" visible="true" version="1" changeset="6806352" timestamp="2010-12-30T07:56:42Z" user="izzor" uid="12294" lat="56.6635467" lon="16.3643530"/>
 <node id="1072312844" visible="true" version="1" changeset="6806352" timestamp="2010-12-30T07:56:42Z" user="izzor" uid="12294" lat="56.6636511" lon="16.3650612"/>
 <node id="1072312865" visible="true" version="2" changeset="29282216" timestamp="2015-03-06T05:12:52Z" user="Fringillus" uid="505284" lat="56.6632851" lon="16.3650376">
  <tag k="addr:city" v="Kalmar"/>
  <tag k="addr:country" v="SE"/>
  <tag k="addr:housenumber" v="31"/>
  <tag k="addr:postcode" v="392 32"/>
  <tag k="addr:street" v="Södra Långgatan"/>
 </node>
 <node id="1072312887" visible="true" version="1" changeset="6806352" timestamp="2010-12-30T07:56:43Z" user="izzor" uid="12294" lat="56.6633665" lon="16.3643938"/>
 <node id="1072312890" visible="true" version="1" changeset="6806352" timestamp="2010-12-30T07:56:44Z" user="izzor" uid="12294" lat="56.6635368" lon="16.3644485"/>
 <node id="1072312893" visible="true" version="1" changeset="6806352" timestamp="2010-12-30T07:56:44Z" user="izzor" uid="12294" lat="56.6627059" lon="16.3650157"/>
 <node id="1072312896" visible="true" version="1" changeset="6806352" timestamp="2010-12-30T07:56:44Z" user="izzor" uid="12294" lat="56.6636497" lon="16.3649270"/>
 <node id="1072312924" visible="true" version="1" changeset="6806352" timestamp="2010-12-30T07:56:44Z" user="izzor" uid="12294" lat="56.6631924" lon="16.3640810"/>
 <node id="1072312942" visible="true" version="1" changeset="6806352" timestamp="2010-12-30T07:56:45Z" user="izzor" uid="12294" lat="56.6634289" lon="16.3643338"/>
 <node id="1072312984" visible="true" version="1" changeset="6806352" timestamp="2010-12-30T07:56:46Z" user="izzor" uid="12294" lat="56.6631413" lon="16.3642590"/>
 <node id="1072745630" visible="true" version="2" changeset="29282216" timestamp="2015-03-06T05:14:19Z" user="Fringillus" uid="505284" lat="56.6632378" lon="16.3664382">
  <tag k="addr:city" v="Kalmar"/>
  <tag k="addr:country" v="SE"/>
  <tag k="addr:housenumber" v="4A"/>
  <tag k="addr:postcode" v="392 32"/>
  <tag k="addr:street" v="Västra Sjögatan"/>
 </node>
 <node id="1072745640" visible="true" version="1" changeset="6808750" timestamp="2010-12-30T12:33:06Z" user="izzor" uid="12294" lat="56.6630452" lon="16.3665655"/>
 <node id="1072745643" visible="true" version="1" changeset="6808750" timestamp="2010-12-30T12:33:06Z" user="izzor" uid="12294" lat="56.6635382" lon="16.3657291"/>
 <node id="1072745656" visible="true" version="1" changeset="6808750" timestamp="2010-12-30T12:33:06Z" user="izzor" uid="12294" lat="56.6636287" lon="16.3660265"/>
 <node id="1072745658" visible="true" version="1" changeset="6808750" timestamp="2010-12-30T12:33:06Z" user="izzor" uid="12294" lat="56.6634735" lon="16.3666330"/>
 <node id="1072745659" visible="true" version="1" changeset="6808750" timestamp="2010-12-30T12:33:06Z" user="izzor" uid="12294" lat="56.6635437" lon="16.3664414"/>
 <node id="1072745661" visible="true" version="2" changeset="29282216" timestamp="2015-03-06T05:14:02Z" user="Fringillus" uid="505284" lat="56.6637695" lon="16.3667182">
  <tag k="addr:city" v="Kalmar"/>
  <tag k="addr:country" v="SE"/>
  <tag k="addr:housenumber" v="43"/>
  <tag k="addr:postcode" v="392 31"/>
  <tag k="addr:street" v="Södra Långgatan"/>
 </node>
 <node id="1072745683" visible="true" version="1" changeset="6808750" timestamp="2010-12-30T12:33:07Z" user="izzor" uid="12294" lat="56.6637353" lon="16.3654504"/>
 <node id="1072745687" visible="true" version="2" changeset="29282216" timestamp="2015-03-06T05:13:21Z" user="Fringillus" uid="505284" lat="56.6634985" lon="16.3663689">
  <tag k="addr:city" v="Kalmar"/>
  <tag k="addr:country" v="SE"/>
  <tag k="addr:housenumber" v="38"/>
  <tag k="addr:postcode" v="392 31"/>
  <tag k="addr:street" v="Södra Långgatan"/>
 </node>
 <node id="1072745696" visible="true" version="1" changeset="6808750" timestamp="2010-12-30T12:33:07Z" user="izzor" uid="12294" lat="56.6638679" lon="16.3662689"/>
 <node id="1072745697" visible="true" version="1" changeset="6808750" timestamp="2010-12-30T12:33:07Z" user="izzor" uid="12294" lat="56.6633648" lon="16.3660893"/>
 <node id="1072745698" visible="true" version="1" changeset="6808750" timestamp="2010-12-30T12:33:07Z" user="izzor" uid="12294" lat="56.6636904" lon="16.3657307"/>
 <node id="1072745701" visible="true" version="1" changeset="6808750" timestamp="2010-12-30T12:33:07Z" user="izzor" uid="12294" lat="56.6630097" lon="16.3662773"/>
 <node id="1072745702" visible="true" version="1" changeset="6808750" timestamp="2010-12-30T12:33:08Z" user="izzor" uid="12294" lat="56.6632078" lon="16.3665220"/>
 <node id="1072745703" visible="true" version="1" changeset="6808750" timestamp="2010-12-30T12:33:08Z" user="izzor" uid="12294" lat="56.6638370" lon="16.3661586"/>
 <node id="1072745705" visible="true" version="2" changeset="29282216" timestamp="2015-03-06T05:12:26Z" user="Fringillus" uid="505284" lat="56.6632069" lon="16.3671881">
  <tag k="addr:city" v="Kalmar"/>
  <tag k="addr:country" v="SE"/>
  <tag k="addr:housenumber" v="29B"/>
  <tag k="addr:postcode" v="392 31"/>
  <tag k="addr:street" v="Ölandsgatan"/>
 </node>
 <node id="1072745710" visible="true" version="1" changeset="6808750" timestamp="2010-12-30T12:33:08Z" user="izzor" uid="12294" lat="56.6636621" lon="16.3657619"/>
 <node id="1072745714" visible="true" version="1" changeset="6808750" timestamp="2010-12-30T12:33:08Z" user="izzor" uid="12294" lat="56.6636091" lon="16.3660448"/>
 <node id="1072745738" visible="true" version="1" changeset="6808750" timestamp="2010-12-30T12:33:08Z" user="izzor" uid="12294" lat="56.6638116" lon="16.3666735"/>
 <node id="1072745741" visible="true" version="1" changeset="6808750" timestamp="2010-12-30T12:33:08Z" user="izzor" uid="12294" lat="56.6632124" lon="16.3661444"/>
 <node id="1072745749" visible="true" version="1" changeset="6808750" timestamp="2010-12-30T12:33:09Z" user="izzor" uid="12294" lat="56.6636815" lon="16.3662131"/>
 <node id="1072745751" visible="true" version="2" changeset="29282216" timestamp="2015-03-06T05:13:59Z" user="Fringillus" uid="505284" lat="56.6640086" lon="16.3665006">
  <tag k="addr:city" v="Kalmar"/>
  <tag k="addr:country" v="SE"/>
  <tag k="addr:housenumber" v="42"/>
  <tag k="addr:postcode" v="392 31"/>
  <tag k="addr:street" v="Stortorget"/>
 </node>
 <node id="1072745755" visible="true" version="1" changeset="6808750" timestamp="2010-12-30T12:33:09Z" user="izzor" uid="12294" lat="56.6638958" lon="16.3660155"/>
 <node id="1072745757" visible="true" version="1" changeset="6808750" timestamp="2010-12-30T12:33:09Z" user="izzor" uid="12294" lat="56.6632805" lon="16.3668306"/>
 <node id="1072745759" visible="true" version="2" changeset="29282216" timestamp="2015-03-06T05:11:11Z" user="Fringillus" uid="505284" lat="56.6633362" lon="16.3671709">
  <tag k="addr:city" v="Kalmar"/>
  <tag k="addr:country" v="SE"/>
  <tag k="addr:housenumber" v="1B"/>
  <tag k="addr:postcode" v="392 31"/>
  <tag k="addr:street" v="Östra Sjögatan"/>
 </node>
 <node id="1072745764" visible="true" version="1" changeset="6808750" timestamp="2010-12-30T12:33:09Z" user="izzor" uid="12294" lat="56.6638390" lon="16.3658160"/>
 <node id="1072745766" visible="true" version="1" changeset="6808750" timestamp="2010-12-30T12:33:09Z" user="izzor" uid="12294" lat="56.6631998" lon="16.3673538"/>
 <node id="1072745776" visible="true" version="1" changeset="6808750" timestamp="2010-12-30T12:33:10Z" user="izzor" uid="12294" lat="56.6639313" lon="16.3665548"/>
 <node id="1072745787" visible="true" version="1" changeset="6808750" timestamp="2010-12-30T12:33:10Z" user="izzor" uid="12294" lat="56.6631481" lon="16.3671894"/>
 <node id="1072745798" visible="true" version="1" changeset="6808750" timestamp="2010-12-30T12:33:10Z" user="izzor" uid="12294" lat="56.6635785" lon="16.3670013"/>
 <node id="1072745799" visible="true" version="2" changeset="29282216" timestamp="2015-03-06T05:13:24Z" user="Fringillus" uid="505284" lat="56.6636264" lon="16.3661851">
  <tag k="addr:city" v="Kalmar"/>
  <tag k="addr:country" v="SE"/>
  <tag k="addr:housenumber" v="39"/>
  <tag k="addr:postcode" v="392 31"/>
  <tag k="addr:street" v="Södra Långgatan"/>
 </node>
 <node id="1072745804" visible="true" version="1" changeset="6808750" timestamp="2010-12-30T12:33:10Z" user="izzor" uid="12294" lat="56.6638947" lon="16.3665955"/>
 <node id="1072745807" visible="true" version="1" changeset="6808750" timestamp="2010-12-30T12:33:10Z" user="izzor" uid="12294" lat="56.6632731" lon="16.3663711"/>
 <node id="1072745809" visible="true" version="2" changeset="29282216" timestamp="2015-03-06T05:11:08Z" user="Fringillus" uid="505284" lat="56.6632486" lon="16.3672641">
  <tag k="addr:city" v="Kalmar"/>
  <tag k="addr:country" v="SE"/>
  <tag k="addr:housenumber" v="1A"/>
  <tag k="addr:postcode" v="392 31"/>
  <tag k="addr:street" v="Östra Sjögatan"/>
 </node>
 <node id="1072745824" visible="true" version="1" changeset="6808750" timestamp="2010-12-30T12:33:11Z" user="izzor" uid="12294" lat="56.6630700" lon="16.3662264"/>
 <node id="1072745826" visible="true" version="1" changeset="6808750" timestamp="2010-12-30T12:33:11Z" user="izzor" uid="12294" lat="56.6636506" lon="16.3657220"/>
 <node id="1072745828" visible="true" version="2" changeset="29282216" timestamp="2015-03-06T05:11:23Z" user="Fringillus" uid="505284" lat="56.6635620" lon="16.3673647">
  <tag k="addr:city" v="Kalmar"/>
  <tag k="addr:country" v="SE"/>
  <tag k="addr:housenumber" v="2"/>
  <tag k="addr:postcode" v="392 31"/>
  <tag k="addr:street" v="Östra Sjögatan"/>
 </node>
 <node id="1072745831" visible="true" version="2" changeset="29282216" timestamp="2015-03-06T05:13:15Z" user="Fringillus" uid="505284" lat="56.6638419" lon="16.3659400">
  <tag k="addr:city" v="Kalmar"/>
  <tag k="addr:country" v="SE"/>
  <tag k="addr:housenumber" v="36"/>
  <tag k="addr:postcode" v="392 31"/>
  <tag k="addr:street" v="Stortorget"/>
 </node>
 <node id="1072745857" visible="true" version="1" changeset="6808750" timestamp="2010-12-30T12:33:12Z" user="izzor" uid="12294" lat="56.6632576" lon="16.3660936"/>
 <node id="1072745865" visible="true" version="1" changeset="6808750" timestamp="2010-12-30T12:33:12Z" user="izzor" uid="12294" lat="56.6636758" lon="16.3658722"/>
 <node id="1072745867" visible="true" version="1" changeset="6808750" timestamp="2010-12-30T12:33:12Z" user="izzor" uid="12294" lat="56.6638017" lon="16.3661002"/>
 <node id="1072745869" visible="true" version="1" changeset="6808750" timestamp="2010-12-30T12:33:12Z" user="izzor" uid="12294" lat="56.6632342" lon="16.3662153"/>
 <node id="1072745873" visible="true" version="1" changeset="6808750" timestamp="2010-12-30T12:33:12Z" user="izzor" uid="12294" lat="56.6636380" lon="16.3660045"/>
 <node id="1072745875" visible="true" version="1" changeset="6808750" timestamp="2010-12-30T12:33:12Z" user="izzor" uid="12294" lat="56.6634088" lon="16.3669699"/>
 <node id="1072745877" visible="true" version="1" changeset="6808750" timestamp="2010-12-30T12:33:12Z" user="izzor" uid="12294" lat="56.6638183" lon="16.3662762"/>
 <node id="1072745893" visible="true" version="1" changeset="6808750" timestamp="2010-12-30T12:33:12Z" user="izzor" uid="12294" lat="56.6630727" lon="16.3660843"/>
 <node id="1072745898" visible="true" version="2" changeset="29282216" timestamp="2015-03-06T05:13:07Z" user="Fringillus" uid="505284" lat="56.6637863" lon="16.3657562">
  <tag k="addr:city" v="Kalmar"/>
  <tag k="addr:country" v="SE"/>
  <tag k="addr:housenumber" v="34"/>
  <tag k="addr:postcode" v="392 31"/>
  <tag k="addr:street" v="Stortorget"/>
 </node>
 <node id="1072745902" visible="true" version="1" changeset="6808750" timestamp="2010-12-30T12:33:13Z" user="izzor" uid="12294" lat="56.6633058" lon="16.3666738"/>
 <node id="1072745914" visible="true" version="1" changeset="6808750" timestamp="2010-12-30T12:33:13Z" user="izzor" uid="12294" lat="56.6630097" lon="16.3667263"/>
 <node id="1072745917" visible="true" version="2" changeset="29282216" timestamp="2015-03-06T05:12:57Z" user="Fringillus" uid="505284" lat="56.6632419" lon="16.3655191">
  <tag k="addr:city" v="Kalmar"/>
  <tag k="addr:country" v="SE"/>
  <tag k="addr:housenumber" v="32"/>
  <tag k="addr:postcode" v="392 32"/>
  <tag k="addr:street" v="Södra Långgatan"/>
 </node>
 <node id="1072745923" visible="true" version="2" changeset="29282216" timestamp="2015-03-06T05:13:15Z" user="Fringillus" uid="505284" lat="56.6634395" lon="16.3662035">
  <tag k="addr:city" v="Kalmar"/>
  <tag k="addr:country" v="SE"/>
  <tag k="addr:housenumber" v="36"/>
  <tag k="addr:postcode" v="392 31"/>
  <tag k="addr:street" v="Södra Långgatan"/>
 </node>
 <node id="1072745928" visible="true" version="1" changeset="6808750" timestamp="2010-12-30T12:33:14Z" user="izzor" uid="12294" lat="56.6630161" lon="16.3665106"/>
 <node id="1072745938" visible="true" version="1" changeset="6808750" timestamp="2010-12-30T12:33:14Z" user="izzor" uid="12294" lat="56.6631929" lon="16.3669222"/>
 <node id="1072745941" visible="true" version="1" changeset="6808750" timestamp="2010-12-30T12:33:14Z" user="izzor" uid="12294" lat="56.6640511" lon="16.3665516"/>
 <node id="1072745942" visible="true" version="1" changeset="6808750" timestamp="2010-12-30T12:33:14Z" user="izzor" uid="12294" lat="56.6633416" lon="16.3660110"/>
 <node id="1072745944" visible="true" version="1" changeset="6808750" timestamp="2010-12-30T12:33:14Z" user="izzor" uid="12294" lat="56.6637190" lon="16.3658317"/>
 <node id="1072745946" visible="true" version="1" changeset="6808750" timestamp="2010-12-30T12:33:14Z" user="izzor" uid="12294" lat="56.6630474" lon="16.3664126"/>
 <node id="1072745948" visible="true" version="1" changeset="6808750" timestamp="2010-12-30T12:33:14Z" user="izzor" uid="12294" lat="56.6637883" lon="16.3656389"/>
 <node id="1072745950" visible="true" version="1" changeset="6808750" timestamp="2010-12-30T12:33:14Z" user="izzor" uid="12294" lat="56.6635466" lon="16.3668895"/>
 <node id="1072745952" visible="true" version="1" changeset="6808750" timestamp="2010-12-30T12:33:14Z" user="izzor" uid="12294" lat="56.6636350" lon="16.3657878"/>
 <node id="1072745960" visible="true" version="1" changeset="6808750" timestamp="2010-12-30T12:33:14Z" user="izzor" uid="12294" lat="56.6637240" lon="16.3663647"/>
 <node id="1072745965" visible="true" version="1" changeset="6808750" timestamp="2010-12-30T12:33:15Z" user="izzor" uid="12294" lat="56.6629472" lon="16.3665087"/>
 <node id="1072745973" visible="true" version="1" changeset="6808750" timestamp="2010-12-30T12:33:15Z" user="izzor" uid="12294" lat="56.6636467" lon="16.3658286"/>
 <node id="1072745975" visible="true" version="1" changeset="6808750" timestamp="2010-12-30T12:33:15Z" user="izzor" uid="12294" lat="56.6632502" lon="16.3664829"/>
 <node id="1072745979" visible="true" version="1" changeset="6808750" timestamp="2010-12-30T12:33:15Z" user="izzor" uid="12294" lat="56.6634918" lon="16.3662665"/>
 <node id="1072745982" visible="true" version="1" changeset="6808750" timestamp="2010-12-30T12:33:15Z" user="izzor" uid="12294" lat="56.6632004" lon="16.3665322"/>
 <node id="1072745984" visible="true" version="1" changeset="6808750" timestamp="2010-12-30T12:33:15Z" user="izzor" uid="12294" lat="56.6633576" lon="16.3658078"/>
 <node id="1072745986" visible="true" version="1" changeset="6808750" timestamp="2010-12-30T12:33:15Z" user="izzor" uid="12294" lat="56.6631612" lon="16.3668895"/>
 <node id="1072746001" visible="true" version="1" changeset="6808750" timestamp="2010-12-30T12:33:16Z" user="izzor" uid="12294" lat="56.6635225" lon="16.3669134"/>
 <node id="1072746004" visible="true" version="1" changeset="6808750" timestamp="2010-12-30T12:33:16Z" user="izzor" uid="12294" lat="56.6638185" lon="16.3662153"/>
 <node id="1072746006" visible="true" version="1" changeset="6808750" timestamp="2010-12-30T12:33:16Z" user="izzor" uid="12294" lat="56.6634454" lon="16.3665342"/>
 <node id="1072746008" visible="true" version="1" changeset="6808750" timestamp="2010-12-30T12:33:16Z" user="izzor" uid="12294" lat="56.6637615" lon="16.3668236"/>
 <node id="1072746027" visible="true" version="1" changeset="6808750" timestamp="2010-12-30T12:33:16Z" user="izzor" uid="12294" lat="56.6632433" lon="16.3670966"/>
 <node id="1072746030" visible="true" version="1" changeset="6808750" timestamp="2010-12-30T12:33:16Z" user="izzor" uid="12294" lat="56.6636768" lon="16.3669085"/>
 <node id="1072746032" visible="true" version="1" changeset="6808750" timestamp="2010-12-30T12:33:16Z" user="izzor" uid="12294" lat="56.6633222" lon="16.3666587"/>
 <node id="1072746034" visible="true" version="1" changeset="6808750" timestamp="2010-12-30T12:33:16Z" user="izzor" uid="12294" lat="56.6639178" lon="16.3666770"/>
 <node id="1072746037" visible="true" version="1" changeset="6808750" timestamp="2010-12-30T12:33:16Z" user="izzor" uid="12294" lat="56.6634234" lon="16.3660328"/>
 <node id="1072746041" visible="true" version="2" changeset="29282216" timestamp="2015-03-06T05:12:15Z" user="Fringillus" uid="505284" lat="56.6632984" lon="16.3667494">
  <tag k="addr:city" v="Kalmar"/>
  <tag k="addr:country" v="SE"/>
  <tag k="addr:housenumber" v="27B"/>
  <tag k="addr:postcode" v="392 31"/>
  <tag k="addr:street" v="Ölandsgatan"/>
 </node>
 <node id="1072746054" visible="true" version="1" changeset="6808750" timestamp="2010-12-30T12:33:17Z" user="izzor" uid="12294" lat="56.6630366" lon="16.3665381"/>
 <node id="1072746060" visible="true" version="1" changeset="6808750" timestamp="2010-12-30T12:33:17Z" user="izzor" uid="12294" lat="56.6636491" lon="16.3656233"/>
 <node id="1072746062" visible="true" version="1" changeset="6808750" timestamp="2010-12-30T12:33:17Z" user="izzor" uid="12294" lat="56.6634525" lon="16.3665274"/>
 <node id="1072746071" visible="true" version="2" changeset="29282216" timestamp="2015-03-06T05:13:07Z" user="Fringillus" uid="505284" lat="56.6637257" lon="16.3655663">
  <tag k="addr:city" v="Kalmar"/>
  <tag k="addr:country" v="SE"/>
  <tag k="addr:housenumber" v="34"/>
  <tag k="addr:postcode" v="392 31"/>
  <tag k="addr:street" v="Stortorget"/>
 </node>
 <node id="1072746075" visible="true" version="2" changeset="29282216" timestamp="2015-03-06T05:15:08Z" user="Fringillus" uid="505284" lat="56.6632769" lon="16.3659284">
  <tag k="addr:city" v="Kalmar"/>
  <tag k="addr:country" v="SE"/>
  <tag k="addr:housenumber" v="6"/>
  <tag k="addr:postcode" v="392 32"/>
  <tag k="addr:street" v="Västra Sjögatan"/>
 </node>
 <node id="1072746080" visible="true" version="1" changeset="6808750" timestamp="2010-12-30T12:33:18Z" user="izzor" uid="12294" lat="56.6638165" lon="16.3660864"/>
 <node id="1072746084" visible="true" version="1" changeset="6808750" timestamp="2010-12-30T12:33:18Z" user="izzor" uid="12294" lat="56.6632805" lon="16.3661706"/>
 <node id="1072746099" visible="true" version="1" changeset="6808750" timestamp="2010-12-30T12:33:18Z" user="izzor" uid="12294" lat="56.6636804" lon="16.3658885"/>
 <node id="1072746101" visible="true" version="1" changeset="6808750" timestamp="2010-12-30T12:33:18Z" user="izzor" uid="12294" lat="56.6633023" lon="16.3664491"/>
 <node id="1072746103" visible="true" version="2" changeset="29282216" timestamp="2015-03-06T05:13:07Z" user="Fringillus" uid="505284" lat="56.6633823" lon="16.3659860">
  <tag k="addr:city" v="Kalmar"/>
  <tag k="addr:country" v="SE"/>
  <tag k="addr:housenumber" v="34"/>
  <tag k="addr:postcode" v="392 31"/>
  <tag k="addr:street" v="Södra Långgatan"/>
 </node>
 <node id="1072746104" visible="true" version="1" changeset="6808750" timestamp="2010-12-30T12:33:18Z" user="izzor" uid="12294" lat="56.6637873" lon="16.3656308"/>
 <node id="1072746106" visible="true" version="1" changeset="6808750" timestamp="2010-12-30T12:33:18Z" user="izzor" uid="12294" lat="56.6632939" lon="16.3664425"/>
 <node id="1072746107" visible="true" version="1" changeset="6808750" timestamp="2010-12-30T12:33:18Z" user="izzor" uid="12294" lat="56.6631671" lon="16.3659916"/>
 <node id="1072746114" visible="true" version="1" changeset="6808750" timestamp="2010-12-30T12:33:19Z" user="izzor" uid="12294" lat="56.6630930" lon="16.3666415"/>
 <node id="1072746116" visible="true" version="1" changeset="6808750" timestamp="2010-12-30T12:33:19Z" user="izzor" uid="12294" lat="56.6635891" lon="16.3659741"/>
 <node id="1072746118" visible="true" version="1" changeset="6808750" timestamp="2010-12-30T12:33:19Z" user="izzor" uid="12294" lat="56.6635101" lon="16.3668757"/>
 <node id="1072746120" visible="true" version="1" changeset="6808750" timestamp="2010-12-30T12:33:19Z" user="izzor" uid="12294" lat="56.6638047" lon="16.3662282"/>
 <node id="1072746123" visible="true" version="1" changeset="6808750" timestamp="2010-12-30T12:33:19Z" user="izzor" uid="12294" lat="56.6635552" lon="16.3660955"/>
 <node id="1072746125" visible="true" version="2" changeset="29282216" timestamp="2015-03-06T05:13:56Z" user="Fringillus" uid="505284" lat="56.6636735" lon="16.3663536">
  <tag k="addr:city" v="Kalmar"/>
  <tag k="addr:country" v="SE"/>
  <tag k="addr:housenumber" v="41"/>
  <tag k="addr:postcode" v="392 31"/>
  <tag k="addr:street" v="Södra Långgatan"/>
 </node>
 <node id="1072746137" visible="true" version="1" changeset="6808750" timestamp="2010-12-30T12:33:19Z" user="izzor" uid="12294" lat="56.6634484" lon="16.3657244"/>
 <node id="1072746140" visible="true" version="1" changeset="6808750" timestamp="2010-12-30T12:33:19Z" user="izzor" uid="12294" lat="56.6633468" lon="16.3666361"/>
 <node id="1072746144" visible="true" version="2" changeset="29282216" timestamp="2015-03-06T05:13:52Z" user="Fringillus" uid="505284" lat="56.6635961" lon="16.3667273">
  <tag k="addr:city" v="Kalmar"/>
  <tag k="addr:country" v="SE"/>
  <tag k="addr:housenumber" v="40"/>
  <tag k="addr:postcode" v="392 31"/>
  <tag k="addr:street" v="Södra Långgatan"/>
 </node>
 <node id="1072746148" visible="true" version="1" changeset="6808750" timestamp="2010-12-30T12:33:19Z" user="izzor" uid="12294" lat="56.6629633" lon="16.3665616"/>
 <node id="1072746152" visible="true" version="1" changeset="6808750" timestamp="2010-12-30T12:33:19Z" user="izzor" uid="12294" lat="56.6632177" lon="16.3668946"/>
 <node id="1072746171" visible="true" version="1" changeset="6808750" timestamp="2010-12-30T12:33:20Z" user="izzor" uid="12294" lat="56.6630247" lon="16.3665479"/>
 <node id="1072746174" visible="true" version="1" changeset="6808750" timestamp="2010-12-30T12:33:20Z" user="izzor" uid="12294" lat="56.6638528" lon="16.3662866"/>
 <node id="1072746176" visible="true" version="1" changeset="6808750" timestamp="2010-12-30T12:33:20Z" user="izzor" uid="12294" lat="56.6632536" lon="16.3667289"/>
 <node id="1072746179" visible="true" version="1" changeset="6808750" timestamp="2010-12-30T12:33:20Z" user="izzor" uid="12294" lat="56.6636806" lon="16.3657327"/>
 <node id="1072746197" visible="true" version="1" changeset="6808750" timestamp="2010-12-30T12:33:21Z" user="izzor" uid="12294" lat="56.6630943" lon="16.3670163"/>
 <node id="1072746202" visible="true" version="1" changeset="6808750" timestamp="2010-12-30T12:33:21Z" user="izzor" uid="12294" lat="56.6634019" lon="16.3663528"/>
 <node id="1072746204" visible="true" version="2" changeset="29282216" timestamp="2015-03-06T05:13:11Z" user="Fringillus" uid="505284" lat="56.6635069" lon="16.3657930">
  <tag k="addr:city" v="Kalmar"/>
  <tag k="addr:country" v="SE"/>
  <tag k="addr:housenumber" v="35"/>
  <tag k="addr:postcode" v="392 31"/>
  <tag k="addr:street" v="Södra Långgatan"/>
 </node>
 <node id="1072746208" visible="true" version="2" changeset="29282216" timestamp="2015-03-06T05:12:46Z" user="Fringillus" uid="505284" lat="56.6634937" lon="16.3670214">
  <tag k="addr:city" v="Kalmar"/>
  <tag k="addr:country" v="SE"/>
  <tag k="addr:housenumber" v="3"/>
  <tag k="addr:postcode" v="392 31"/>
  <tag k="addr:street" v="Östra Sjögatan"/>
 </node>
 <node id="1072746218" visible="true" version="1" changeset="6808750" timestamp="2010-12-30T12:33:21Z" user="izzor" uid="12294" lat="56.6631422" lon="16.3664773"/>
 <node id="1072746220" visible="true" version="1" changeset="6808750" timestamp="2010-12-30T12:33:21Z" user="izzor" uid="12294" lat="56.6635609" lon="16.3658076"/>
 <node id="1072746224" visible="true" version="1" changeset="6808750" timestamp="2010-12-30T12:33:21Z" user="izzor" uid="12294" lat="56.6633495" lon="16.3667578"/>
 <node id="1072746226" visible="true" version="1" changeset="6808750" timestamp="2010-12-30T12:33:21Z" user="izzor" uid="12294" lat="56.6628793" lon="16.3662675"/>
 <node id="1072746229" visible="true" version="1" changeset="6808750" timestamp="2010-12-30T12:33:21Z" user="izzor" uid="12294" lat="56.6639465" lon="16.3661959"/>
 <node id="1072746230" visible="true" version="2" changeset="29282216" timestamp="2015-03-06T05:13:18Z" user="Fringillus" uid="505284" lat="56.6637106" lon="16.3658880">
  <tag k="addr:city" v="Kalmar"/>
  <tag k="addr:country" v="SE"/>
  <tag k="addr:housenumber" v="37"/>
  <tag k="addr:postcode" v="392 31"/>
  <tag k="addr:street" v="Södra Långgatan"/>
 </node>
 <node id="1072746244" visible="true" version="1" changeset="6808750" timestamp="2010-12-30T12:33:22Z" user="izzor" uid="12294" lat="56.6635148" lon="16.3659547"/>
 <node id="1072746250" visible="true" version="1" changeset="6808750" timestamp="2010-12-30T12:33:22Z" user="izzor" uid="12294" lat="56.6637460" lon="16.3659031"/>
 <node id="1072746252" visible="true" version="1" changeset="6808750" timestamp="2010-12-30T12:33:22Z" user="izzor" uid="12294" lat="56.6631884" lon="16.3664506"/>
 <node id="1072746254" visible="true" version="1" changeset="6808750" timestamp="2010-12-30T12:33:22Z" user="izzor" uid="12294" lat="56.6632040" lon="16.3668469"/>
 <node id="1072746257" visible="true" version="2" changeset="29282216" timestamp="2015-03-06T05:12:25Z" user="Fringillus" uid="505284" lat="56.6632486" lon="16.3669847">
  <tag k="addr:city" v="Kalmar"/>
  <tag k="addr:country" v="SE"/>
  <tag k="addr:housenumber" v="29A"/>
  <tag k="addr:postcode" v="392 31"/>
  <tag k="addr:street" v="Ölandsgatan"/>
 </node>
 <node id="1072746266" visible="true" version="1" changeset="6808750" timestamp="2010-12-30T12:33:22Z" user="izzor" uid="12294" lat="56.6636415" lon="16.3660169"/>
 <node id="1072746267" visible="true" version="1" changeset="6808750" timestamp="2010-12-30T12:33:22Z" user="izzor" uid="12294" lat="56.6638097" lon="16.3661842"/>
 <node id="1072746268" visible="true" version="1" changeset="6808750" timestamp="2010-12-30T12:33:22Z" user="izzor" uid="12294" lat="56.6631180" lon="16.3662371"/>
 <node id="1072746269" visible="true" version="2" changeset="29282216" timestamp="2015-03-06T05:13:21Z" user="Fringillus" uid="505284" lat="56.6639008" lon="16.3661300">
  <tag k="addr:city" v="Kalmar"/>
  <tag k="addr:country" v="SE"/>
  <tag k="addr:housenumber" v="38"/>
  <tag k="addr:postcode" v="392 31"/>
  <tag k="addr:street" v="Stortorget"/>
 </node>
 <node id="1080438731" visible="true" version="2" changeset="9183946" timestamp="2011-09-01T11:58:28Z" user="izzor" uid="12294" lat="56.6651145" lon="16.3641203"/>
 <node id="1080767998" visible="true" version="1" changeset="6852696" timestamp="2011-01-03T18:17:20Z" user="izzor" uid="12294" lat="56.6647435" lon="16.3667789"/>
 <node id="1080768006" visible="true" version="2" changeset="29282216" timestamp="2015-03-06T05:13:05Z" user="Fringillus" uid="505284" lat="56.6647238" lon="16.3650419">
  <tag k="addr:city" v="Kalmar"/>
  <tag k="addr:country" v="SE"/>
  <tag k="addr:housenumber" v="33N"/>
  <tag k="addr:postcode" v="392 31"/>
  <tag k="addr:street" v="Norra Långgatan"/>
 </node>
 <node id="1080768100" visible="true" version="2" changeset="29282216" timestamp="2015-03-06T05:13:02Z" user="Fringillus" uid="505284" lat="56.6648604" lon="16.3649095">
  <tag k="addr:city" v="Kalmar"/>
  <tag k="addr:country" v="SE"/>
  <tag k="addr:housenumber" v="33D"/>
  <tag k="addr:postcode" v="392 31"/>
  <tag k="addr:street" v="Norra Långgatan"/>
 </node>
 <node id="1080768430" visible="true" version="1" changeset="6852696" timestamp="2011-01-03T18:17:32Z" user="izzor" uid="12294" lat="56.6647583" lon="16.3667658"/>
 <node id="1080768494" visible="true" version="2" changeset="29282216" timestamp="2015-03-06T05:12:58Z" user="Fringillus" uid="505284" lat="56.6647045" lon="16.3649324">
  <tag k="addr:city" v="Kalmar"/>
  <tag k="addr:country" v="SE"/>
  <tag k="addr:housenumber" v="33"/>
  <tag k="addr:postcode" v="392 31"/>
  <tag k="addr:street" v="Norra Långgatan"/>
 </node>
 <node id="1080768638" visible="true" version="1" changeset="6852696" timestamp="2011-01-03T18:17:37Z" user="izzor" uid="12294" lat="56.6647635" lon="16.3665872"/>
 <node id="1080768645" visible="true" version="2" changeset="29282216" timestamp="2015-03-06T05:13:04Z" user="Fringillus" uid="505284" lat="56.6648027" lon="16.3649654">
  <tag k="addr:city" v="Kalmar"/>
  <tag k="addr:country" v="SE"/>
  <tag k="addr:housenumber" v="33H"/>
  <tag k="addr:postcode" v="392 31"/>
  <tag k="addr:street" v="Norra Långgatan"/>
 </node>
 <node id="1080768757" visible="true" version="2" changeset="29282216" timestamp="2015-03-06T05:13:23Z" user="Fringillus" uid="505284" lat="56.6649141" lon="16.3656321">
  <tag k="addr:city" v="Kalmar"/>
  <tag k="addr:country" v="SE"/>
  <tag k="addr:housenumber" v="39"/>
  <tag k="addr:postcode" v="392 31"/>
  <tag k="addr:street" v="Norra Långgatan"/>
 </node>
 <node id="1080768826" visible="true" version="2" changeset="29282216" timestamp="2015-03-06T05:13:05Z" user="Fringillus" uid="505284" lat="56.6647387" lon="16.3650274">
  <tag k="addr:city" v="Kalmar"/>
  <tag k="addr:country" v="SE"/>
  <tag k="addr:housenumber" v="33M"/>
  <tag k="addr:postcode" v="392 31"/>
  <tag k="addr:street" v="Norra Långgatan"/>
 </node>
 <node id="1080768973" visible="true" version="2" changeset="29282216" timestamp="2015-03-06T05:13:01Z" user="Fringillus" uid="505284" lat="56.6648772" lon="16.3648932">
  <tag k="addr:city" v="Kalmar"/>
  <tag k="addr:country" v="SE"/>
  <tag k="addr:housenumber" v="33C"/>
  <tag k="addr:postcode" v="392 31"/>
  <tag k="addr:street" v="Norra Långgatan"/>
 </node>
 <node id="1080769115" visible="true" version="1" changeset="6852696" timestamp="2011-01-03T18:17:48Z" user="izzor" uid="12294" lat="56.6647058" lon="16.3666386"/>
 <node id="1080769158" visible="true" version="2" changeset="29282216" timestamp="2015-03-06T05:13:03Z" user="Fringillus" uid="505284" lat="56.6648307" lon="16.3649383">
  <tag k="addr:city" v="Kalmar"/>
  <tag k="addr:country" v="SE"/>
  <tag k="addr:housenumber" v="33F"/>
  <tag k="addr:postcode" v="392 31"/>
  <tag k="addr:street" v="Norra Långgatan"/>
 </node>
 <node id="1080769281" visible="true" version="2" changeset="29282216" timestamp="2015-03-06T05:13:10Z" user="Fringillus" uid="505284" lat="56.6649182" lon="16.3646096">
  <tag k="addr:city" v="Kalmar"/>
  <tag k="addr:country" v="SE"/>
  <tag k="addr:housenumber" v="35"/>
  <tag k="addr:postcode" v="392 31"/>
  <tag k="addr:street" v="Norra Långgatan"/>
 </node>
 <node id="1080769441" visible="true" version="2" changeset="29282216" timestamp="2015-03-06T05:13:03Z" user="Fringillus" uid="505284" lat="56.6648163" lon="16.3649522">
  <tag k="addr:city" v="Kalmar"/>
  <tag k="addr:country" v="SE"/>
  <tag k="addr:housenumber" v="33G"/>
  <tag k="addr:postcode" v="392 31"/>
  <tag k="addr:street" v="Norra Långgatan"/>
 </node>
 <node id="1080769511" visible="true" version="2" changeset="29282216" timestamp="2015-03-06T05:13:19Z" user="Fringillus" uid="505284" lat="56.6647872" lon="16.3652197">
  <tag k="addr:city" v="Kalmar"/>
  <tag k="addr:country" v="SE"/>
  <tag k="addr:housenumber" v="37B"/>
  <tag k="addr:postcode" v="392 31"/>
  <tag k="addr:street" v="Norra Långgatan"/>
 </node>
 <node id="1080769640" visible="true" version="2" changeset="29282216" timestamp="2015-03-06T05:13:05Z" user="Fringillus" uid="505284" lat="56.6647543" lon="16.3650123">
  <tag k="addr:city" v="Kalmar"/>
  <tag k="addr:country" v="SE"/>
  <tag k="addr:housenumber" v="33L"/>
  <tag k="addr:postcode" v="392 31"/>
  <tag k="addr:street" v="Norra Långgatan"/>
 </node>
 <node id="1080769731" visible="true" version="2" changeset="29282216" timestamp="2015-03-06T05:13:05Z" user="Fringillus" uid="505284" lat="56.6647697" lon="16.3649974">
  <tag k="addr:city" v="Kalmar"/>
  <tag k="addr:country" v="SE"/>
  <tag k="addr:housenumber" v="33K"/>
  <tag k="addr:postcode" v="392 31"/>
  <tag k="addr:street" v="Norra Långgatan"/>
 </node>
 <node id="1080769960" visible="true" version="2" changeset="29282216" timestamp="2015-03-06T05:13:03Z" user="Fringillus" uid="505284" lat="56.6648471" lon="16.3649224">
  <tag k="addr:city" v="Kalmar"/>
  <tag k="addr:country" v="SE"/>
  <tag k="addr:housenumber" v="33E"/>
  <tag k="addr:postcode" v="392 31"/>
  <tag k="addr:street" v="Norra Långgatan"/>
 </node>
 <node id="1080770170" visible="true" version="1" changeset="6852696" timestamp="2011-01-03T18:18:15Z" user="izzor" uid="12294" lat="56.6647714" lon="16.3668146"/>
 <node id="1080770237" visible="true" version="2" changeset="29282216" timestamp="2015-03-06T05:12:51Z" user="Fringillus" uid="505284" lat="56.6646827" lon="16.3648139">
  <tag k="addr:city" v="Kalmar"/>
  <tag k="addr:country" v="SE"/>
  <tag k="addr:housenumber" v="31"/>
  <tag k="addr:postcode" v="392 31"/>
  <tag k="addr:street" v="Norra Långgatan"/>
 </node>
 <node id="1080770487" visible="true" version="2" changeset="29282216" timestamp="2015-03-06T05:13:19Z" user="Fringillus" uid="505284" lat="56.6649050" lon="16.3651158">
  <tag k="addr:city" v="Kalmar"/>
  <tag k="addr:country" v="SE"/>
  <tag k="addr:housenumber" v="37A"/>
  <tag k="addr:postcode" v="392 31"/>
  <tag k="addr:street" v="Norra Långgatan"/>
 </node>
 <node id="1080770613" visible="true" version="1" changeset="6852696" timestamp="2011-01-03T18:18:23Z" user="izzor" uid="12294" lat="56.6648143" lon="16.3667764"/>
 <node id="1080770641" visible="true" version="2" changeset="29282216" timestamp="2015-03-06T05:13:05Z" user="Fringillus" uid="505284" lat="56.6647849" lon="16.3649826">
  <tag k="addr:city" v="Kalmar"/>
  <tag k="addr:country" v="SE"/>
  <tag k="addr:housenumber" v="33J"/>
  <tag k="addr:postcode" v="392 31"/>
  <tag k="addr:street" v="Norra Långgatan"/>
 </node>
 <node id="1080770765" visible="true" version="2" changeset="29282216" timestamp="2015-03-06T05:13:55Z" user="Fringillus" uid="505284" lat="56.6650115" lon="16.3659600">
  <tag k="addr:city" v="Kalmar"/>
  <tag k="addr:country" v="SE"/>
  <tag k="addr:housenumber" v="41"/>
  <tag k="addr:postcode" v="392 31"/>
  <tag k="addr:street" v="Norra Långgatan"/>
 </node>
 <node id="1373668022" visible="true" version="2" changeset="29282216" timestamp="2015-03-06T05:13:59Z" user="Fringillus" uid="505284" lat="56.6637815" lon="16.3673295">
  <tag k="addr:city" v="Kalmar"/>
  <tag k="addr:country" v="SE"/>
  <tag k="addr:housenumber" v="42"/>
  <tag k="addr:postcode" v="392 31"/>
  <tag k="addr:street" v="Södra Långgatan"/>
 </node>
 <node id="1373668025" visible="true" version="2" changeset="29282216" timestamp="2015-03-06T05:14:04Z" user="Fringillus" uid="505284" lat="56.6643386" lon="16.3667537">
  <tag k="addr:city" v="Kalmar"/>
  <tag k="addr:country" v="SE"/>
  <tag k="addr:housenumber" v="44"/>
  <tag k="addr:postcode" v="392 31"/>
  <tag k="addr:street" v="Storgatan"/>
 </node>
 <node id="1373668027" visible="true" version="2" changeset="29282216" timestamp="2015-03-06T05:14:09Z" user="Fringillus" uid="505284" lat="56.6644762" lon="16.3672262">
  <tag k="addr:city" v="Kalmar"/>
  <tag k="addr:country" v="SE"/>
  <tag k="addr:housenumber" v="46"/>
  <tag k="addr:postcode" v="392 31"/>
  <tag k="addr:street" v="Storgatan"/>
 </node>
 <node id="1573069541" visible="true" version="2" changeset="29282216" timestamp="2015-03-06T05:13:12Z" user="Fringillus" uid="505284" lat="56.6646898" lon="16.3671472">
  <tag k="addr:city" v="Kalmar"/>
  <tag k="addr:country" v="SE"/>
  <tag k="addr:housenumber" v="35A"/>
  <tag k="addr:postcode" v="392 31"/>
  <tag k="addr:street" v="Storgatan"/>
 </node>
 <node id="1573069542" visible="true" version="2" changeset="29282216" timestamp="2015-03-06T05:13:13Z" user="Fringillus" uid="505284" lat="56.6649404" lon="16.3668389">
  <tag k="addr:city" v="Kalmar"/>
  <tag k="addr:country" v="SE"/>
  <tag k="addr:housenumber" v="35B"/>
  <tag k="addr:postcode" v="392 31"/>
  <tag k="addr:street" v="Storgatan"/>
 </node>
 <node id="1573069922" visible="true" version="1" changeset="10264976" timestamp="2012-01-01T19:43:55Z" user="izzor" uid="12294" lat="56.6632083" lon="16.3674434"/>
 <node id="1573069930" visible="true" version="2" changeset="51499162" timestamp="2017-08-28T07:00:41Z" user="izzor" uid="12294" lat="56.6647506" lon="16.3628837"/>
 <node id="1573069935" visible="true" version="2" changeset="51499162" timestamp="2017-08-28T07:00:41Z" user="izzor" uid="12294" lat="56.6648730" lon="16.3633005"/>
 <node id="1620151797" visible="true" version="4" changeset="136271980" timestamp="2023-05-18T20:17:27Z" user="novabeat" uid="716217" lat="56.6642978" lon="16.3665715">
  <tag k="amenity" v="pub"/>
  <tag k="check_date" v="2023-04-17"/>
  <tag k="designation" v="Scotland"/>
  <tag k="indoor_seating" v="yes"/>
  <tag k="name" v="Pipes of Scotland"/>
  <tag k="outdoor_seating" v="no"/>
  <tag k="wifi" v="no"/>
 </node>
 <node id="1628125896" visible="true" version="4" changeset="135029450" timestamp="2023-04-17T19:24:28Z" user="541074" uid="17921090" lat="56.6645751" lon="16.3642951">
  <tag k="brand" v="Åhléns"/>
  <tag k="brand:wikidata" v="Q270851"/>
  <tag k="brand:wikipedia" v="sv:Åhléns"/>
  <tag k="check_date" v="2023-04-17"/>
  <tag k="name" v="Åhléns"/>
  <tag k="opening_hours" v="Mo-Fr 10:00-18:00; Sa 10:00-16:00; Su 12:00-16:00"/>
  <tag k="shop" v="department_store"/>
 </node>
 <node id="1674532485" visible="true" version="1" changeset="10977670" timestamp="2012-03-14T13:10:39Z" user="izzor" uid="12294" lat="56.6654558" lon="16.3636625"/>
 <node id="1674642112" visible="true" version="3" changeset="169028469" timestamp="2025-07-16T18:48:54Z" user="nomimono" uid="15888636" lat="56.6641182" lon="16.3635884">
  <tag k="brand" v="Akademibokhandeln"/>
  <tag k="brand:wikidata" v="Q10403918"/>
  <tag k="brand:wikipedia" v="sv:Akademibokhandeln"/>
  <tag k="name" v="Akademibokhandeln"/>
  <tag k="opening_hours" v="Mo-Fr 10:00-18:00; Sa 10:00-16:00; Su 12:00-16:00"/>
  <tag k="shop" v="books"/>
 </node>
 <node id="1674642133" visible="true" version="5" changeset="169028469" timestamp="2025-07-16T18:48:58Z" user="nomimono" uid="15888636" lat="56.6634375" lon="16.3636824">
  <tag k="addr:street" v="Storgatan"/>
  <tag k="check_date:opening_hours" v="2025-07-16"/>
  <tag k="name" v="Dillbergs"/>
  <tag k="opening_hours" v="Mo-Fr 10:00-18:00; Sa 10:00-16:00"/>
  <tag k="shop" v="books"/>
 </node>
 <node id="1674642138" visible="true" version="2" changeset="135029449" timestamp="2023-04-17T19:24:02Z" user="541074" uid="17921090" lat="56.6634650" lon="16.3637936">
  <tag k="check_date" v="2023-04-17"/>
  <tag k="name" v="Georges Guld"/>
  <tag k="shop" v="jewelry"/>
 </node>
 <node id="1674642143" visible="true" version="3" changeset="135029449" timestamp="2023-04-17T19:24:04Z" user="541074" uid="17921090" lat="56.6635038" lon="16.3639392">
  <tag k="check_date" v="2023-04-17"/>
  <tag k="drink:coffee" v="yes"/>
  <tag k="drink:tea" v="yes"/>
  <tag k="name" v="Gerdas Te &amp; Kaffe"/>
  <tag k="shop" v="coffee"/>
 </node>
 <node id="1674642149" visible="true" version="5" changeset="135029499" timestamp="2023-04-17T19:24:05Z" user="541074" uid="17921090" lat="56.6638531" lon="16.3643964">
  <tag k="brand" v="KappAhl"/>
  <tag k="brand:wikidata" v="Q4349016"/>
  <tag k="name" v="KappAhl"/>
  <tag k="shop" v="clothes"/>
 </node>
 <node id="1674642170" visible="true" version="2" changeset="135029449" timestamp="2023-04-17T19:24:04Z" user="541074" uid="17921090" lat="56.6635494" lon="16.3640566">
  <tag k="disused:shop" v="yes"/>
 </node>
 <node id="1674642171" visible="true" version="4" changeset="127071452" timestamp="2022-10-05T23:06:48Z" user="_zod" uid="2012746" lat="56.6643445" lon="16.3635790">
  <tag k="brand" v="Systembolaget"/>
  <tag k="brand:wikidata" v="Q1476113"/>
  <tag k="brand:wikipedia" v="sv:Systembolaget"/>
  <tag k="name" v="Systembolaget"/>
  <tag k="operator" v="Systembolaget"/>
  <tag k="shop" v="alcohol"/>
 </node>
 <node id="1844251841" visible="true" version="5" changeset="119519740" timestamp="2022-04-09T22:56:15Z" user="\Mike" uid="698958" lat="56.6637470" lon="16.3641578">
  <tag k="brand" v="Synsam"/>
  <tag k="brand:wikidata" v="Q12004589"/>
  <tag k="brand:wikipedia" v="sv:Synsam"/>
  <tag k="name" v="Synsam"/>
  <tag k="shop" v="optician"/>
 </node>
 <node id="1844253188" visible="true" version="7" changeset="169003488" timestamp="2025-07-16T09:31:16Z" user="archie" uid="156646" lat="56.6646860" lon="16.3645944">
  <tag k="addr:city" v="Kalmar"/>
  <tag k="addr:housenumber" v="31"/>
  <tag k="addr:postcode" v="392 31"/>
  <tag k="addr:province" v="Kalmar kommun"/>
  <tag k="addr:street" v="Norra Långgatan"/>
  <tag k="amenity" v="bank"/>
  <tag k="atm" v="yes"/>
  <tag k="brand" v="Nordea"/>
  <tag k="brand:wikidata" v="Q1123823"/>
  <tag k="brand:wikipedia" v="sv:Nordea"/>
  <tag k="cash_withdrawal" v="yes"/>
  <tag k="name" v="Nordeakontor Kalmar 3022"/>
  <tag k="opening_hours" v="Mo-Fr 10:00-13:00"/>
  <tag k="operator" v="Nordea"/>
 </node>
 <node id="4365887725" visible="true" version="3" changeset="169028470" timestamp="2025-07-16T18:49:00Z" user="nomimono" uid="15888636" lat="56.6635471" lon="16.3653558">
  <tag k="check_date" v="2025-07-16"/>
  <tag k="name" v="Barometern"/>
  <tag k="office" v="newspaper"/>
 </node>
 <node id="4365887726" visible="true" version="4" changeset="135029499" timestamp="2023-04-17T19:24:28Z" user="541074" uid="17921090" lat="56.6647793" lon="16.3645356">
  <tag k="check_date" v="2023-04-17"/>
  <tag k="name" v="Björkegrens Optik"/>
  <tag k="opening_hours" v="Mo-Fr 09:00-18:00; Sa 10:00-14:00"/>
  <tag k="shop" v="optician"/>
 </node>
 <node id="4365887730" visible="true" version="4" changeset="169028468" timestamp="2025-07-16T18:48:53Z" user="nomimono" uid="15888636" lat="56.6643421" lon="16.3642397">
  <tag k="name" v="Allehanda Ting"/>
  <tag k="shop" v="gift"/>
 </node>
 <node id="4365887737" visible="true" version="5" changeset="169028469" timestamp="2025-07-16T18:48:53Z" user="nomimono" uid="15888636" lat="56.6643745" lon="16.3643606">
  <tag k="amenity" v="restaurant"/>
  <tag k="check_date:opening_hours" v="2025-07-16"/>
  <tag k="cuisine" v="kebab;pizza"/>
  <tag k="name" v="Döner kebab"/>
  <tag k="opening_hours" v="Mo-Fr 11:00-20:00; Sa,Su 12:00-20:00"/>
  <tag k="phone" v="+46 72 299 90 13"/>
  <tag k="website" v="https://www.donerkalmar.se/"/>
 </node>
 <node id="4365887738" visible="true" version="3" changeset="169028469" timestamp="2025-07-16T18:49:00Z" user="nomimono" uid="15888636" lat="56.6632522" lon="16.3655610">
  <tag k="disused:shop" v="toys"/>
 </node>
 <node id="4365887740" visible="true" version="3" changeset="135029449" timestamp="2023-04-17T19:24:26Z" user="541074" uid="17921090" lat="56.6648659" lon="16.3644574">
  <tag k="disused:shop" v="yes"/>
 </node>
 <node id="4365887745" visible="true" version="2" changeset="135029449" timestamp="2023-04-17T19:24:25Z" user="541074" uid="17921090" lat="56.6648882" lon="16.3640628">
  <tag k="check_date" v="2023-04-17"/>
  <tag k="name" v="Pontuz Löfgren"/>
  <tag k="office" v="estate_agent"/>
 </node>
 <node id="4365887750" visible="true" version="4" changeset="135029450" timestamp="2023-04-17T19:24:30Z" user="541074" uid="17921090" lat="56.6643872" lon="16.3645766">
  <tag k="brand" v="Synsam"/>
  <tag k="brand:wikidata" v="Q12004589"/>
  <tag k="brand:wikipedia" v="sv:Synsam"/>
  <tag k="check_date" v="2023-04-17"/>
  <tag k="name" v="Synsam"/>
  <tag k="opening_hours" v="Mo-Fr 09:00-18:00; Sa 10:00-15:00; Su off"/>
  <tag k="shop" v="optician"/>
 </node>
 <node id="4365887756" visible="true" version="3" changeset="135029449" timestamp="2023-04-17T19:24:26Z" user="541074" uid="17921090" lat="56.6649685" lon="16.3643394">
  <tag k="check_date" v="2023-04-17"/>
  <tag k="name" v="Joni Studios"/>
  <tag k="shop" v="hairdresser"/>
 </node>
 <node id="4365887757" visible="true" version="1" changeset="41680261" timestamp="2016-08-25T07:10:09Z" user="izzor" uid="12294" lat="56.6633759" lon="16.3653539">
  <tag k="name" v="Östra Småland"/>
  <tag k="office" v="newspaper"/>
 </node>
 <node id="4574667826" visible="true" version="2" changeset="168989969" timestamp="2025-07-16T01:19:30Z" user="archie" uid="156646" lat="56.6654331" lon="16.3628778"/>
 <node id="5884596906" visible="true" version="4" changeset="166389648" timestamp="2025-05-17T12:28:49Z" user="Fredrik Norlander" uid="22890234" lat="56.6641094" lon="16.3648495">
  <tag k="amenity" v="restaurant"/>
  <tag k="check_date" v="2025-05-17"/>
  <tag k="check_date:opening_hours" v="2025-05-17"/>
  <tag k="cuisine" v="asian"/>
  <tag k="name" v="E.A.T."/>
  <tag k="opening_hours" v="Mo-Su,PH 11:30-21:30"/>
 </node>
 <node id="9001809017" visible="true" version="5" changeset="169490776" timestamp="2025-07-26T07:45:22Z" user="Jacob Robespierre" uid="22788206" lat="56.6634854" lon="16.3667380">
  <tag k="addr:country" v="SE"/>
  <tag k="addr:housenumber" v="3"/>
  <tag k="addr:street" v="Östra Sjögatan"/>
  <tag k="amenity" v="restaurant"/>
  <tag k="check_date:opening_hours" v="2025-07-09"/>
  <tag k="diet:vegan" v="yes"/>
  <tag k="name" v="Rosenlundska Restaurant Pub"/>
  <tag k="opening_hours" v="Tu-Sa 17:00+"/>
  <tag k="phone" v="869-35"/>
 </node>
 <node id="9022183517" visible="true" version="2" changeset="135239923" timestamp="2023-04-22T18:55:27Z" user="541074" uid="17921090" lat="56.6649071" lon="16.3636660">
  <tag k="check_date" v="2023-04-22"/>
  <tag k="name" v="Fonus"/>
  <tag k="opening_hours" v="Mo-Fr 08:00-17:00"/>
  <tag k="phone" v="+46 480 10108"/>
  <tag k="shop" v="funeral_directors"/>
 </node>
 <node id="9022314217" visible="true" version="3" changeset="169028474" timestamp="2025-07-16T18:48:55Z" user="nomimono" uid="15888636" lat="56.6641505" lon="16.3637241">
  <tag k="name" v="Platina Nutrition"/>
  <tag k="shop" v="nutrition_supplements"/>
 </node>
 <node id="9022315017" visible="true" version="1" changeset="109971983" timestamp="2021-08-20T09:13:23Z" user="Jochumzen" uid="4842557" lat="56.6640501" lon="16.3638969">
  <tag k="name" v="Intermezzo"/>
  <tag k="shop" v="hairdresser"/>
 </node>
 <node id="9022316617" visible="true" version="5" changeset="169028470" timestamp="2025-07-16T18:48:54Z" user="nomimono" uid="15888636" lat="56.6642441" lon="16.3640301">
  <tag k="brand" v="Fitness24Seven"/>
  <tag k="brand:wikidata" v="Q61112447"/>
  <tag k="check_date" v="2025-07-16"/>
  <tag k="leisure" v="fitness_centre"/>
  <tag k="name" v="Fitness24Seven"/>
  <tag k="opening_hours" v="24/7"/>
 </node>
 <node id="9022316618" visible="true" version="3" changeset="135029450" timestamp="2023-04-17T19:24:31Z" user="541074" uid="17921090" lat="56.6639498" lon="16.3648482">
  <tag k="check_date" v="2023-04-17"/>
  <tag k="name" v="Rågårds Modehus"/>
  <tag k="opening_hours" v="Mo-Fr 10:00-18:00; Sa 10:00-16:00; Su off"/>
  <tag k="shop" v="clothes"/>
 </node>
 <node id="9022318417" visible="true" version="3" changeset="135029450" timestamp="2023-04-17T19:24:29Z" user="541074" uid="17921090" lat="56.6642990" lon="16.3641315">
  <tag k="name" v="Linda Nail"/>
  <tag k="opening_hours" v="Mo-Fr 10:00-19:00; Sa 10:00-16:00; Su off"/>
  <tag k="shop" v="beauty"/>
 </node>
 <node id="9022326018" visible="true" version="4" changeset="169028474" timestamp="2025-07-16T18:48:59Z" user="nomimono" uid="15888636" lat="56.6636789" lon="16.3645373">
  <tag k="name" v="Optiksmedjan"/>
  <tag k="shop" v="optician"/>
 </node>
 <node id="9022326020" visible="true" version="2" changeset="135029449" timestamp="2023-04-17T19:24:04Z" user="541074" uid="17921090" lat="56.6635854" lon="16.3636033">
  <tag k="check_date" v="2023-04-17"/>
  <tag k="name" v="Glimt"/>
  <tag k="shop" v="clothes"/>
 </node>
 <node id="9022328018" visible="true" version="2" changeset="135029449" timestamp="2023-04-17T19:24:08Z" user="541074" uid="17921090" lat="56.6637624" lon="16.3648129">
  <tag k="check_date" v="2023-04-17"/>
  <tag k="name" v="Lindén's Blommor"/>
  <tag k="shop" v="florist"/>
 </node>
 <node id="9022331617" visible="true" version="3" changeset="136292287" timestamp="2023-05-19T10:10:28Z" user="novabeat" uid="716217" lat="56.6637750" lon="16.3648541">
  <tag k="check_date" v="2023-04-17"/>
  <tag k="female" v="yes"/>
  <tag k="male" v="yes"/>
  <tag k="name" v="Capillago"/>
  <tag k="shop" v="hairdresser"/>
 </node>
 <node id="9022333717" visible="true" version="3" changeset="135029449" timestamp="2023-04-17T19:24:07Z" user="541074" uid="17921090" lat="56.6637378" lon="16.3647127">
  <tag k="amenity" v="dentist"/>
  <tag k="check_date" v="2023-04-17"/>
  <tag k="healthcare" v="dentist"/>
  <tag k="name" v="Fosnes &amp; Smide"/>
 </node>
 <node id="9022335017" visible="true" version="4" changeset="169028469" timestamp="2025-07-16T18:48:59Z" user="nomimono" uid="15888636" lat="56.6637004" lon="16.3645809">
  <tag k="check_date" v="2025-07-16"/>
  <tag k="check_date:opening_hours" v="2025-07-16"/>
  <tag k="name" v="Sko-studion"/>
  <tag k="opening_hours" v="Mo-Fr 10:00-18:00; Sa 10:00-15:00; Su off"/>
  <tag k="shop" v="shoes"/>
 </node>
 <node id="9022351119" visible="true" version="2" changeset="135029449" timestamp="2023-04-17T19:24:03Z" user="541074" uid="17921090" lat="56.6635248" lon="16.3639829">
  <tag k="check_date" v="2023-04-17"/>
  <tag k="name" v="Gerdas Te &amp; Kaffehandel"/>
  <tag k="shop" v="tea"/>
 </node>
 <node id="9022351218" visible="true" version="5" changeset="169028469" timestamp="2025-07-16T18:48:59Z" user="nomimono" uid="15888636" lat="56.6634049" lon="16.3635983">
  <tag k="disused:amenity" v="pharmacy"/>
  <tag k="disused:healthcare" v="pharmacy"/>
 </node>
 <node id="9022354817" visible="true" version="2" changeset="135029449" timestamp="2023-04-17T19:24:03Z" user="541074" uid="17921090" lat="56.6634594" lon="16.3637844">
  <tag k="check_date" v="2023-04-17"/>
  <tag k="name" v="Georges"/>
  <tag k="shop" v="jewelry"/>
 </node>
 <node id="9022791223" visible="true" version="2" changeset="135029449" timestamp="2023-04-17T19:24:32Z" user="541074" uid="17921090" lat="56.6633335" lon="16.3658998">
  <tag k="check_date" v="2023-04-17"/>
  <tag k="name" v="Byradhe"/>
  <tag k="shop" v="hairdresser"/>
 </node>
 <node id="9076364917" visible="true" version="1" changeset="110968708" timestamp="2021-09-09T10:53:56Z" user="Jochumzen" uid="4842557" lat="56.6632201" lon="16.3656310">
  <tag k="name" v="Salong Cornelia"/>
  <tag k="shop" v="hairdresser"/>
 </node>
 <node id="9664212452" visible="true" version="1" changeset="119683380" timestamp="2022-04-13T19:41:08Z" user="Dvorty" uid="6315653" lat="56.6643616" lon="16.3648189">
  <tag k="barrier" v="bollard"/>
  <tag k="bicycle" v="yes"/>
  <tag k="bollard" v="fixed"/>
  <tag k="colour" v="black"/>
  <tag k="foot" v="yes"/>
  <tag k="height" v="1"/>
  <tag k="material" v="metal"/>
  <tag k="motor_vehicle" v="no"/>
 </node>
 <node id="9664212453" visible="true" version="1" changeset="119683380" timestamp="2022-04-13T19:41:08Z" user="Dvorty" uid="6315653" lat="56.6644390" lon="16.3647451">
  <tag k="barrier" v="bollard"/>
  <tag k="bicycle" v="yes"/>
  <tag k="bollard" v="fixed"/>
  <tag k="colour" v="black"/>
  <tag k="foot" v="yes"/>
  <tag k="height" v="1"/>
  <tag k="material" v="metal"/>
  <tag k="motor_vehicle" v="no"/>
 </node>
 <node id="9664212454" visible="true" version="1" changeset="119683380" timestamp="2022-04-13T19:41:08Z" user="Dvorty" uid="6315653" lat="56.6643999" lon="16.3647800">
  <tag k="barrier" v="bollard"/>
  <tag k="bicycle" v="yes"/>
  <tag k="bollard" v="fixed"/>
  <tag k="colour" v="black"/>
  <tag k="foot" v="yes"/>
  <tag k="height" v="1"/>
  <tag k="material" v="metal"/>
  <tag k="motor_vehicle" v="no"/>
 </node>
 <node id="9664212455" visible="true" version="1" changeset="119683380" timestamp="2022-04-13T19:41:08Z" user="Dvorty" uid="6315653" lat="56.6643092" lon="16.3648658">
  <tag k="barrier" v="bollard"/>
  <tag k="bicycle" v="yes"/>
  <tag k="bollard" v="fixed"/>
  <tag k="colour" v="black"/>
  <tag k="foot" v="yes"/>
  <tag k="height" v="1"/>
  <tag k="material" v="metal"/>
  <tag k="motor_vehicle" v="no"/>
 </node>
 <node id="9664212456" visible="true" version="1" changeset="119683380" timestamp="2022-04-13T19:41:08Z" user="Dvorty" uid="6315653" lat="56.6642665" lon="16.3649074">
  <tag k="barrier" v="bollard"/>
  <tag k="bicycle" v="yes"/>
  <tag k="bollard" v="fixed"/>
  <tag k="colour" v="black"/>
  <tag k="foot" v="yes"/>
  <tag k="height" v="1"/>
  <tag k="material" v="metal"/>
  <tag k="motor_vehicle" v="no"/>
 </node>
 <node id="9664212457" visible="true" version="1" changeset="119683380" timestamp="2022-04-13T19:41:08Z" user="Dvorty" uid="6315653" lat="56.6642297" lon="16.3649396">
  <tag k="barrier" v="bollard"/>
  <tag k="bicycle" v="yes"/>
  <tag k="bollard" v="fixed"/>
  <tag k="colour" v="black"/>
  <tag k="foot" v="yes"/>
  <tag k="height" v="1"/>
  <tag k="material" v="metal"/>
  <tag k="motor_vehicle" v="no"/>
 </node>
 <node id="9664212458" visible="true" version="1" changeset="119683380" timestamp="2022-04-13T19:41:08Z" user="Dvorty" uid="6315653" lat="56.6641899" lon="16.3649758">
  <tag k="barrier" v="bollard"/>
  <tag k="bicycle" v="yes"/>
  <tag k="bollard" v="fixed"/>
  <tag k="colour" v="black"/>
  <tag k="foot" v="yes"/>
  <tag k="height" v="1"/>
  <tag k="material" v="metal"/>
  <tag k="motor_vehicle" v="no"/>
 </node>
 <node id="9664212459" visible="true" version="1" changeset="119683380" timestamp="2022-04-13T19:41:08Z" user="Dvorty" uid="6315653" lat="56.6641493" lon="16.3650160">
  <tag k="barrier" v="bollard"/>
  <tag k="bicycle" v="yes"/>
  <tag k="bollard" v="fixed"/>
  <tag k="colour" v="black"/>
  <tag k="foot" v="yes"/>
  <tag k="height" v="1"/>
  <tag k="material" v="metal"/>
  <tag k="motor_vehicle" v="no"/>
 </node>
 <node id="9664212460" visible="true" version="1" changeset="119683380" timestamp="2022-04-13T19:41:08Z" user="Dvorty" uid="6315653" lat="56.6641066" lon="16.3650549">
  <tag k="barrier" v="bollard"/>
  <tag k="bicycle" v="yes"/>
  <tag k="bollard" v="fixed"/>
  <tag k="colour" v="black"/>
  <tag k="foot" v="yes"/>
  <tag k="height" v="1"/>
  <tag k="material" v="metal"/>
  <tag k="motor_vehicle" v="no"/>
 </node>
 <node id="9664212461" visible="true" version="1" changeset="119683380" timestamp="2022-04-13T19:41:08Z" user="Dvorty" uid="6315653" lat="56.6640682" lon="16.3650925">
  <tag k="barrier" v="bollard"/>
  <tag k="bicycle" v="yes"/>
  <tag k="bollard" v="fixed"/>
  <tag k="colour" v="black"/>
  <tag k="foot" v="yes"/>
  <tag k="height" v="1"/>
  <tag k="material" v="metal"/>
  <tag k="motor_vehicle" v="no"/>
 </node>
 <node id="9664212462" visible="true" version="1" changeset="119683380" timestamp="2022-04-13T19:41:08Z" user="Dvorty" uid="6315653" lat="56.6640285" lon="16.3651287">
  <tag k="barrier" v="bollard"/>
  <tag k="bicycle" v="yes"/>
  <tag k="bollard" v="fixed"/>
  <tag k="colour" v="black"/>
  <tag k="foot" v="yes"/>
  <tag k="height" v="1"/>
  <tag k="material" v="metal"/>
  <tag k="motor_vehicle" v="no"/>
 </node>
 <node id="9664212463" visible="true" version="1" changeset="119683380" timestamp="2022-04-13T19:41:08Z" user="Dvorty" uid="6315653" lat="56.6639887" lon="16.3651676">
  <tag k="barrier" v="bollard"/>
  <tag k="bicycle" v="yes"/>
  <tag k="bollard" v="fixed"/>
  <tag k="colour" v="black"/>
  <tag k="foot" v="yes"/>
  <tag k="height" v="1"/>
  <tag k="material" v="metal"/>
  <tag k="motor_vehicle" v="no"/>
 </node>
 <node id="9664212464" visible="true" version="1" changeset="119683380" timestamp="2022-04-13T19:41:08Z" user="Dvorty" uid="6315653" lat="56.6639511" lon="16.3652024">
  <tag k="barrier" v="bollard"/>
  <tag k="bicycle" v="yes"/>
  <tag k="bollard" v="fixed"/>
  <tag k="colour" v="black"/>
  <tag k="foot" v="yes"/>
  <tag k="height" v="1"/>
  <tag k="material" v="metal"/>
  <tag k="motor_vehicle" v="no"/>
 </node>
 <node id="9664212465" visible="true" version="1" changeset="119683380" timestamp="2022-04-13T19:41:08Z" user="Dvorty" uid="6315653" lat="56.6639083" lon="16.3652427">
  <tag k="barrier" v="bollard"/>
  <tag k="bicycle" v="yes"/>
  <tag k="bollard" v="fixed"/>
  <tag k="colour" v="black"/>
  <tag k="foot" v="yes"/>
  <tag k="height" v="1"/>
  <tag k="material" v="metal"/>
  <tag k="motor_vehicle" v="no"/>
 </node>
 <node id="9664212466" visible="true" version="1" changeset="119683380" timestamp="2022-04-13T19:41:08Z" user="Dvorty" uid="6315653" lat="56.6638715" lon="16.3652789">
  <tag k="barrier" v="bollard"/>
  <tag k="bicycle" v="yes"/>
  <tag k="bollard" v="fixed"/>
  <tag k="colour" v="black"/>
  <tag k="foot" v="yes"/>
  <tag k="height" v="1"/>
  <tag k="material" v="metal"/>
  <tag k="motor_vehicle" v="no"/>
 </node>
 <node id="9664212467" visible="true" version="1" changeset="119683380" timestamp="2022-04-13T19:41:08Z" user="Dvorty" uid="6315653" lat="56.6638302" lon="16.3653204">
  <tag k="barrier" v="bollard"/>
  <tag k="bicycle" v="yes"/>
  <tag k="bollard" v="fixed"/>
  <tag k="colour" v="black"/>
  <tag k="foot" v="yes"/>
  <tag k="height" v="1"/>
  <tag k="material" v="metal"/>
  <tag k="motor_vehicle" v="no"/>
 </node>
 <node id="9664212468" visible="true" version="1" changeset="119683380" timestamp="2022-04-13T19:41:08Z" user="Dvorty" uid="6315653" lat="56.6637933" lon="16.3653526">
  <tag k="barrier" v="bollard"/>
  <tag k="bicycle" v="yes"/>
  <tag k="bollard" v="fixed"/>
  <tag k="colour" v="black"/>
  <tag k="foot" v="yes"/>
  <tag k="height" v="1"/>
  <tag k="material" v="metal"/>
  <tag k="motor_vehicle" v="no"/>
 </node>
 <node id="9664212469" visible="true" version="1" changeset="119683380" timestamp="2022-04-13T19:41:08Z" user="Dvorty" uid="6315653" lat="56.6646416" lon="16.3660151">
  <tag k="barrier" v="bollard"/>
  <tag k="bicycle" v="yes"/>
  <tag k="bollard" v="fixed"/>
  <tag k="colour" v="black"/>
  <tag k="foot" v="yes"/>
  <tag k="height" v="1"/>
  <tag k="material" v="metal"/>
  <tag k="motor_vehicle" v="no"/>
 </node>
 <node id="9664212470" visible="true" version="1" changeset="119683380" timestamp="2022-04-13T19:41:08Z" user="Dvorty" uid="6315653" lat="56.6645996" lon="16.3660540">
  <tag k="barrier" v="bollard"/>
  <tag k="bicycle" v="yes"/>
  <tag k="bollard" v="fixed"/>
  <tag k="colour" v="black"/>
  <tag k="foot" v="yes"/>
  <tag k="height" v="1"/>
  <tag k="material" v="metal"/>
  <tag k="motor_vehicle" v="no"/>
 </node>
 <node id="9664212471" visible="true" version="1" changeset="119683380" timestamp="2022-04-13T19:41:08Z" user="Dvorty" uid="6315653" lat="56.6645576" lon="16.3660956">
  <tag k="barrier" v="bollard"/>
  <tag k="bicycle" v="yes"/>
  <tag k="bollard" v="fixed"/>
  <tag k="colour" v="black"/>
  <tag k="foot" v="yes"/>
  <tag k="height" v="1"/>
  <tag k="material" v="metal"/>
  <tag k="motor_vehicle" v="no"/>
 </node>
 <node id="9664212472" visible="true" version="1" changeset="119683380" timestamp="2022-04-13T19:41:08Z" user="Dvorty" uid="6315653" lat="56.6645171" lon="16.3661305">
  <tag k="barrier" v="bollard"/>
  <tag k="bicycle" v="yes"/>
  <tag k="bollard" v="fixed"/>
  <tag k="colour" v="black"/>
  <tag k="foot" v="yes"/>
  <tag k="height" v="1"/>
  <tag k="material" v="metal"/>
  <tag k="motor_vehicle" v="no"/>
 </node>
 <node id="9664212473" visible="true" version="1" changeset="119683380" timestamp="2022-04-13T19:41:08Z" user="Dvorty" uid="6315653" lat="56.6644780" lon="16.3661667">
  <tag k="barrier" v="bollard"/>
  <tag k="bicycle" v="yes"/>
  <tag k="bollard" v="fixed"/>
  <tag k="colour" v="black"/>
  <tag k="foot" v="yes"/>
  <tag k="height" v="1"/>
  <tag k="material" v="metal"/>
  <tag k="motor_vehicle" v="no"/>
 </node>
 <node id="9664212474" visible="true" version="1" changeset="119683380" timestamp="2022-04-13T19:41:08Z" user="Dvorty" uid="6315653" lat="56.6644390" lon="16.3662029">
  <tag k="barrier" v="bollard"/>
  <tag k="bicycle" v="yes"/>
  <tag k="bollard" v="fixed"/>
  <tag k="colour" v="black"/>
  <tag k="foot" v="yes"/>
  <tag k="height" v="1"/>
  <tag k="material" v="metal"/>
  <tag k="motor_vehicle" v="no"/>
 </node>
 <node id="9664212475" visible="true" version="1" changeset="119683380" timestamp="2022-04-13T19:41:08Z" user="Dvorty" uid="6315653" lat="56.6643977" lon="16.3662404">
  <tag k="barrier" v="bollard"/>
  <tag k="bicycle" v="yes"/>
  <tag k="bollard" v="fixed"/>
  <tag k="colour" v="black"/>
  <tag k="foot" v="yes"/>
  <tag k="height" v="1"/>
  <tag k="material" v="metal"/>
  <tag k="motor_vehicle" v="no"/>
 </node>
 <node id="9664212476" visible="true" version="1" changeset="119683380" timestamp="2022-04-13T19:41:08Z" user="Dvorty" uid="6315653" lat="56.6643564" lon="16.3662847">
  <tag k="barrier" v="bollard"/>
  <tag k="bicycle" v="yes"/>
  <tag k="bollard" v="fixed"/>
  <tag k="colour" v="black"/>
  <tag k="foot" v="yes"/>
  <tag k="height" v="1"/>
  <tag k="material" v="metal"/>
  <tag k="motor_vehicle" v="no"/>
 </node>
 <node id="9664212477" visible="true" version="1" changeset="119683380" timestamp="2022-04-13T19:41:08Z" user="Dvorty" uid="6315653" lat="56.6643181" lon="16.3663209">
  <tag k="barrier" v="bollard"/>
  <tag k="bicycle" v="yes"/>
  <tag k="bollard" v="fixed"/>
  <tag k="colour" v="black"/>
  <tag k="foot" v="yes"/>
  <tag k="height" v="1"/>
  <tag k="material" v="metal"/>
  <tag k="motor_vehicle" v="no"/>
 </node>
 <node id="9664212478" visible="true" version="1" changeset="119683380" timestamp="2022-04-13T19:41:08Z" user="Dvorty" uid="6315653" lat="56.6642798" lon="16.3663598">
  <tag k="barrier" v="bollard"/>
  <tag k="bicycle" v="yes"/>
  <tag k="bollard" v="fixed"/>
  <tag k="colour" v="black"/>
  <tag k="foot" v="yes"/>
  <tag k="height" v="1"/>
  <tag k="material" v="metal"/>
  <tag k="motor_vehicle" v="no"/>
 </node>
 <node id="9664212479" visible="true" version="2" changeset="135029544" timestamp="2023-04-17T19:24:11Z" user="541074" uid="17921090" lat="56.6642085" lon="16.3663834">
  <tag k="amenity" v="bench"/>
  <tag k="backrest" v="yes"/>
 </node>
 <node id="9664212480" visible="true" version="2" changeset="135029544" timestamp="2023-04-17T19:24:11Z" user="541074" uid="17921090" lat="56.6641778" lon="16.3664119">
  <tag k="amenity" v="bench"/>
  <tag k="backrest" v="yes"/>
 </node>
 <node id="9664212481" visible="true" version="2" changeset="135029544" timestamp="2023-04-17T19:24:12Z" user="541074" uid="17921090" lat="56.6641464" lon="16.3664398">
  <tag k="amenity" v="bench"/>
  <tag k="backrest" v="yes"/>
 </node>
 <node id="9664212482" visible="true" version="2" changeset="135029544" timestamp="2023-04-17T19:24:12Z" user="541074" uid="17921090" lat="56.6641161" lon="16.3664671">
  <tag k="amenity" v="bench"/>
  <tag k="backrest" v="yes"/>
 </node>
 <node id="9664212483" visible="true" version="2" changeset="135029544" timestamp="2023-04-17T19:24:11Z" user="541074" uid="17921090" lat="56.6642309" lon="16.3663620">
  <tag k="amenity" v="bench"/>
  <tag k="backrest" v="yes"/>
 </node>
 <node id="9664212484" visible="true" version="1" changeset="119683380" timestamp="2022-04-13T19:41:08Z" user="Dvorty" uid="6315653" lat="56.6642009" lon="16.3664379">
  <tag k="barrier" v="bollard"/>
  <tag k="bicycle" v="yes"/>
  <tag k="bollard" v="fixed"/>
  <tag k="colour" v="black"/>
  <tag k="foot" v="yes"/>
  <tag k="height" v="1"/>
  <tag k="material" v="metal"/>
  <tag k="motor_vehicle" v="no"/>
 </node>
 <node id="9664212485" visible="true" version="1" changeset="119683380" timestamp="2022-04-13T19:41:08Z" user="Dvorty" uid="6315653" lat="56.6641610" lon="16.3664761">
  <tag k="barrier" v="bollard"/>
  <tag k="bicycle" v="yes"/>
  <tag k="bollard" v="fixed"/>
  <tag k="colour" v="black"/>
  <tag k="foot" v="yes"/>
  <tag k="height" v="1"/>
  <tag k="material" v="metal"/>
  <tag k="motor_vehicle" v="no"/>
 </node>
 <node id="9664212486" visible="true" version="1" changeset="119683380" timestamp="2022-04-13T19:41:08Z" user="Dvorty" uid="6315653" lat="56.6641178" lon="16.3665171">
  <tag k="barrier" v="bollard"/>
  <tag k="bicycle" v="yes"/>
  <tag k="bollard" v="fixed"/>
  <tag k="colour" v="black"/>
  <tag k="foot" v="yes"/>
  <tag k="height" v="1"/>
  <tag k="material" v="metal"/>
  <tag k="motor_vehicle" v="no"/>
 </node>
 <node id="9664212487" visible="true" version="1" changeset="119683380" timestamp="2022-04-13T19:41:08Z" user="Dvorty" uid="6315653" lat="56.6640809" lon="16.3665504">
  <tag k="barrier" v="bollard"/>
  <tag k="bicycle" v="yes"/>
  <tag k="bollard" v="fixed"/>
  <tag k="colour" v="black"/>
  <tag k="foot" v="yes"/>
  <tag k="height" v="1"/>
  <tag k="material" v="metal"/>
  <tag k="motor_vehicle" v="no"/>
 </node>
 <node id="9664212488" visible="true" version="1" changeset="119683380" timestamp="2022-04-13T19:41:08Z" user="Dvorty" uid="6315653" lat="56.6646784" lon="16.3659773">
  <tag k="barrier" v="bollard"/>
  <tag k="bicycle" v="yes"/>
  <tag k="bollard" v="fixed"/>
  <tag k="colour" v="black"/>
  <tag k="foot" v="yes"/>
  <tag k="height" v="1"/>
  <tag k="material" v="metal"/>
  <tag k="motor_vehicle" v="no"/>
 </node>
 <node id="9664212489" visible="true" version="1" changeset="119683380" timestamp="2022-04-13T19:41:08Z" user="Dvorty" uid="6315653" lat="56.6647210" lon="16.3659415">
  <tag k="barrier" v="bollard"/>
  <tag k="bicycle" v="yes"/>
  <tag k="bollard" v="fixed"/>
  <tag k="colour" v="black"/>
  <tag k="foot" v="yes"/>
  <tag k="height" v="1"/>
  <tag k="material" v="metal"/>
  <tag k="motor_vehicle" v="no"/>
 </node>
 <node id="9664212490" visible="true" version="1" changeset="119683380" timestamp="2022-04-13T19:41:08Z" user="Dvorty" uid="6315653" lat="56.6647587" lon="16.3659027">
  <tag k="barrier" v="bollard"/>
  <tag k="bicycle" v="yes"/>
  <tag k="bollard" v="fixed"/>
  <tag k="colour" v="black"/>
  <tag k="foot" v="yes"/>
  <tag k="height" v="1"/>
  <tag k="material" v="metal"/>
  <tag k="motor_vehicle" v="no"/>
 </node>
 <node id="9664212491" visible="true" version="1" changeset="119683380" timestamp="2022-04-13T19:41:08Z" user="Dvorty" uid="6315653" lat="56.6647980" lon="16.3658650">
  <tag k="barrier" v="bollard"/>
  <tag k="bicycle" v="yes"/>
  <tag k="bollard" v="fixed"/>
  <tag k="colour" v="black"/>
  <tag k="foot" v="yes"/>
  <tag k="height" v="1"/>
  <tag k="material" v="metal"/>
  <tag k="motor_vehicle" v="no"/>
 </node>
 <node id="9664212492" visible="true" version="1" changeset="119683380" timestamp="2022-04-13T19:41:08Z" user="Dvorty" uid="6315653" lat="56.6644683" lon="16.3660938">
  <tag k="man_made" v="flagpole"/>
 </node>
 <node id="9664212493" visible="true" version="1" changeset="119683380" timestamp="2022-04-13T19:41:08Z" user="Dvorty" uid="6315653" lat="56.6644306" lon="16.3661297">
  <tag k="man_made" v="flagpole"/>
 </node>
 <node id="9664212494" visible="true" version="1" changeset="119683380" timestamp="2022-04-13T19:41:08Z" user="Dvorty" uid="6315653" lat="56.6643955" lon="16.3661608">
  <tag k="man_made" v="flagpole"/>
 </node>
 <node id="9664212495" visible="true" version="1" changeset="119683380" timestamp="2022-04-13T19:41:08Z" user="Dvorty" uid="6315653" lat="56.6643613" lon="16.3661935">
  <tag k="man_made" v="flagpole"/>
 </node>
 <node id="9664212496" visible="true" version="1" changeset="119683380" timestamp="2022-04-13T19:41:08Z" user="Dvorty" uid="6315653" lat="56.6643245" lon="16.3662262">
  <tag k="man_made" v="flagpole"/>
 </node>
 <node id="10295360440" visible="true" version="1" changeset="130694918" timestamp="2022-12-30T16:43:29Z" user="Hidoo00" uid="12760662" lat="56.6629349" lon="16.3662148">
  <tag k="direction" v="-115"/>
  <tag k="historic" v="memorial"/>
  <tag k="inscription" v="1812 – 1883&#10;BANBRYTARE PÅ SKILDA FÄLT⋅&#10;FRAMSTÅENDE MEDBORGARE ⋅ DONATOR⋅"/>
  <tag k="material" v="metal"/>
  <tag k="memorial" v="plaque"/>
  <tag k="name" v="O. E. L. Dahm"/>
 </node>
 <node id="10295360441" visible="true" version="1" changeset="130694918" timestamp="2022-12-30T16:43:29Z" user="Hidoo00" uid="12760662" lat="56.6629343" lon="16.3662154">
  <tag k="board_type" v="history"/>
  <tag k="direction" v="-115"/>
  <tag k="information" v="board"/>
  <tag k="material" v="glass"/>
  <tag k="name" v="Dahmska huset"/>
  <tag k="tourism" v="information"/>
 </node>
 <node id="10295360443" visible="true" version="1" changeset="130694918" timestamp="2022-12-30T16:43:29Z" user="Hidoo00" uid="12760662" lat="56.6629126" lon="16.3663858">
  <tag k="direction" v="-205"/>
  <tag k="historic" v="memorial"/>
  <tag k="inscription" v="TULEDER MIGH EF -&#10;TER TYTT RÅD OCH&#10;VPTAGER MIGH PÅ&#10;ENDALYCHTENE MEDH&#10;AHRO PSAL:LXXIII&#10;V:XXIV&#10;&#10;AOS-BGD&#10;B S&#10;ANNO⋅1666"/>
  <tag k="material" v="metal"/>
  <tag k="memorial" v="plaque"/>
 </node>
 <node id="10295360444" visible="true" version="2" changeset="169028479" timestamp="2025-07-16T18:49:00Z" user="nomimono" uid="15888636" lat="56.6638640" lon="16.3649920">
  <tag k="emergency" v="defibrillator"/>
  <tag k="indoor" v="no"/>
 </node>
 <node id="12998676662" visible="true" version="4" changeset="174437485" timestamp="2025-11-09T21:46:34Z" user="jotth" uid="611825" lat="56.6648487" lon="16.3640915">
  <tag k="addr:city" v="Kalmar"/>
  <tag k="addr:housenumber" v="31"/>
  <tag k="addr:postcode" v="392 32"/>
  <tag k="addr:province" v="Kalmar kommun"/>
  <tag k="addr:street" v="Västra Sjögatan"/>
  <tag k="amenity" v="bank"/>
  <tag k="brand" v="SEB"/>
  <tag k="brand:wikidata" v="Q975655"/>
  <tag k="cash_withdrawal" v="yes"/>
  <tag k="name" v="SEB"/>
  <tag k="operator" v="SEB"/>
 </node>
 <node id="12998676676" visible="true" version="4" changeset="174437485" timestamp="2025-11-09T21:46:34Z" user="jotth" uid="611825" lat="56.6637027" lon="16.3639788">
  <tag k="addr:city" v="Kalmar"/>
  <tag k="addr:housenumber" v="25"/>
  <tag k="addr:postcode" v="392 32"/>
  <tag k="addr:province" v="Kalmar kommun"/>
  <tag k="addr:street" v="Storgatan"/>
  <tag k="amenity" v="bank"/>
  <tag k="brand" v="Swedbank"/>
  <tag k="brand:wikidata" v="Q1145493"/>
  <tag k="cash_withdrawal" v="yes"/>
  <tag k="name" v="Swedbank"/>
  <tag k="operator" v="Swedbank"/>
 </node>
 <node id="13003264358" visible="true" version="1" changeset="168988693" timestamp="2025-07-15T23:54:04Z" user="archie" uid="156646" lat="56.6637027" lon="16.3668676"/>
 <node id="13003264359" visible="true" version="1" changeset="168988693" timestamp="2025-07-15T23:54:04Z" user="archie" uid="156646" lat="56.6628566" lon="16.3663150"/>
 <node id="13003264360" visible="true" version="1" changeset="168988693" timestamp="2025-07-15T23:54:04Z" user="archie" uid="156646" lat="56.6633371" lon="16.3657786"/>
 <node id="13003264361" visible="true" version="1" changeset="168988693" timestamp="2025-07-15T23:54:04Z" user="archie" uid="156646" lat="56.6633843" lon="16.3657786"/>
 <node id="13003264362" visible="true" version="1" changeset="168988693" timestamp="2025-07-15T23:54:04Z" user="archie" uid="156646" lat="56.6631912" lon="16.3673919"/>
 <node id="13003264363" visible="true" version="1" changeset="168988693" timestamp="2025-07-15T23:54:04Z" user="archie" uid="156646" lat="56.6636909" lon="16.3669333"/>
 <node id="13003264364" visible="true" version="1" changeset="168988693" timestamp="2025-07-15T23:54:04Z" user="archie" uid="156646" lat="56.6631713" lon="16.3673437"/>
 <node id="13003264365" visible="true" version="1" changeset="168988693" timestamp="2025-07-15T23:54:04Z" user="archie" uid="156646" lat="56.6628647" lon="16.3662225"/>
 <node id="13003264366" visible="true" version="1" changeset="168988693" timestamp="2025-07-15T23:54:04Z" user="archie" uid="156646" lat="56.6632288" lon="16.3673718"/>
 <node id="13003295726" visible="true" version="1" changeset="168988693" timestamp="2025-07-15T23:54:05Z" user="archie" uid="156646" lat="56.6633305" lon="16.3655788"/>
 <node id="13003295727" visible="true" version="1" changeset="168988693" timestamp="2025-07-15T23:54:05Z" user="archie" uid="156646" lat="56.6628817" lon="16.3661166"/>
 <node id="13003295728" visible="true" version="1" changeset="168988693" timestamp="2025-07-15T23:54:05Z" user="archie" uid="156646" lat="56.6627077" lon="16.3657169"/>
 <node id="13003295729" visible="true" version="1" changeset="168988693" timestamp="2025-07-15T23:54:05Z" user="archie" uid="156646" lat="56.6622235" lon="16.3640553"/>
 <node id="13003295730" visible="true" version="1" changeset="168988693" timestamp="2025-07-15T23:54:05Z" user="archie" uid="156646" lat="56.6627018" lon="16.3635698"/>
 <node id="13003295731" visible="true" version="1" changeset="168988693" timestamp="2025-07-15T23:54:05Z" user="archie" uid="156646" lat="56.6633224" lon="16.3656512"/>
 <node id="13003295732" visible="true" version="1" changeset="168988693" timestamp="2025-07-15T23:54:05Z" user="archie" uid="156646" lat="56.6627416" lon="16.3635859"/>
 <node id="13003295733" visible="true" version="1" changeset="168988693" timestamp="2025-07-15T23:54:05Z" user="archie" uid="156646" lat="56.6628256" lon="16.3661286"/>
 <node id="13003295734" visible="true" version="1" changeset="168988693" timestamp="2025-07-15T23:54:05Z" user="archie" uid="156646" lat="56.6624741" lon="16.3637777"/>
 <node id="13003295735" visible="true" version="1" changeset="168988693" timestamp="2025-07-15T23:54:05Z" user="archie" uid="156646" lat="56.6622323" lon="16.3640016"/>
 <node id="13003295736" visible="true" version="1" changeset="168988693" timestamp="2025-07-15T23:54:05Z" user="archie" uid="156646" lat="56.6639437" lon="16.3650356"/>
 <node id="13003295737" visible="true" version="1" changeset="168988693" timestamp="2025-07-15T23:54:05Z" user="archie" uid="156646" lat="56.6644566" lon="16.3645850"/>
 <node id="13003295738" visible="true" version="1" changeset="168988693" timestamp="2025-07-15T23:54:05Z" user="archie" uid="156646" lat="56.6638759" lon="16.3624915"/>
 <node id="13003295739" visible="true" version="1" changeset="168988693" timestamp="2025-07-15T23:54:05Z" user="archie" uid="156646" lat="56.6633769" lon="16.3629127"/>
 <node id="13003295740" visible="true" version="1" changeset="168988693" timestamp="2025-07-15T23:54:05Z" user="archie" uid="156646" lat="56.6633526" lon="16.3629891"/>
 <node id="13003295741" visible="true" version="1" changeset="168988693" timestamp="2025-07-15T23:54:05Z" user="archie" uid="156646" lat="56.6639813" lon="16.3650437"/>
 <node id="13003295742" visible="true" version="1" changeset="168988693" timestamp="2025-07-15T23:54:05Z" user="archie" uid="156646" lat="56.6638442" lon="16.3624768"/>
 <node id="13003295743" visible="true" version="1" changeset="168988693" timestamp="2025-07-15T23:54:05Z" user="archie" uid="156646" lat="56.6644707" lon="16.3645247"/>
 <node id="13003295744" visible="true" version="1" changeset="168988693" timestamp="2025-07-15T23:54:05Z" user="archie" uid="156646" lat="56.6634315" lon="16.3655895"/>
 <node id="13003295745" visible="true" version="1" changeset="168988693" timestamp="2025-07-15T23:54:05Z" user="archie" uid="156646" lat="56.6627947" lon="16.3635363"/>
 <node id="13003324823" visible="true" version="1" changeset="168988693" timestamp="2025-07-15T23:54:05Z" user="archie" uid="156646" lat="56.6632833" lon="16.3630092"/>
 <node id="13003324824" visible="true" version="1" changeset="168988693" timestamp="2025-07-15T23:54:05Z" user="archie" uid="156646" lat="56.6633976" lon="16.3655908"/>
 <node id="13003324825" visible="true" version="1" changeset="168988693" timestamp="2025-07-15T23:54:05Z" user="archie" uid="156646" lat="56.6633077" lon="16.3630253"/>
 <node id="13003324826" visible="true" version="1" changeset="168988693" timestamp="2025-07-15T23:54:05Z" user="archie" uid="156646" lat="56.6639194" lon="16.3650799"/>
 <node id="13003324827" visible="true" version="1" changeset="168988693" timestamp="2025-07-15T23:54:05Z" user="archie" uid="156646" lat="56.6627999" lon="16.3634571"/>
 <node id="13003324828" visible="true" version="1" changeset="168988693" timestamp="2025-07-15T23:54:05Z" user="archie" uid="156646" lat="56.6638862" lon="16.3651590"/>
 <node id="13003324829" visible="true" version="1" changeset="168988693" timestamp="2025-07-15T23:54:05Z" user="archie" uid="156646" lat="56.6637329" lon="16.3652891"/>
 <node id="13003362857" visible="true" version="1" changeset="168989792" timestamp="2025-07-16T01:09:29Z" user="archie" uid="156646" lat="56.6648627" lon="16.3659315"/>
 <node id="13003362858" visible="true" version="1" changeset="168989792" timestamp="2025-07-16T01:09:29Z" user="archie" uid="156646" lat="56.6648045" lon="16.3682047"/>
 <node id="13003362859" visible="true" version="1" changeset="168989792" timestamp="2025-07-16T01:09:29Z" user="archie" uid="156646" lat="56.6643159" lon="16.3687250"/>
 <node id="13003362860" visible="true" version="1" changeset="168989792" timestamp="2025-07-16T01:09:29Z" user="archie" uid="156646" lat="56.6637978" lon="16.3669708"/>
 <node id="13003362861" visible="true" version="1" changeset="168989792" timestamp="2025-07-16T01:09:29Z" user="archie" uid="156646" lat="56.6642812" lon="16.3664840"/>
 <node id="13003362862" visible="true" version="1" changeset="168989792" timestamp="2025-07-16T01:09:29Z" user="archie" uid="156646" lat="56.6643291" lon="16.3664921"/>
 <node id="13003362863" visible="true" version="1" changeset="168989792" timestamp="2025-07-16T01:09:29Z" user="archie" uid="156646" lat="56.6638243" lon="16.3669051"/>
 <node id="13003362864" visible="true" version="1" changeset="168989792" timestamp="2025-07-16T01:09:29Z" user="archie" uid="156646" lat="56.6642827" lon="16.3686982"/>
 <node id="13003362865" visible="true" version="1" changeset="168989792" timestamp="2025-07-16T01:09:29Z" user="archie" uid="156646" lat="56.6647898" lon="16.3682704"/>
 <node id="13003364626" visible="true" version="1" changeset="168989792" timestamp="2025-07-16T01:09:31Z" user="archie" uid="156646" lat="56.6645480" lon="16.3645005"/>
 <node id="13003364627" visible="true" version="1" changeset="168989792" timestamp="2025-07-16T01:09:31Z" user="archie" uid="156646" lat="56.6639356" lon="16.3624527"/>
 <node id="13003364628" visible="true" version="1" changeset="168989792" timestamp="2025-07-16T01:09:31Z" user="archie" uid="156646" lat="56.6644544" lon="16.3619417"/>
 <node id="13003364629" visible="true" version="1" changeset="168989792" timestamp="2025-07-16T01:09:31Z" user="archie" uid="156646" lat="56.6646033" lon="16.3635349"/>
 <node id="13003364630" visible="true" version="1" changeset="168989792" timestamp="2025-07-16T01:09:31Z" user="archie" uid="156646" lat="56.6648495" lon="16.3633002"/>
 <node id="13003364631" visible="true" version="1" changeset="168989792" timestamp="2025-07-16T01:09:31Z" user="archie" uid="156646" lat="56.6644898" lon="16.3631460"/>
 <node id="13003364632" visible="true" version="1" changeset="168989792" timestamp="2025-07-16T01:09:31Z" user="archie" uid="156646" lat="56.6647234" lon="16.3629153"/>
 <node id="13003364633" visible="true" version="1" changeset="168989792" timestamp="2025-07-16T01:09:31Z" user="archie" uid="156646" lat="56.6650300" lon="16.3640486"/>
 <node id="13003364634" visible="true" version="1" changeset="168989792" timestamp="2025-07-16T01:09:31Z" user="archie" uid="156646" lat="56.6639577" lon="16.3623708"/>
 <node id="13003364635" visible="true" version="1" changeset="168989792" timestamp="2025-07-16T01:09:31Z" user="archie" uid="156646" lat="56.6645245" lon="16.3644737"/>
 <node id="13003364636" visible="true" version="1" changeset="168989792" timestamp="2025-07-16T01:09:31Z" user="archie" uid="156646" lat="56.6644043" lon="16.3619269"/>
 <node id="13003378857" visible="true" version="1" changeset="168989969" timestamp="2025-07-16T01:19:30Z" user="archie" uid="156646" lat="56.6640849" lon="16.3665489"/>
 <node id="13003378858" visible="true" version="1" changeset="168989969" timestamp="2025-07-16T01:19:30Z" user="archie" uid="156646" lat="56.6643105" lon="16.3663327"/>
 <node id="13003378859" visible="true" version="1" changeset="168989969" timestamp="2025-07-16T01:19:30Z" user="archie" uid="156646" lat="56.6639787" lon="16.3651640"/>
 <node id="13003378860" visible="true" version="1" changeset="168989969" timestamp="2025-07-16T01:19:30Z" user="archie" uid="156646" lat="56.6648570" lon="16.3658088"/>
 <node id="13003378861" visible="true" version="1" changeset="168989969" timestamp="2025-07-16T01:19:30Z" user="archie" uid="156646" lat="56.6639208" lon="16.3652195"/>
 <node id="13003378862" visible="true" version="1" changeset="168989969" timestamp="2025-07-16T01:19:30Z" user="archie" uid="156646" lat="56.6645201" lon="16.3646450"/>
 <node id="13003378863" visible="true" version="1" changeset="168989969" timestamp="2025-07-16T01:19:30Z" user="archie" uid="156646" lat="56.6642677" lon="16.3663736"/>
 <node id="13003378864" visible="true" version="1" changeset="168989969" timestamp="2025-07-16T01:19:30Z" user="archie" uid="156646" lat="56.6637480" lon="16.3653851"/>
 <node id="13003378865" visible="true" version="1" changeset="168989969" timestamp="2025-07-16T01:19:30Z" user="archie" uid="156646" lat="56.6640752" lon="16.3665156"/>
 <node id="13003378866" visible="true" version="1" changeset="168989969" timestamp="2025-07-16T01:19:30Z" user="archie" uid="156646" lat="56.6637554" lon="16.3668461"/>
 <node id="13003378867" visible="true" version="1" changeset="168989969" timestamp="2025-07-16T01:19:30Z" user="archie" uid="156646" lat="56.6640495" lon="16.3665920"/>
 <node id="13003380641" visible="true" version="1" changeset="168989792" timestamp="2025-07-16T01:09:30Z" user="archie" uid="156646" lat="56.6649431" lon="16.3658691"/>
 <node id="13003380642" visible="true" version="1" changeset="168989792" timestamp="2025-07-16T01:09:30Z" user="archie" uid="156646" lat="56.6654335" lon="16.3676099"/>
 <node id="13003380643" visible="true" version="1" changeset="168989792" timestamp="2025-07-16T01:09:30Z" user="archie" uid="156646" lat="56.6656012" lon="16.3667100"/>
 <node id="13003380644" visible="true" version="1" changeset="168989792" timestamp="2025-07-16T01:09:30Z" user="archie" uid="156646" lat="56.6654096" lon="16.3654400"/>
 <node id="13003380645" visible="true" version="1" changeset="168989792" timestamp="2025-07-16T01:09:30Z" user="archie" uid="156646" lat="56.6656962" lon="16.3673946"/>
 <node id="13003380646" visible="true" version="1" changeset="168989792" timestamp="2025-07-16T01:09:30Z" user="archie" uid="156646" lat="56.6655050" lon="16.3660388"/>
 <node id="13003380647" visible="true" version="1" changeset="168989792" timestamp="2025-07-16T01:09:30Z" user="archie" uid="156646" lat="56.6653532" lon="16.3654601"/>
 <node id="13003380648" visible="true" version="1" changeset="168989792" timestamp="2025-07-16T01:09:30Z" user="archie" uid="156646" lat="56.6654744" lon="16.3658135"/>
 <node id="13003380649" visible="true" version="1" changeset="168989792" timestamp="2025-07-16T01:09:30Z" user="archie" uid="156646" lat="56.6654600" lon="16.3676240"/>
 <node id="13003380650" visible="true" version="1" changeset="168989792" timestamp="2025-07-16T01:09:30Z" user="archie" uid="156646" lat="56.6649379" lon="16.3659161"/>
 <node id="13003384770" visible="true" version="1" changeset="168989792" timestamp="2025-07-16T01:09:30Z" user="archie" uid="156646" lat="56.6654037" lon="16.3652475"/>
 <node id="13003384771" visible="true" version="1" changeset="168989792" timestamp="2025-07-16T01:09:30Z" user="archie" uid="156646" lat="56.6649158" lon="16.3657504"/>
 <node id="13003384772" visible="true" version="1" changeset="168989792" timestamp="2025-07-16T01:09:30Z" user="archie" uid="156646" lat="56.6645805" lon="16.3646561"/>
 <node id="13003384773" visible="true" version="1" changeset="168989792" timestamp="2025-07-16T01:09:30Z" user="archie" uid="156646" lat="56.6650853" lon="16.3641572"/>
 <node id="13003384774" visible="true" version="1" changeset="168989792" timestamp="2025-07-16T01:09:30Z" user="archie" uid="156646" lat="56.6653838" lon="16.3653065"/>
 <node id="13003384775" visible="true" version="1" changeset="168989792" timestamp="2025-07-16T01:09:30Z" user="archie" uid="156646" lat="56.6650462" lon="16.3641492"/>
 <node id="13003384776" visible="true" version="1" changeset="168989792" timestamp="2025-07-16T01:09:30Z" user="archie" uid="156646" lat="56.6648826" lon="16.3657317"/>
 <node id="13003384777" visible="true" version="1" changeset="168989792" timestamp="2025-07-16T01:09:30Z" user="archie" uid="156646" lat="56.6645974" lon="16.3645796"/>
 <node id="13003384778" visible="true" version="1" changeset="168989792" timestamp="2025-07-16T01:09:30Z" user="archie" uid="156646" lat="56.6647239" lon="16.3630053"/>
 <node id="13003384779" visible="true" version="1" changeset="168989792" timestamp="2025-07-16T01:09:30Z" user="archie" uid="156646" lat="56.6646040" lon="16.3635033"/>
 <node id="13003384780" visible="true" version="1" changeset="168989792" timestamp="2025-07-16T01:09:30Z" user="archie" uid="156646" lat="56.6645165" lon="16.3632102"/>
 <node id="13003384781" visible="true" version="1" changeset="168989792" timestamp="2025-07-16T01:09:30Z" user="archie" uid="156646" lat="56.6648114" lon="16.3632984"/>
 <node id="13003384782" visible="true" version="1" changeset="168989792" timestamp="2025-07-16T01:09:30Z" user="archie" uid="156646" lat="56.6650448" lon="16.3639976"/>
 <node id="13003393534" visible="true" version="1" changeset="168989792" timestamp="2025-07-16T01:09:28Z" user="archie" uid="156646" lat="56.6637580" lon="16.3670325"/>
 <node id="13003393535" visible="true" version="1" changeset="168989792" timestamp="2025-07-16T01:09:28Z" user="archie" uid="156646" lat="56.6632487" lon="16.3674657"/>
 <node id="13003393536" visible="true" version="1" changeset="168989792" timestamp="2025-07-16T01:09:28Z" user="archie" uid="156646" lat="56.6636459" lon="16.3689530"/>
 <node id="13003393537" visible="true" version="1" changeset="168989792" timestamp="2025-07-16T01:09:28Z" user="archie" uid="156646" lat="56.6634757" lon="16.3683656"/>
 <node id="13003393538" visible="true" version="1" changeset="168989792" timestamp="2025-07-16T01:09:28Z" user="archie" uid="156646" lat="56.6638729" lon="16.3690764"/>
 <node id="13003393539" visible="true" version="1" changeset="168989792" timestamp="2025-07-16T01:09:28Z" user="archie" uid="156646" lat="56.6642252" lon="16.3688014"/>
 <node id="13003393540" visible="true" version="1" changeset="168989792" timestamp="2025-07-16T01:09:28Z" user="archie" uid="156646" lat="56.6637145" lon="16.3670205"/>
 <node id="13003393541" visible="true" version="1" changeset="168989792" timestamp="2025-07-16T01:09:28Z" user="archie" uid="156646" lat="56.6642370" lon="16.3687263"/>
 <node id="13003393542" visible="true" version="1" changeset="168989792" timestamp="2025-07-16T01:09:28Z" user="archie" uid="156646" lat="56.6639385" lon="16.3691099"/>
 <node id="13003393543" visible="true" version="1" changeset="168989792" timestamp="2025-07-16T01:09:28Z" user="archie" uid="156646" lat="56.6632362" lon="16.3675247"/>
 <node id="13003393544" visible="true" version="1" changeset="168989792" timestamp="2025-07-16T01:09:28Z" user="archie" uid="156646" lat="56.6653536" lon="16.3677312"/>
 <node id="13003393545" visible="true" version="1" changeset="168989792" timestamp="2025-07-16T01:09:28Z" user="archie" uid="156646" lat="56.6649047" lon="16.3659570"/>
 <node id="13003393546" visible="true" version="1" changeset="168989792" timestamp="2025-07-16T01:09:28Z" user="archie" uid="156646" lat="56.6643800" lon="16.3663888"/>
 <node id="13003393547" visible="true" version="1" changeset="168989792" timestamp="2025-07-16T01:09:28Z" user="archie" uid="156646" lat="56.6648826" lon="16.3681698"/>
 <node id="13003393548" visible="true" version="1" changeset="168989792" timestamp="2025-07-16T01:09:28Z" user="archie" uid="156646" lat="56.6643667" lon="16.3664572"/>
 <node id="13003393549" visible="true" version="1" changeset="168989792" timestamp="2025-07-16T01:09:28Z" user="archie" uid="156646" lat="56.6653808" lon="16.3676561"/>
 <node id="13003393550" visible="true" version="1" changeset="168989792" timestamp="2025-07-16T01:09:28Z" user="archie" uid="156646" lat="56.6648436" lon="16.3681523"/>
 <node id="13003395500" visible="true" version="1" changeset="168989969" timestamp="2025-07-16T01:19:29Z" user="archie" uid="156646" lat="56.6645023" lon="16.3618290"/>
 <node id="13003406280" visible="true" version="1" changeset="168989969" timestamp="2025-07-16T01:19:30Z" user="archie" uid="156646" lat="56.6634396" lon="16.3656941"/>
 <node id="13003406281" visible="true" version="1" changeset="168989969" timestamp="2025-07-16T01:19:30Z" user="archie" uid="156646" lat="56.6634307" lon="16.3657511"/>
 <node id="13003406282" visible="true" version="1" changeset="168989969" timestamp="2025-07-16T01:19:30Z" user="archie" uid="156646" lat="56.6637801" lon="16.3668448"/>
 <node id="13003406283" visible="true" version="1" changeset="168989969" timestamp="2025-07-16T01:19:30Z" user="archie" uid="156646" lat="56.6637351" lon="16.3654131"/>
 <node id="13003406284" visible="true" version="1" changeset="168989969" timestamp="2025-07-16T01:19:30Z" user="archie" uid="156646" lat="56.6640594" lon="16.3665370"/>
 <node id="13003415804" visible="true" version="1" changeset="168989969" timestamp="2025-07-16T01:19:29Z" user="archie" uid="156646" lat="56.6653742" lon="16.3626391"/>
 <node id="13003415805" visible="true" version="1" changeset="168989969" timestamp="2025-07-16T01:19:29Z" user="archie" uid="156646" lat="56.6649747" lon="16.3614093"/>
 <node id="13003415806" visible="true" version="1" changeset="168989969" timestamp="2025-07-16T01:19:29Z" user="archie" uid="156646" lat="56.6644994" lon="16.3619095"/>
 <node id="13003415807" visible="true" version="1" changeset="168989969" timestamp="2025-07-16T01:19:29Z" user="archie" uid="156646" lat="56.6650823" lon="16.3639024"/>
 <node id="13003420601" visible="true" version="1" changeset="168989969" timestamp="2025-07-16T01:19:29Z" user="archie" uid="156646" lat="56.6650971" lon="16.3639453"/>
 <node id="13003420602" visible="true" version="1" changeset="168989969" timestamp="2025-07-16T01:19:29Z" user="archie" uid="156646" lat="56.6655680" lon="16.3633820"/>
 <node id="13003420603" visible="true" version="1" changeset="168989969" timestamp="2025-07-16T01:19:29Z" user="archie" uid="156646" lat="56.6649003" lon="16.3632493"/>
 <node id="13003420604" visible="true" version="1" changeset="168989969" timestamp="2025-07-16T01:19:29Z" user="archie" uid="156646" lat="56.6650197" lon="16.3614200"/>
 <node id="13003420605" visible="true" version="1" changeset="168989969" timestamp="2025-07-16T01:19:29Z" user="archie" uid="156646" lat="56.6647323" lon="16.3616265"/>
 <node id="13003420606" visible="true" version="1" changeset="168989969" timestamp="2025-07-16T01:19:29Z" user="archie" uid="156646" lat="56.6654545" lon="16.3635832"/>
 <node id="13003420607" visible="true" version="1" changeset="168989969" timestamp="2025-07-16T01:19:29Z" user="archie" uid="156646" lat="56.6647537" lon="16.3627705"/>
 <node id="13003420608" visible="true" version="1" changeset="168989969" timestamp="2025-07-16T01:19:29Z" user="archie" uid="156646" lat="56.6651560" lon="16.3639534"/>
 <node id="13003420609" visible="true" version="1" changeset="168989969" timestamp="2025-07-16T01:19:29Z" user="archie" uid="156646" lat="56.6653499" lon="16.3637133"/>
 <node id="13026192229" visible="true" version="1" changeset="169495029" timestamp="2025-07-26T09:21:03Z" user="aleajacta" uid="22339718" lat="56.6643091" lon="16.3665362"/>
 <node id="13026192230" visible="true" version="1" changeset="169495029" timestamp="2025-07-26T09:21:03Z" user="aleajacta" uid="22339718" lat="56.6642838" lon="16.3665243"/>
 <node id="13026192231" visible="true" version="1" changeset="169495029" timestamp="2025-07-26T09:21:03Z" user="aleajacta" uid="22339718" lat="56.6642999" lon="16.3665440"/>
 <node id="13026192232" visible="true" version="1" changeset="169495029" timestamp="2025-07-26T09:21:03Z" user="aleajacta" uid="22339718" lat="56.6642936" lon="16.3665413">
  <tag k="entrance" v="yes"/>
 </node>
 <node id="13045117775" visible="true" version="2" changeset="173159222" timestamp="2025-10-11T23:43:47Z" user="archie" uid="156646" lat="56.6644841" lon="16.3662257">
  <tag k="bus" v="yes"/>
  <tag k="highway" v="bus_stop"/>
  <tag k="name" v="Stortorget"/>
  <tag k="network" v="Kalmar länstrafik"/>
  <tag k="network:wikidata" v="Q10542824"/>
  <tag k="network:wikipedia" v="sv:Kalmar länstrafik"/>
  <tag k="public_transport" v="stop_position"/>
  <tag k="ref" v="B"/>
 </node>
 <node id="13592909159" visible="true" version="1" changeset="178945559" timestamp="2026-02-23T14:05:41Z" user="SimonHej" uid="23860601" lat="56.6643105" lon="16.3646714">
  <tag k="name" v="Bjurfors"/>
  <tag k="office" v="estate_agent"/>
 </node>
 <node id="13667374089" visible="true" version="1" changeset="180219573" timestamp="2026-03-21T17:52:55Z" user="lotug" uid="13198511" lat="56.6638989" lon="16.3652011">
  <tag k="bus" v="yes"/>
  <tag k="highway" v="bus_stop"/>
  <tag k="name" v="Stortorget"/>
  <tag k="network" v="Kalmar länstrafik"/>
  <tag k="network:wikidata" v="Q10542824"/>
  <tag k="network:wikipedia" v="sv:Kalmar länstrafik"/>
  <tag k="public_transport" v="stop_position"/>
  <tag k="ref" v="A"/>
 </node>
 <node id="13667374090" visible="true" version="1" changeset="180219573" timestamp="2026-03-21T17:52:55Z" user="lotug" uid="13198511" lat="56.6638803" lon="16.3651364">
  <tag k="bus" v="yes"/>
  <tag k="highway" v="platform"/>
  <tag k="name" v="A"/>
  <tag k="network" v="Kalmar länstrafik"/>
  <tag k="public_transport" v="platform"/>
  <tag k="ref" v="A"/>
  <tag k="shelter" v="no"/>
  <tag k="tactile_paving" v="no"/>
 </node>
 <way id="4536097" visible="true" version="8" changeset="171048274" timestamp="2025-08-26T19:49:56Z" user="_Mathieu_" uid="53964">
  <nd ref="418222846"/>
  <nd ref="418222847"/>
  <tag k="highway" v="living_street"/>
  <tag k="lit" v="yes"/>
  <tag k="maxspeed" v="walk"/>
  <tag k="name" v="Norra Långgatan"/>
  <tag k="oneway" v="yes"/>
  <tag k="surface" v="paved"/>
 </way>
 <way id="4536102" visible="true" version="10" changeset="171048274" timestamp="2025-08-26T19:49:35Z" user="_Mathieu_" uid="53964">
  <nd ref="418222846"/>
  <nd ref="545600"/>
  <nd ref="545599"/>
  <tag k="highway" v="residential"/>
  <tag k="lit" v="yes"/>
  <tag k="maxspeed" v="30"/>
  <tag k="name" v="Norra Långgatan"/>
  <tag k="sidewalk" v="both"/>
  <tag k="surface" v="asphalt"/>
 </way>
 <way id="4536108" visible="true" version="6" changeset="171048274" timestamp="2025-08-26T19:49:37Z" user="_Mathieu_" uid="53964">
  <nd ref="418727722"/>
  <nd ref="545598"/>
  <nd ref="545597"/>
  <nd ref="545607"/>
  <tag k="highway" v="residential"/>
  <tag k="lit" v="yes"/>
  <tag k="maxspeed" v="30"/>
  <tag k="name" v="Storgatan"/>
  <tag k="surface" v="asphalt"/>
 </way>
 <way id="35771877" visible="true" version="7" changeset="171048274" timestamp="2025-08-26T19:50:16Z" user="_Mathieu_" uid="53964">
  <nd ref="282756148"/>
  <nd ref="282756137"/>
  <nd ref="418219336"/>
  <nd ref="418211570"/>
  <tag k="highway" v="living_street"/>
  <tag k="lit" v="yes"/>
  <tag k="maxspeed" v="walk"/>
  <tag k="name" v="Södra Långgatan"/>
  <tag k="oneway" v="yes"/>
  <tag k="surface" v="paving_stones"/>
 </way>
 <way id="35771890" visible="true" version="5" changeset="126285432" timestamp="2022-09-17T06:03:02Z" user="pappou" uid="168932">
  <nd ref="418211570"/>
  <nd ref="418211606"/>
  <nd ref="418211605"/>
  <nd ref="418211572"/>
  <tag k="highway" v="residential"/>
  <tag k="lit" v="yes"/>
  <tag k="maxspeed" v="30"/>
  <tag k="name" v="Södra Långgatan"/>
  <tag k="oneway" v="yes"/>
  <tag k="sidewalk" v="both"/>
  <tag k="surface" v="asphalt"/>
 </way>
 <way id="35771895" visible="true" version="11" changeset="171048274" timestamp="2025-08-26T19:50:00Z" user="_Mathieu_" uid="53964">
  <nd ref="418211594"/>
  <nd ref="441264652"/>
  <nd ref="1573069935"/>
  <nd ref="1573069930"/>
  <nd ref="418219311"/>
  <tag k="highway" v="living_street"/>
  <tag k="lit" v="yes"/>
  <tag k="maxspeed" v="walk"/>
  <tag k="name" v="Fiskaregatan"/>
  <tag k="oneway" v="yes"/>
  <tag k="oneway:bicycle" v="no"/>
  <tag k="surface" v="sett"/>
 </way>
 <way id="35771897" visible="true" version="8" changeset="171048274" timestamp="2025-08-26T19:49:58Z" user="_Mathieu_" uid="53964">
  <nd ref="418211594"/>
  <nd ref="1080438731"/>
  <nd ref="418211601"/>
  <tag k="highway" v="living_street"/>
  <tag k="lit" v="yes"/>
  <tag k="maxspeed" v="walk"/>
  <tag k="name" v="Fiskaregatan"/>
  <tag k="oneway" v="yes"/>
  <tag k="oneway:bicycle" v="no"/>
  <tag k="surface" v="paved"/>
 </way>
 <way id="35772561" visible="true" version="6" changeset="152231037" timestamp="2024-06-04T08:00:14Z" user="LukeLR" uid="61877">
  <nd ref="418219338"/>
  <nd ref="418219339"/>
  <nd ref="418222847"/>
  <tag k="highway" v="pedestrian"/>
  <tag k="lit" v="yes"/>
  <tag k="name" v="Norra Långgatan"/>
  <tag k="smoothness" v="good"/>
  <tag k="surface" v="sett"/>
 </way>
 <way id="35772927" visible="true" version="5" changeset="168989969" timestamp="2025-07-16T01:19:30Z" user="archie" uid="156646">
  <nd ref="13003378864"/>
  <nd ref="13003378865"/>
  <nd ref="13003378857"/>
  <nd ref="13003378863"/>
  <nd ref="13003378858"/>
  <nd ref="13003378860"/>
  <nd ref="13003378862"/>
  <nd ref="13003378859"/>
  <nd ref="13003378861"/>
  <nd ref="13003378864"/>
 </way>
 <way id="35772928" visible="true" version="7" changeset="140818472" timestamp="2023-09-04T18:36:58Z" user="pong16" uid="7107032">
  <nd ref="418222848"/>
  <nd ref="418222851"/>
  <nd ref="418222849"/>
  <tag k="highway" v="pedestrian"/>
  <tag k="lit" v="yes"/>
  <tag k="name" v="Storgatan"/>
  <tag k="surface" v="sett"/>
 </way>
 <way id="38319501" visible="true" version="10" changeset="175595940" timestamp="2025-12-06T18:05:08Z" user="simer_lkpg" uid="10460104">
  <nd ref="452424137"/>
  <nd ref="1067442026"/>
  <nd ref="1067442062"/>
  <nd ref="1067442177"/>
  <nd ref="1067442096"/>
  <nd ref="1067442107"/>
  <nd ref="452424139"/>
  <nd ref="452424140"/>
  <nd ref="452424141"/>
  <nd ref="1067442086"/>
  <nd ref="1067442001"/>
  <nd ref="452424144"/>
  <nd ref="452424146"/>
  <nd ref="452424147"/>
  <nd ref="452424149"/>
  <nd ref="452424151"/>
  <nd ref="1067442156"/>
  <nd ref="1067442135"/>
  <nd ref="1067442003"/>
  <nd ref="1067441866"/>
  <nd ref="1067441903"/>
  <nd ref="452424154"/>
  <nd ref="452424156"/>
  <nd ref="452424157"/>
  <nd ref="1059533854"/>
  <nd ref="1059533668"/>
  <nd ref="1059533993"/>
  <nd ref="1059533382"/>
  <nd ref="452424160"/>
  <nd ref="452424162"/>
  <nd ref="452424137"/>
  <tag k="addr:city" v="Kalmar"/>
  <tag k="addr:country" v="SE"/>
  <tag k="addr:postcode" v="392 31"/>
  <tag k="addr:street" v="Storgatan"/>
  <tag k="amenity" v="place_of_worship"/>
  <tag k="architect" v="Nicodemus Tessin den äldre"/>
  <tag k="architect:wikidata" v="Q61188"/>
  <tag k="building" v="cathedral"/>
  <tag k="building:architecture" v="baroque"/>
  <tag k="denomination" v="lutheran"/>
  <tag k="diocese" v="Växjö stift"/>
  <tag k="heritage" v="2"/>
  <tag k="heritage:operator" v="raa"/>
  <tag k="heritage:website" v="https://bebyggelseregistret.raa.se/bbr2/anlaggning/visaHistorik.raa?page=historik&amp;visaHistorik=true&amp;anlaggningId=21300000002956"/>
  <tag k="loc_name" v="Domkyrkan"/>
  <tag k="name" v="Kalmar domkyrka"/>
  <tag k="old_name" v="Karls domkyrka"/>
  <tag k="operator" v="Svenska kyrkan"/>
  <tag k="parish" v="Kalmar domkyrkoförsamling"/>
  <tag k="ref:SE:raa" v="21300000002956"/>
  <tag k="religion" v="christian"/>
  <tag k="start_date" v="1682"/>
  <tag k="wikidata" v="Q1236665"/>
  <tag k="wikipedia" v="sv:Kalmar domkyrka"/>
  <tag k="year_of_construction" v="1660 - 1682 / 1703"/>
 </way>
 <way id="38319502" visible="true" version="3" changeset="171048274" timestamp="2025-08-26T19:50:09Z" user="_Mathieu_" uid="53964">
  <nd ref="452424165"/>
  <nd ref="452424168"/>
  <nd ref="452424166"/>
  <tag k="highway" v="footway"/>
  <tag k="layer" v="1"/>
  <tag k="lit" v="yes"/>
  <tag k="surface" v="unhewn_cobblestone"/>
 </way>
 <way id="38319503" visible="true" version="2" changeset="135029095" timestamp="2023-04-17T19:24:10Z" user="541074" uid="17921090">
  <nd ref="452424168"/>
  <nd ref="452424170"/>
  <tag k="highway" v="footway"/>
  <tag k="layer" v="1"/>
  <tag k="surface" v="unhewn_cobblestone"/>
 </way>
 <way id="91264997" visible="true" version="3" changeset="13095455" timestamp="2012-09-13T12:46:10Z" user="izzor" uid="12294">
  <nd ref="1059533697"/>
  <nd ref="1059533948"/>
  <nd ref="1059534156"/>
  <nd ref="1059533781"/>
  <nd ref="1059533900"/>
  <nd ref="1059533609"/>
  <nd ref="1059533697"/>
  <tag k="building" v="commercial"/>
 </way>
 <way id="91265011" visible="true" version="4" changeset="13106257" timestamp="2012-09-14T21:50:13Z" user="wheelmap_visitor" uid="290680">
  <nd ref="1059534153"/>
  <nd ref="1059533501"/>
  <nd ref="1059533634"/>
  <nd ref="1059533352"/>
  <nd ref="1059534183"/>
  <nd ref="1059533788"/>
  <nd ref="1059534153"/>
  <tag k="building" v="commercial"/>
  <tag k="name" v="Kvasten"/>
  <tag k="shop" v="mall"/>
  <tag k="wheelchair" v="yes"/>
 </way>
 <way id="91846934" visible="true" version="3" changeset="136292170" timestamp="2023-05-19T10:07:36Z" user="novabeat" uid="716217">
  <nd ref="1067357852"/>
  <nd ref="1067357886"/>
  <nd ref="1067357728"/>
  <nd ref="1067358041"/>
  <nd ref="1067358123"/>
  <nd ref="1067357921"/>
  <nd ref="1067357688"/>
  <nd ref="1067357852"/>
  <tag k="building" v="hotel"/>
  <tag k="building:levels" v="3"/>
  <tag k="roof:levels" v="0"/>
 </way>
 <way id="91846951" visible="true" version="3" changeset="136292170" timestamp="2023-05-19T10:07:48Z" user="novabeat" uid="716217">
  <nd ref="1067358126"/>
  <nd ref="1067357938"/>
  <nd ref="1067357578"/>
  <nd ref="1067358099"/>
  <nd ref="1067357690"/>
  <nd ref="1067358107"/>
  <nd ref="1067357988"/>
  <nd ref="1067357922"/>
  <nd ref="1067357794"/>
  <nd ref="1067358160"/>
  <nd ref="1067358126"/>
  <tag k="building" v="house"/>
  <tag k="building:levels" v="2"/>
  <tag k="roof:levels" v="1"/>
 </way>
 <way id="91846957" visible="true" version="2" changeset="6779455" timestamp="2010-12-27T16:28:17Z" user="HaH" uid="324579">
  <nd ref="1067357892"/>
  <nd ref="1067357978"/>
  <nd ref="1067358025"/>
  <nd ref="1067357903"/>
  <nd ref="1067357892"/>
 </way>
 <way id="91846964" visible="true" version="3" changeset="9183946" timestamp="2011-09-01T11:58:17Z" user="izzor" uid="12294">
  <nd ref="1067357953"/>
  <nd ref="1068086860"/>
  <nd ref="1067357866"/>
  <nd ref="1067358165"/>
  <nd ref="1067357807"/>
  <nd ref="1067357929"/>
  <nd ref="1067357883"/>
  <nd ref="1067358003"/>
  <nd ref="1067358173"/>
  <nd ref="1067357718"/>
  <nd ref="1067357835"/>
  <nd ref="1067357953"/>
  <tag k="amenity" v="townhall"/>
  <tag k="building" v="yes"/>
 </way>
 <way id="91846976" visible="true" version="3" changeset="169495029" timestamp="2025-07-26T09:21:03Z" user="aleajacta" uid="22339718">
  <nd ref="1067358028"/>
  <nd ref="13026192229"/>
  <nd ref="13026192231"/>
  <nd ref="13026192232"/>
  <nd ref="1067358198"/>
  <nd ref="13026192230"/>
  <nd ref="1068481807"/>
  <nd ref="1067358126"/>
  <nd ref="1067358160"/>
  <nd ref="1067358012"/>
  <nd ref="1067357844"/>
  <nd ref="1067357648"/>
  <nd ref="1067358213"/>
  <nd ref="1067358028"/>
 </way>
 <way id="91846978" visible="true" version="1" changeset="6775017" timestamp="2010-12-27T08:29:30Z" user="izzor" uid="12294">
  <nd ref="1067358070"/>
  <nd ref="1067357863"/>
  <nd ref="1067357578"/>
  <nd ref="1067358099"/>
  <nd ref="1067358035"/>
  <nd ref="1067357918"/>
  <nd ref="1067357682"/>
  <nd ref="1067358154"/>
  <nd ref="1067358089"/>
  <nd ref="1067357970"/>
  <nd ref="1067357786"/>
  <nd ref="1067358213"/>
  <nd ref="1067358028"/>
  <nd ref="1067358070"/>
  <tag k="building" v="yes"/>
 </way>
 <way id="91856608" visible="true" version="2" changeset="6783140" timestamp="2010-12-27T22:43:06Z" user="izzor" uid="12294">
  <nd ref="1067441867"/>
  <nd ref="1067442017"/>
  <nd ref="1067441982"/>
  <nd ref="1067441894"/>
  <nd ref="1067442101"/>
  <nd ref="1067442049"/>
  <nd ref="1067442012"/>
  <nd ref="1067441923"/>
  <nd ref="1067442146"/>
  <nd ref="1068481438"/>
  <nd ref="1067442075"/>
  <nd ref="1067442046"/>
  <nd ref="1067441975"/>
  <nd ref="1067441867"/>
  <tag k="building" v="yes"/>
 </way>
 <way id="91885529" visible="true" version="1" changeset="6778082" timestamp="2010-12-27T14:04:14Z" user="HaH" uid="324579">
  <nd ref="1067719425"/>
  <nd ref="1067719450"/>
  <nd ref="1067719417"/>
 </way>
 <way id="91885537" visible="true" version="1" changeset="6778082" timestamp="2010-12-27T14:04:15Z" user="HaH" uid="324579">
  <nd ref="1067719447"/>
  <nd ref="1067719426"/>
  <nd ref="1067719407"/>
  <nd ref="1067719422"/>
  <nd ref="1067719443"/>
  <nd ref="1067719413"/>
 </way>
 <way id="91885539" visible="true" version="1" changeset="6778082" timestamp="2010-12-27T14:04:15Z" user="HaH" uid="324579">
  <nd ref="1067719417"/>
  <nd ref="1067719447"/>
 </way>
 <way id="91885540" visible="true" version="1" changeset="6778082" timestamp="2010-12-27T14:04:15Z" user="HaH" uid="324579">
  <nd ref="1067719421"/>
  <nd ref="1067719449"/>
  <nd ref="1067719432"/>
  <nd ref="1067719448"/>
  <nd ref="1067719428"/>
 </way>
 <way id="91885543" visible="true" version="1" changeset="6778082" timestamp="2010-12-27T14:04:16Z" user="HaH" uid="324579">
  <nd ref="1067719417"/>
  <nd ref="1067719418"/>
  <nd ref="1067719438"/>
  <nd ref="1067719408"/>
  <nd ref="1067719447"/>
 </way>
 <way id="91926309" visible="true" version="5" changeset="158860883" timestamp="2024-11-07T15:32:34Z" user="WWMapper101" uid="20795476">
  <nd ref="1068086950"/>
  <nd ref="1068086745"/>
  <nd ref="1068086954"/>
  <nd ref="1068086964"/>
  <nd ref="1068087007"/>
  <nd ref="1068086912"/>
  <nd ref="1068086802"/>
  <nd ref="1068086950"/>
  <tag k="amenity" v="hospital"/>
  <tag k="building" v="yes"/>
  <tag k="healthcare" v="hospital"/>
 </way>
 <way id="91926317" visible="true" version="5" changeset="158860883" timestamp="2024-11-07T15:32:34Z" user="WWMapper101" uid="20795476">
  <nd ref="1068086860"/>
  <nd ref="1067358189"/>
  <nd ref="1067358072"/>
  <nd ref="1067357900"/>
  <nd ref="1067357757"/>
  <nd ref="1067357628"/>
  <nd ref="1067358117"/>
  <nd ref="1067357953"/>
  <nd ref="1068086860"/>
  <tag k="amenity" v="hospital"/>
  <tag k="building" v="yes"/>
  <tag k="healthcare" v="hospital"/>
 </way>
 <way id="91926352" visible="true" version="5" changeset="158860883" timestamp="2024-11-07T15:32:34Z" user="WWMapper101" uid="20795476">
  <nd ref="1068086962"/>
  <nd ref="1068086891"/>
  <nd ref="1068086967"/>
  <nd ref="1068086767"/>
  <nd ref="1068086802"/>
  <nd ref="1068086950"/>
  <nd ref="1068086866"/>
  <nd ref="1068086946"/>
  <nd ref="1068086711"/>
  <nd ref="1068086795"/>
  <nd ref="1068086962"/>
  <tag k="amenity" v="hospital"/>
  <tag k="building" v="yes"/>
  <tag k="healthcare" v="hospital"/>
 </way>
 <way id="91970255" visible="true" version="1" changeset="6783140" timestamp="2010-12-27T22:42:41Z" user="izzor" uid="12294">
  <nd ref="1068482234"/>
  <nd ref="1068481869"/>
  <nd ref="1068482084"/>
  <nd ref="1068482403"/>
  <nd ref="1068481337"/>
  <nd ref="1068481768"/>
  <nd ref="1068482234"/>
  <tag k="building" v="yes"/>
 </way>
 <way id="91970270" visible="true" version="3" changeset="136292170" timestamp="2023-05-19T10:10:54Z" user="novabeat" uid="716217">
  <nd ref="1068481869"/>
  <nd ref="1068481725"/>
  <nd ref="1068482317"/>
  <nd ref="1068481337"/>
  <nd ref="1068482403"/>
  <nd ref="1068482411"/>
  <nd ref="1068482347"/>
  <nd ref="1068482084"/>
  <nd ref="1068481869"/>
  <tag k="building" v="apartments"/>
  <tag k="building:levels" v="3"/>
  <tag k="roof:levels" v="1"/>
 </way>
 <way id="91970276" visible="true" version="1" changeset="6783140" timestamp="2010-12-27T22:42:46Z" user="izzor" uid="12294">
  <nd ref="1068482119"/>
  <nd ref="1068481664"/>
  <nd ref="1068482434"/>
  <nd ref="1068482369"/>
  <nd ref="1068482119"/>
  <tag k="building" v="yes"/>
 </way>
 <way id="91970290" visible="true" version="3" changeset="136292170" timestamp="2023-05-19T10:11:05Z" user="novabeat" uid="716217">
  <nd ref="1068481227"/>
  <nd ref="1068481943"/>
  <nd ref="1068481540"/>
  <nd ref="1068481768"/>
  <nd ref="1068481337"/>
  <nd ref="1068482317"/>
  <nd ref="1068481434"/>
  <nd ref="1068482177"/>
  <nd ref="1068482445"/>
  <nd ref="1068481227"/>
  <tag k="building" v="commercial"/>
  <tag k="building:levels" v="3"/>
  <tag k="roof:levels" v="1"/>
 </way>
 <way id="91970296" visible="true" version="2" changeset="13095455" timestamp="2012-09-13T12:46:11Z" user="izzor" uid="12294">
  <nd ref="1068482192"/>
  <nd ref="1068481227"/>
  <nd ref="1068482445"/>
  <nd ref="1068482177"/>
  <nd ref="1068481434"/>
  <nd ref="1068482461"/>
  <nd ref="1068481706"/>
  <nd ref="1068481827"/>
  <nd ref="1068482192"/>
  <tag k="building" v="commercial"/>
 </way>
 <way id="91970300" visible="true" version="1" changeset="6783140" timestamp="2010-12-27T22:42:51Z" user="izzor" uid="12294">
  <nd ref="1068482074"/>
  <nd ref="1068482263"/>
  <nd ref="1068482175"/>
  <nd ref="1068481788"/>
  <nd ref="1068482327"/>
  <nd ref="1068482065"/>
  <nd ref="1068481939"/>
  <nd ref="1068481432"/>
  <nd ref="1068482074"/>
  <tag k="building" v="yes"/>
 </way>
 <way id="91970305" visible="true" version="1" changeset="6783140" timestamp="2010-12-27T22:42:51Z" user="izzor" uid="12294">
  <nd ref="1068481682"/>
  <nd ref="1068482569"/>
  <nd ref="1068482234"/>
  <nd ref="1068481768"/>
  <nd ref="1068481540"/>
  <nd ref="1068481886"/>
  <nd ref="1068482361"/>
  <nd ref="1068481760"/>
  <nd ref="1068482542"/>
  <nd ref="1068482428"/>
  <nd ref="1068482158"/>
  <nd ref="1068482502"/>
  <nd ref="1068482211"/>
  <nd ref="1068482146"/>
  <nd ref="1068481731"/>
  <nd ref="1068482299"/>
  <nd ref="1068481682"/>
  <tag k="building" v="yes"/>
 </way>
 <way id="91970343" visible="true" version="1" changeset="6783140" timestamp="2010-12-27T22:42:55Z" user="izzor" uid="12294">
  <nd ref="1068482391"/>
  <nd ref="1068481245"/>
  <nd ref="1068482074"/>
  <nd ref="1068481432"/>
  <nd ref="1068481591"/>
  <nd ref="1068481449"/>
  <nd ref="1068482333"/>
  <nd ref="1068482391"/>
  <tag k="building" v="yes"/>
 </way>
 <way id="91970370" visible="true" version="1" changeset="6783140" timestamp="2010-12-27T22:42:58Z" user="izzor" uid="12294">
  <nd ref="1068481716"/>
  <nd ref="1068482400"/>
  <nd ref="1068482138"/>
  <nd ref="1068481294"/>
  <nd ref="1068482288"/>
  <nd ref="1068482200"/>
  <nd ref="1068481851"/>
  <nd ref="1068482272"/>
  <nd ref="1068481716"/>
  <tag k="building" v="yes"/>
 </way>
 <way id="91970373" visible="true" version="2" changeset="13095455" timestamp="2012-09-13T12:46:09Z" user="izzor" uid="12294">
  <nd ref="1059533352"/>
  <nd ref="1068482192"/>
  <nd ref="1068481827"/>
  <nd ref="1068481706"/>
  <nd ref="1068482461"/>
  <nd ref="1059534183"/>
  <nd ref="1059533352"/>
  <tag k="building" v="commercial"/>
 </way>
 <way id="91970385" visible="true" version="4" changeset="130707963" timestamp="2022-12-31T02:29:51Z" user="Fringillus" uid="505284">
  <nd ref="1068481943"/>
  <nd ref="1068482119"/>
  <nd ref="1068482369"/>
  <nd ref="1068481682"/>
  <nd ref="1068482299"/>
  <nd ref="1068481886"/>
  <nd ref="1068481540"/>
  <nd ref="1068481943"/>
  <tag k="addr:city" v="Kalmar"/>
  <tag k="addr:country" v="SE"/>
  <tag k="addr:housenumber" v="34"/>
  <tag k="addr:postcode" v="392 32"/>
  <tag k="addr:street" v="Norra Långgatan"/>
  <tag k="building" v="yes"/>
 </way>
 <way id="91970388" visible="true" version="1" changeset="6783140" timestamp="2010-12-27T22:43:02Z" user="izzor" uid="12294">
  <nd ref="1068482517"/>
  <nd ref="1068482303"/>
  <nd ref="1068482019"/>
  <nd ref="1068482352"/>
  <nd ref="1068482089"/>
  <nd ref="1068481993"/>
  <nd ref="1068481480"/>
  <nd ref="1068482150"/>
  <nd ref="1068481737"/>
  <nd ref="1068482134"/>
  <nd ref="1068481712"/>
  <nd ref="1068482444"/>
  <nd ref="1068482415"/>
  <nd ref="1068482117"/>
  <nd ref="1068482272"/>
  <nd ref="1068481716"/>
  <nd ref="1068481343"/>
  <nd ref="1068482517"/>
  <tag k="building" v="yes"/>
 </way>
 <way id="91970395" visible="true" version="1" changeset="6783140" timestamp="2010-12-27T22:43:04Z" user="izzor" uid="12294">
  <nd ref="1068482175"/>
  <nd ref="1068481530"/>
  <nd ref="1068481389"/>
  <nd ref="1068482315"/>
  <nd ref="1068481681"/>
  <nd ref="1068482444"/>
  <nd ref="1068482415"/>
  <nd ref="1068482117"/>
  <nd ref="1068481379"/>
  <nd ref="1068482313"/>
  <nd ref="1068481788"/>
  <nd ref="1068482175"/>
  <tag k="building" v="yes"/>
 </way>
 <way id="92379254" visible="true" version="1" changeset="6806352" timestamp="2010-12-30T07:56:46Z" user="izzor" uid="12294">
  <nd ref="1072311790"/>
  <nd ref="1072312530"/>
  <nd ref="1072311756"/>
  <nd ref="1072312801"/>
  <nd ref="1072312723"/>
  <nd ref="1072312312"/>
  <nd ref="1072312100"/>
  <nd ref="1072312576"/>
  <nd ref="1072312404"/>
  <nd ref="1072312890"/>
  <nd ref="1072311790"/>
  <tag k="building" v="yes"/>
 </way>
 <way id="92379255" visible="true" version="3" changeset="136292170" timestamp="2023-05-19T10:10:43Z" user="novabeat" uid="716217">
  <nd ref="1072312530"/>
  <nd ref="1072311895"/>
  <nd ref="1072311722"/>
  <nd ref="1072312647"/>
  <nd ref="1072312896"/>
  <nd ref="1072312224"/>
  <nd ref="1072312002"/>
  <nd ref="1072311756"/>
  <nd ref="1072312530"/>
  <tag k="building" v="apartments"/>
  <tag k="building:levels" v="3"/>
  <tag k="roof:levels" v="1"/>
 </way>
 <way id="92379256" visible="true" version="1" changeset="6806352" timestamp="2010-12-30T07:56:47Z" user="izzor" uid="12294">
  <nd ref="1072311930"/>
  <nd ref="1072312239"/>
  <nd ref="1072312721"/>
  <nd ref="1072312494"/>
  <nd ref="1072311728"/>
  <nd ref="1072312783"/>
  <nd ref="1072312070"/>
  <nd ref="1072312298"/>
  <nd ref="1072311930"/>
  <tag k="building" v="yes"/>
 </way>
 <way id="92379267" visible="true" version="1" changeset="6806352" timestamp="2010-12-30T07:56:48Z" user="izzor" uid="12294">
  <nd ref="1072312299"/>
  <nd ref="1072311768"/>
  <nd ref="1072312279"/>
  <nd ref="1072311867"/>
  <nd ref="1072311917"/>
  <nd ref="1072312516"/>
  <nd ref="1072312321"/>
  <nd ref="1072311924"/>
  <nd ref="1072311750"/>
  <nd ref="1072312265"/>
  <nd ref="1072312796"/>
  <nd ref="1072312299"/>
  <tag k="building" v="yes"/>
 </way>
 <way id="92379269" visible="true" version="1" changeset="6806352" timestamp="2010-12-30T07:56:49Z" user="izzor" uid="12294">
  <nd ref="1072312384"/>
  <nd ref="1072311790"/>
  <nd ref="1072312890"/>
  <nd ref="1072312723"/>
  <nd ref="1072312801"/>
  <nd ref="1072312298"/>
  <nd ref="1072312070"/>
  <nd ref="1072312556"/>
  <nd ref="1072312352"/>
  <nd ref="1072312840"/>
  <nd ref="1072312627"/>
  <nd ref="1072311863"/>
  <nd ref="1072312942"/>
  <nd ref="1072312384"/>
  <tag k="building" v="yes"/>
 </way>
 <way id="92379276" visible="true" version="1" changeset="6806352" timestamp="2010-12-30T07:56:50Z" user="izzor" uid="12294">
  <nd ref="1072312239"/>
  <nd ref="1072312186"/>
  <nd ref="1072312756"/>
  <nd ref="1072312557"/>
  <nd ref="1072312737"/>
  <nd ref="1072312887"/>
  <nd ref="1072312474"/>
  <nd ref="1072311714"/>
  <nd ref="1072312763"/>
  <nd ref="1072312721"/>
  <nd ref="1072312239"/>
  <tag k="building" v="yes"/>
 </way>
 <way id="92379278" visible="true" version="1" changeset="6806352" timestamp="2010-12-30T07:56:50Z" user="izzor" uid="12294">
  <nd ref="1072312301"/>
  <nd ref="1072312073"/>
  <nd ref="1072311867"/>
  <nd ref="1072312279"/>
  <nd ref="1072312364"/>
  <nd ref="1072312301"/>
  <tag k="building" v="yes"/>
 </way>
 <way id="92379282" visible="true" version="1" changeset="6806352" timestamp="2010-12-30T07:56:51Z" user="izzor" uid="12294">
  <nd ref="1072312186"/>
  <nd ref="1072312299"/>
  <nd ref="1072312796"/>
  <nd ref="1072311851"/>
  <nd ref="1072312123"/>
  <nd ref="1072312924"/>
  <nd ref="1072312598"/>
  <nd ref="1072312321"/>
  <nd ref="1072312516"/>
  <nd ref="1072312737"/>
  <nd ref="1072312557"/>
  <nd ref="1072312452"/>
  <nd ref="1072312984"/>
  <nd ref="1072312756"/>
  <nd ref="1072312186"/>
  <tag k="building" v="yes"/>
 </way>
 <way id="92379287" visible="true" version="2" changeset="31228203" timestamp="2015-05-17T14:27:07Z" user="riiga" uid="83501">
  <nd ref="1072311768"/>
  <nd ref="1072311828"/>
  <nd ref="1072312776"/>
  <nd ref="1072312364"/>
  <nd ref="1072312279"/>
  <nd ref="1072311768"/>
 </way>
 <way id="92379288" visible="true" version="1" changeset="6806352" timestamp="2010-12-30T07:56:52Z" user="izzor" uid="12294">
  <nd ref="1072312263"/>
  <nd ref="1072312384"/>
  <nd ref="1072312942"/>
  <nd ref="1072312887"/>
  <nd ref="1072312737"/>
  <nd ref="1072312781"/>
  <nd ref="1072312222"/>
  <nd ref="1072312712"/>
  <nd ref="1072312489"/>
  <nd ref="1072311721"/>
  <nd ref="1072312772"/>
  <nd ref="1072312263"/>
  <tag k="building" v="yes"/>
 </way>
 <way id="92379304" visible="true" version="1" changeset="6806352" timestamp="2010-12-30T07:56:54Z" user="izzor" uid="12294">
  <nd ref="1072312073"/>
  <nd ref="1072312641"/>
  <nd ref="1072312098"/>
  <nd ref="1072311917"/>
  <nd ref="1072311867"/>
  <nd ref="1072312073"/>
  <tag k="building" v="yes"/>
 </way>
 <way id="92379307" visible="true" version="1" changeset="6806352" timestamp="2010-12-30T07:56:55Z" user="izzor" uid="12294">
  <nd ref="1072311722"/>
  <nd ref="1072312779"/>
  <nd ref="1072312013"/>
  <nd ref="1072311807"/>
  <nd ref="1072312302"/>
  <nd ref="1072312074"/>
  <nd ref="1072312562"/>
  <nd ref="1072312365"/>
  <nd ref="1072312844"/>
  <nd ref="1072312647"/>
  <nd ref="1072311722"/>
  <tag k="building" v="yes"/>
 </way>
 <way id="92379310" visible="true" version="1" changeset="6806352" timestamp="2010-12-30T07:56:55Z" user="izzor" uid="12294">
  <nd ref="1072311773"/>
  <nd ref="1072312149"/>
  <nd ref="1072311930"/>
  <nd ref="1072312298"/>
  <nd ref="1072312801"/>
  <nd ref="1072311756"/>
  <nd ref="1072312002"/>
  <nd ref="1072312224"/>
  <nd ref="1072312896"/>
  <nd ref="1072312518"/>
  <nd ref="1072312302"/>
  <nd ref="1072311807"/>
  <nd ref="1072311773"/>
  <tag k="building" v="yes"/>
 </way>
 <way id="92379312" visible="true" version="1" changeset="6806352" timestamp="2010-12-30T07:56:55Z" user="izzor" uid="12294">
  <nd ref="1072312641"/>
  <nd ref="1072312263"/>
  <nd ref="1072312772"/>
  <nd ref="1072312781"/>
  <nd ref="1072312737"/>
  <nd ref="1072312516"/>
  <nd ref="1072311744"/>
  <nd ref="1072312799"/>
  <nd ref="1072312036"/>
  <nd ref="1072311832"/>
  <nd ref="1072312310"/>
  <nd ref="1072312098"/>
  <nd ref="1072312641"/>
  <tag k="building" v="yes"/>
 </way>
 <way id="92379313" visible="true" version="2" changeset="33672325" timestamp="2015-08-29T21:42:17Z" user="riiga" uid="83501">
  <nd ref="1072311910"/>
  <nd ref="1072312040"/>
  <nd ref="1072311835"/>
  <nd ref="1072312319"/>
  <nd ref="1072312579"/>
  <nd ref="1072311843"/>
  <nd ref="1072312451"/>
  <nd ref="1072312893"/>
  <nd ref="1072312107"/>
  <nd ref="1072311899"/>
  <nd ref="1072312409"/>
  <nd ref="1072312237"/>
  <nd ref="1072312717"/>
  <nd ref="1072312324"/>
  <nd ref="1072311910"/>
 </way>
 <way id="92412832" visible="true" version="1" changeset="6808750" timestamp="2010-12-30T12:33:23Z" user="izzor" uid="12294">
  <nd ref="1072746037"/>
  <nd ref="1072745984"/>
  <nd ref="1072746107"/>
  <nd ref="1072745741"/>
  <nd ref="1072745869"/>
  <nd ref="1072746084"/>
  <nd ref="1072745857"/>
  <nd ref="1072745942"/>
  <nd ref="1072745697"/>
  <nd ref="1072746037"/>
  <tag k="building" v="yes"/>
 </way>
 <way id="92412838" visible="true" version="1" changeset="6808750" timestamp="2010-12-30T12:33:24Z" user="izzor" uid="12294">
  <nd ref="1072746034"/>
  <nd ref="1072746008"/>
  <nd ref="1072746123"/>
  <nd ref="1072745714"/>
  <nd ref="1072745656"/>
  <nd ref="1072745749"/>
  <nd ref="1072745867"/>
  <nd ref="1072746080"/>
  <nd ref="1072745703"/>
  <nd ref="1072746267"/>
  <nd ref="1072746004"/>
  <nd ref="1072746120"/>
  <nd ref="1072745877"/>
  <nd ref="1072745960"/>
  <nd ref="1072745738"/>
  <nd ref="1072745804"/>
  <nd ref="1072746034"/>
  <tag k="building" v="yes"/>
 </way>
 <way id="92412839" visible="true" version="1" changeset="6808750" timestamp="2010-12-30T12:33:24Z" user="izzor" uid="12294">
  <nd ref="1072746106"/>
  <nd ref="1072746140"/>
  <nd ref="1072746032"/>
  <nd ref="1072745902"/>
  <nd ref="1072745975"/>
  <nd ref="1072746106"/>
  <tag k="building" v="yes"/>
 </way>
 <way id="92412841" visible="true" version="1" changeset="6808750" timestamp="2010-12-30T12:33:24Z" user="izzor" uid="12294">
  <nd ref="1072746107"/>
  <nd ref="1072745893"/>
  <nd ref="1072746268"/>
  <nd ref="1072745741"/>
  <nd ref="1072746107"/>
  <tag k="building" v="yes"/>
 </way>
 <way id="92412842" visible="true" version="1" changeset="6808750" timestamp="2010-12-30T12:33:24Z" user="izzor" uid="12294">
  <nd ref="1072745948"/>
  <nd ref="1072745764"/>
  <nd ref="1072746250"/>
  <nd ref="1072745873"/>
  <nd ref="1072746266"/>
  <nd ref="1072745656"/>
  <nd ref="1072745714"/>
  <nd ref="1072746116"/>
  <nd ref="1072746099"/>
  <nd ref="1072745865"/>
  <nd ref="1072745944"/>
  <nd ref="1072745698"/>
  <nd ref="1072745948"/>
  <tag k="building" v="yes"/>
 </way>
 <way id="92412845" visible="true" version="3" changeset="136292170" timestamp="2023-05-19T10:08:23Z" user="novabeat" uid="716217">
  <nd ref="1072746229"/>
  <nd ref="1072745941"/>
  <nd ref="1072746034"/>
  <nd ref="1072745804"/>
  <nd ref="1072745776"/>
  <nd ref="1072746174"/>
  <nd ref="1072745696"/>
  <nd ref="1072746229"/>
  <tag k="building" v="apartments"/>
  <tag k="building:levels" v="3"/>
  <tag k="roof:levels" v="1"/>
 </way>
 <way id="92412846" visible="true" version="1" changeset="6808750" timestamp="2010-12-30T12:33:25Z" user="izzor" uid="12294">
  <nd ref="1072745659"/>
  <nd ref="1072746030"/>
  <nd ref="1072745798"/>
  <nd ref="1072745950"/>
  <nd ref="1072745658"/>
  <nd ref="1072746006"/>
  <nd ref="1072746062"/>
  <nd ref="1072745659"/>
  <tag k="building" v="yes"/>
 </way>
 <way id="92412854" visible="true" version="1" changeset="6808750" timestamp="2010-12-30T12:33:26Z" user="izzor" uid="12294">
  <nd ref="1072746006"/>
  <nd ref="1072746140"/>
  <nd ref="1072746032"/>
  <nd ref="1072746224"/>
  <nd ref="1072745658"/>
  <nd ref="1072746006"/>
  <tag k="building" v="yes"/>
 </way>
 <way id="92412857" visible="true" version="1" changeset="6808750" timestamp="2010-12-30T12:33:26Z" user="izzor" uid="12294">
  <nd ref="1072745764"/>
  <nd ref="1072745755"/>
  <nd ref="1072746080"/>
  <nd ref="1072745867"/>
  <nd ref="1072746250"/>
  <nd ref="1072745764"/>
  <tag k="building" v="yes"/>
 </way>
 <way id="92412859" visible="true" version="1" changeset="6808750" timestamp="2010-12-30T12:33:26Z" user="izzor" uid="12294">
  <nd ref="1072746037"/>
  <nd ref="1072745979"/>
  <nd ref="1072746202"/>
  <nd ref="1072746101"/>
  <nd ref="1072745869"/>
  <nd ref="1072746084"/>
  <nd ref="1072745697"/>
  <nd ref="1072746037"/>
  <tag k="building" v="yes"/>
 </way>
 <way id="92412862" visible="true" version="2" changeset="130694918" timestamp="2022-12-30T16:43:29Z" user="Hidoo00" uid="12760662">
  <nd ref="1072745893"/>
  <nd ref="10295360440"/>
  <nd ref="10295360441"/>
  <nd ref="1072746226"/>
  <nd ref="10295360443"/>
  <nd ref="1072745965"/>
  <nd ref="1072745946"/>
  <nd ref="1072745701"/>
  <nd ref="1072745824"/>
  <nd ref="1072746218"/>
  <nd ref="1072745640"/>
  <nd ref="1072746054"/>
  <nd ref="1072746171"/>
  <nd ref="1072745928"/>
  <nd ref="1072746148"/>
  <nd ref="1072745914"/>
  <nd ref="1072746114"/>
  <nd ref="1072745982"/>
  <nd ref="1072746268"/>
  <nd ref="1072745893"/>
  <tag k="building" v="yes"/>
 </way>
 <way id="92412866" visible="true" version="1" changeset="6808750" timestamp="2010-12-30T12:33:27Z" user="izzor" uid="12294">
  <nd ref="1072745755"/>
  <nd ref="1072746229"/>
  <nd ref="1072745696"/>
  <nd ref="1072745703"/>
  <nd ref="1072746080"/>
  <nd ref="1072745755"/>
  <tag k="building" v="yes"/>
 </way>
 <way id="92412869" visible="true" version="1" changeset="6808750" timestamp="2010-12-30T12:33:28Z" user="izzor" uid="12294">
  <nd ref="1072745979"/>
  <nd ref="1072745659"/>
  <nd ref="1072746062"/>
  <nd ref="1072746202"/>
  <nd ref="1072745979"/>
  <tag k="building" v="yes"/>
 </way>
 <way id="92412870" visible="true" version="1" changeset="6808750" timestamp="2010-12-30T12:33:28Z" user="izzor" uid="12294">
  <nd ref="1072745683"/>
  <nd ref="1072746137"/>
  <nd ref="1072746244"/>
  <nd ref="1072745973"/>
  <nd ref="1072745952"/>
  <nd ref="1072745710"/>
  <nd ref="1072745826"/>
  <nd ref="1072746220"/>
  <nd ref="1072745643"/>
  <nd ref="1072746060"/>
  <nd ref="1072746179"/>
  <nd ref="1072746104"/>
  <nd ref="1072745683"/>
  <tag k="building" v="yes"/>
 </way>
 <way id="92412871" visible="true" version="1" changeset="6808750" timestamp="2010-12-30T12:33:29Z" user="izzor" uid="12294">
  <nd ref="1072745807"/>
  <nd ref="1072746252"/>
  <nd ref="1072745702"/>
  <nd ref="1072745975"/>
  <nd ref="1072746106"/>
  <nd ref="1072745807"/>
  <tag k="building" v="yes"/>
 </way>
 <way id="92412873" visible="true" version="1" changeset="6808750" timestamp="2010-12-30T12:33:29Z" user="izzor" uid="12294">
  <nd ref="1072745914"/>
  <nd ref="1072746197"/>
  <nd ref="1072745938"/>
  <nd ref="1072746027"/>
  <nd ref="1072745787"/>
  <nd ref="1072745766"/>
  <nd ref="1072745798"/>
  <nd ref="1072745950"/>
  <nd ref="1072746001"/>
  <nd ref="1072746118"/>
  <nd ref="1072745875"/>
  <nd ref="1072746224"/>
  <nd ref="1072746032"/>
  <nd ref="1072745902"/>
  <nd ref="1072746176"/>
  <nd ref="1072745757"/>
  <nd ref="1072746152"/>
  <nd ref="1072746254"/>
  <nd ref="1072745986"/>
  <nd ref="1072746114"/>
  <nd ref="1072745914"/>
  <tag k="building" v="yes"/>
 </way>
 <way id="93238216" visible="true" version="1" changeset="6852696" timestamp="2011-01-03T18:18:38Z" user="izzor" uid="12294">
  <nd ref="1080768638"/>
  <nd ref="1080770613"/>
  <nd ref="1080770170"/>
  <nd ref="1080768430"/>
  <nd ref="1080767998"/>
  <nd ref="1080769115"/>
  <nd ref="1080768638"/>
  <tag k="building" v="yes"/>
 </way>
 <way id="143458564" visible="true" version="10" changeset="171048274" timestamp="2025-08-26T19:49:54Z" user="_Mathieu_" uid="53964">
  <nd ref="418211606"/>
  <nd ref="418222845"/>
  <nd ref="452424166"/>
  <nd ref="545607"/>
  <nd ref="13045117775"/>
  <nd ref="418222846"/>
  <nd ref="418211601"/>
  <tag k="highway" v="living_street"/>
  <tag k="lit" v="yes"/>
  <tag k="maxspeed" v="walk"/>
  <tag k="name" v="Östra Sjögatan"/>
  <tag k="oneway" v="yes"/>
  <tag k="surface" v="unhewn_cobblestone"/>
 </way>
 <way id="143758040" visible="true" version="3" changeset="168988693" timestamp="2025-07-15T23:54:06Z" user="archie" uid="156646">
  <nd ref="13003324825"/>
  <nd ref="13003324826"/>
  <nd ref="13003324828"/>
  <nd ref="13003324829"/>
  <nd ref="13003295744"/>
  <nd ref="13003324824"/>
  <nd ref="13003295745"/>
  <nd ref="13003324827"/>
  <nd ref="13003324823"/>
  <nd ref="13003324825"/>
  <tag k="landuse" v="commercial"/>
  <tag k="name" v="Apotekaren"/>
  <tag k="place" v="city_block"/>
 </way>
 <way id="143758044" visible="true" version="3" changeset="168989792" timestamp="2025-07-16T01:09:32Z" user="archie" uid="156646">
  <nd ref="13003380647"/>
  <nd ref="13003380644"/>
  <nd ref="13003380648"/>
  <nd ref="13003380646"/>
  <nd ref="13003380643"/>
  <nd ref="13003380645"/>
  <nd ref="13003380649"/>
  <nd ref="13003380642"/>
  <nd ref="13003380650"/>
  <nd ref="13003380641"/>
  <nd ref="13003380647"/>
  <tag k="landuse" v="residential"/>
  <tag k="name" v="Bokbindaren"/>
  <tag k="place" v="city_block"/>
 </way>
 <way id="143758045" visible="true" version="3" changeset="168988693" timestamp="2025-07-15T23:54:06Z" user="archie" uid="156646">
  <nd ref="13003264363"/>
  <nd ref="13003264366"/>
  <nd ref="13003264362"/>
  <nd ref="13003264364"/>
  <nd ref="13003264359"/>
  <nd ref="13003264365"/>
  <nd ref="13003264360"/>
  <nd ref="13003264361"/>
  <nd ref="13003264358"/>
  <nd ref="13003264363"/>
  <tag k="landuse" v="residential"/>
  <tag k="name" v="Borgmästaren"/>
  <tag k="place" v="city_block"/>
 </way>
 <way id="143758050" visible="true" version="3" changeset="168989792" timestamp="2025-07-16T01:09:32Z" user="archie" uid="156646">
  <nd ref="13003362865"/>
  <nd ref="13003362859"/>
  <nd ref="13003362864"/>
  <nd ref="13003362860"/>
  <nd ref="13003362863"/>
  <nd ref="13003362861"/>
  <nd ref="13003362862"/>
  <nd ref="13003362858"/>
  <nd ref="13003362865"/>
  <tag k="landuse" v="residential"/>
  <tag k="name" v="Bryggaren"/>
  <tag k="place" v="city_block"/>
 </way>
 <way id="143758055" visible="true" version="7" changeset="168989969" timestamp="2025-07-16T01:19:30Z" user="archie" uid="156646">
  <nd ref="13003415806"/>
  <nd ref="13003395500"/>
  <nd ref="13003420605"/>
  <nd ref="13003415805"/>
  <nd ref="13003420604"/>
  <nd ref="13003415804"/>
  <nd ref="4574667826"/>
  <nd ref="13003420602"/>
  <nd ref="13003420606"/>
  <nd ref="13003420609"/>
  <nd ref="13003420608"/>
  <nd ref="13003420601"/>
  <nd ref="13003415807"/>
  <nd ref="13003420603"/>
  <nd ref="13003420607"/>
  <nd ref="13003415806"/>
  <tag k="landuse" v="residential"/>
  <tag k="name" v="Gesällen"/>
  <tag k="place" v="city_block"/>
 </way>
 <way id="143758059" visible="true" version="3" changeset="168989792" timestamp="2025-07-16T01:09:32Z" user="archie" uid="156646">
  <nd ref="13003393540"/>
  <nd ref="13003393534"/>
  <nd ref="13003393541"/>
  <nd ref="13003393539"/>
  <nd ref="13003393542"/>
  <nd ref="13003393538"/>
  <nd ref="13003393536"/>
  <nd ref="13003393537"/>
  <nd ref="13003393543"/>
  <nd ref="13003393535"/>
  <nd ref="13003393540"/>
  <tag k="landuse" v="residential"/>
  <tag k="name" v="Krögaren"/>
  <tag k="place" v="city_block"/>
 </way>
 <way id="143758061" visible="true" version="4" changeset="168988693" timestamp="2025-07-15T23:54:06Z" user="archie" uid="156646">
  <nd ref="13003295732"/>
  <nd ref="13003295726"/>
  <nd ref="13003295731"/>
  <nd ref="13003295727"/>
  <nd ref="13003295733"/>
  <nd ref="13003295728"/>
  <nd ref="13003295729"/>
  <nd ref="13003295735"/>
  <nd ref="13003295734"/>
  <nd ref="13003295730"/>
  <nd ref="13003295732"/>
  <tag k="landuse" v="residential"/>
  <tag k="name" v="Landshövdingen"/>
  <tag k="place" v="city_block"/>
 </way>
 <way id="143758064" visible="true" version="3" changeset="168989792" timestamp="2025-07-16T01:09:32Z" user="archie" uid="156646">
  <nd ref="13003362857"/>
  <nd ref="13003393545"/>
  <nd ref="13003393549"/>
  <nd ref="13003393544"/>
  <nd ref="13003393547"/>
  <nd ref="13003393550"/>
  <nd ref="13003393548"/>
  <nd ref="13003393546"/>
  <nd ref="13003362857"/>
  <tag k="landuse" v="residential"/>
  <tag k="name" v="Magistern"/>
  <tag k="place" v="city_block"/>
 </way>
 <way id="143758070" visible="true" version="5" changeset="168989792" timestamp="2025-07-16T01:09:32Z" user="archie" uid="156646">
  <nd ref="13003364634"/>
  <nd ref="13003364636"/>
  <nd ref="13003364628"/>
  <nd ref="13003364632"/>
  <nd ref="13003364631"/>
  <nd ref="13003364629"/>
  <nd ref="13003364630"/>
  <nd ref="13003384782"/>
  <nd ref="13003364633"/>
  <nd ref="13003364626"/>
  <nd ref="13003364635"/>
  <nd ref="13003364627"/>
  <nd ref="13003364634"/>
  <tag k="landuse" v="commercial"/>
  <tag k="name" v="Mästaren"/>
  <tag k="place" v="city_block"/>
 </way>
 <way id="143758073" visible="true" version="3" changeset="168989969" timestamp="2025-07-16T01:19:30Z" user="archie" uid="156646">
  <nd ref="13003406281"/>
  <nd ref="13003406280"/>
  <nd ref="13003406283"/>
  <nd ref="13003406284"/>
  <nd ref="13003378867"/>
  <nd ref="13003406282"/>
  <nd ref="13003378866"/>
  <nd ref="13003406281"/>
  <tag k="landuse" v="residential"/>
  <tag k="name" v="Rådmannen"/>
  <tag k="place" v="city_block"/>
 </way>
 <way id="143758077" visible="true" version="4" changeset="168989792" timestamp="2025-07-16T01:09:32Z" user="archie" uid="156646">
  <nd ref="13003384777"/>
  <nd ref="13003384775"/>
  <nd ref="13003384773"/>
  <nd ref="13003384770"/>
  <nd ref="13003384774"/>
  <nd ref="13003384771"/>
  <nd ref="13003384776"/>
  <nd ref="13003384772"/>
  <nd ref="13003384777"/>
  <tag k="landuse" v="residential"/>
  <tag k="name" v="Skrivaren"/>
  <tag k="place" v="city_block"/>
 </way>
 <way id="143758084" visible="true" version="3" changeset="168988693" timestamp="2025-07-15T23:54:06Z" user="archie" uid="156646">
  <nd ref="13003295742"/>
  <nd ref="13003295738"/>
  <nd ref="13003295743"/>
  <nd ref="13003295737"/>
  <nd ref="13003295741"/>
  <nd ref="13003295736"/>
  <nd ref="13003295740"/>
  <nd ref="13003295739"/>
  <nd ref="13003295742"/>
  <tag k="landuse" v="commercial"/>
  <tag k="name" v="Åldermannen"/>
  <tag k="place" v="city_block"/>
 </way>
 <way id="143758087" visible="true" version="5" changeset="168989792" timestamp="2025-07-16T01:09:32Z" user="archie" uid="156646">
  <nd ref="13003384778"/>
  <nd ref="13003384780"/>
  <nd ref="13003384779"/>
  <nd ref="13003384781"/>
  <nd ref="13003384778"/>
  <tag k="access" v="yes"/>
  <tag k="amenity" v="parking"/>
  <tag k="fee" v="yes"/>
  <tag k="parking" v="surface"/>
 </way>
 <way id="155005043" visible="true" version="6" changeset="171048274" timestamp="2025-08-26T19:50:02Z" user="_Mathieu_" uid="53964">
  <nd ref="1674532485"/>
  <nd ref="545583"/>
  <nd ref="418211594"/>
  <tag k="cycleway:left" v="lane"/>
  <tag k="highway" v="living_street"/>
  <tag k="lit" v="yes"/>
  <tag k="maxspeed" v="walk"/>
  <tag k="name" v="Västra Sjögatan"/>
  <tag k="surface" v="sett"/>
 </way>
 <way id="155005044" visible="true" version="8" changeset="170388491" timestamp="2025-08-13T12:50:24Z" user="Oltsi" uid="12894177">
  <nd ref="418211594"/>
  <nd ref="545584"/>
  <nd ref="418222847"/>
  <tag k="highway" v="living_street"/>
  <tag k="lit" v="yes"/>
  <tag k="maxspeed" v="walk"/>
  <tag k="name" v="Västra Sjögatan"/>
  <tag k="oneway" v="yes"/>
  <tag k="oneway:bicycle" v="no"/>
  <tag k="surface" v="sett"/>
 </way>
 <way id="155005045" visible="true" version="8" changeset="180219573" timestamp="2026-03-21T17:52:55Z" user="lotug" uid="13198511">
  <nd ref="418222847"/>
  <nd ref="418222849"/>
  <nd ref="452424165"/>
  <nd ref="13667374089"/>
  <nd ref="418222844"/>
  <nd ref="418211570"/>
  <tag k="highway" v="living_street"/>
  <tag k="lit" v="yes"/>
  <tag k="maxspeed" v="walk"/>
  <tag k="name" v="Västra Sjögatan"/>
  <tag k="oneway" v="yes"/>
  <tag k="oneway:bicycle" v="no"/>
  <tag k="surface" v="sett"/>
 </way>
 <way id="519234678" visible="true" version="3" changeset="119904361" timestamp="2022-04-19T12:30:07Z" user="\Mike" uid="698958">
  <nd ref="418211570"/>
  <nd ref="545611"/>
  <tag k="highway" v="residential"/>
  <tag k="maxspeed" v="30"/>
  <tag k="name" v="Västra Sjögatan"/>
  <tag k="sidewalk" v="both"/>
  <tag k="surface" v="sett"/>
 </way>
 <way id="543050229" visible="true" version="5" changeset="126285432" timestamp="2022-09-17T06:04:22Z" user="pappou" uid="168932">
  <nd ref="545605"/>
  <nd ref="1573069922"/>
  <nd ref="418211606"/>
  <tag k="highway" v="residential"/>
  <tag k="lit" v="yes"/>
  <tag k="maxspeed" v="30"/>
  <tag k="name" v="Östra Sjögatan"/>
  <tag k="oneway" v="yes"/>
  <tag k="sidewalk" v="both"/>
  <tag k="surface" v="sett"/>
 </way>
 <relation id="1343844" visible="true" version="4" changeset="136292170" timestamp="2023-05-19T10:08:08Z" user="novabeat" uid="716217">
  <member type="way" ref="91846976" role="outer"/>
  <member type="way" ref="91846957" role="inner"/>
  <tag k="building" v="hotel"/>
  <tag k="building:levels" v="3"/>
  <tag k="roof:levels" v="1"/>
  <tag k="type" v="multipolygon"/>
 </relation>
 <relation id="1344195" visible="true" version="1" changeset="6778082" timestamp="2010-12-27T14:04:16Z" user="HaH" uid="324579">
  <member type="way" ref="91885537" role="outer"/>
  <member type="way" ref="91885522" role="outer"/>
  <member type="way" ref="91885529" role="outer"/>
  <member type="way" ref="91885539" role="outer"/>
  <tag k="building" v="yes"/>
  <tag k="type" v="multipolygon"/>
 </relation>
 <relation id="1344196" visible="true" version="1" changeset="6778082" timestamp="2010-12-27T14:04:17Z" user="HaH" uid="324579">
  <member type="way" ref="91885540" role="outer"/>
  <member type="way" ref="91885531" role="outer"/>
  <tag k="building" v="yes"/>
  <tag k="type" v="multipolygon"/>
 </relation>
 <relation id="1344198" visible="true" version="1" changeset="6778082" timestamp="2010-12-27T14:04:17Z" user="HaH" uid="324579">
  <member type="way" ref="91885539" role="outer"/>
  <member type="way" ref="91885543" role="outer"/>
  <tag k="building" v="yes"/>
  <tag k="type" v="multipolygon"/>
 </relation>
 <relation id="1348013" visible="true" version="2" changeset="33672325" timestamp="2015-08-29T21:42:04Z" user="riiga" uid="83501">
  <member type="way" ref="92379313" role="outer"/>
  <member type="way" ref="92379274" role="inner"/>
  <tag k="building" v="yes"/>
  <tag k="type" v="multipolygon"/>
 </relation>
 <relation id="1965757" visible="true" version="38" changeset="188729901" timestamp="2026-09-08T15:38:20Z" user="Staffan Lincoln" uid="10458560">
  <member type="node" ref="641428316" role="stop"/>
  <member type="node" ref="13667374098" role="platform"/>
  <member type="node" ref="1394497643" role="stop"/>
  <member type="way" ref="401293137" role="platform"/>
  <member type="node" ref="1394497575" role="stop"/>
  <member type="way" ref="401306598" role="platform"/>
  <member type="node" ref="1394497563" role="stop"/>
  <member type="way" ref="401306623" role="platform"/>
  <member type="node" ref="1394497616" role="stop"/>
  <member type="way" ref="401306587" role="platform"/>
  <member type="node" ref="1393770834" role="stop"/>
  <member type="way" ref="401306607" role="platform"/>
  <member type="node" ref="1393770765" role="stop"/>
  <member type="way" ref="401306593" role="platform"/>
  <member type="node" ref="1393770723" role="stop"/>
  <member type="way" ref="401306618" role="platform"/>
  <member type="node" ref="1393770749" role="stop"/>
  <member type="way" ref="401306611" role="platform"/>
  <member type="node" ref="1393770791" role="stop"/>
  <member type="way" ref="401306612" role="platform"/>
  <member type="node" ref="1393770788" role="stop"/>
  <member type="way" ref="412858680" role="platform"/>
  <member type="node" ref="1393770719" role="stop"/>
  <member type="way" ref="401306590" role="platform"/>
  <member type="node" ref="1393770928" role="stop"/>
  <member type="way" ref="401306586" role="platform"/>
  <member type="node" ref="1393770904" role="stop"/>
  <member type="way" ref="180786675" role="platform"/>
  <member type="node" ref="1393770846" role="stop"/>
  <member type="way" ref="401306592" role="platform"/>
  <member type="node" ref="1394497577" role="stop"/>
  <member type="way" ref="401306621" role="platform"/>
  <member type="node" ref="1394497608" role="stop"/>
  <member type="way" ref="401306603" role="platform"/>
  <member type="node" ref="1094267333" role="stop"/>
  <member type="way" ref="401293132" role="platform"/>
  <member type="node" ref="13667374093" role="stop"/>
  <member type="way" ref="1491291727" role="platform"/>
  <member type="node" ref="1394497634" role="stop"/>
  <member type="way" ref="412567827" role="platform"/>
  <member type="node" ref="450138546" role="stop"/>
  <member type="way" ref="401293134" role="platform"/>
  <member type="node" ref="13045145744" role="stop"/>
  <member type="way" ref="1419583012" role="platform"/>
  <member type="node" ref="6702479818" role="stop"/>
  <member type="way" ref="712963091" role="platform"/>
  <member type="node" ref="13667374089" role="stop"/>
  <member type="node" ref="13667374090" role="platform"/>
  <member type="node" ref="450139242" role="stop"/>
  <member type="node" ref="3417487218" role="platform"/>
  <member type="node" ref="1592395083" role="stop"/>
  <member type="way" ref="308440713" role="platform"/>
  <member type="node" ref="11965086224" role="stop"/>
  <member type="way" ref="1290522491" role="platform"/>
  <member type="node" ref="1517208790" role="stop"/>
  <member type="way" ref="308621634" role="platform"/>
  <member type="node" ref="1517208747" role="stop"/>
  <member type="way" ref="712391151" role="platform"/>
  <member type="node" ref="1517208732" role="stop"/>
  <member type="way" ref="712399678" role="platform"/>
  <member type="node" ref="1517208687" role="stop"/>
  <member type="way" ref="308621642" role="platform"/>
  <member type="node" ref="1517208735" role="stop"/>
  <member type="way" ref="401417086" role="platform"/>
  <member type="node" ref="13732965147" role="stop"/>
  <member type="node" ref="13732965148" role="platform"/>
  <member type="way" ref="1491291729" role=""/>
  <member type="way" ref="1491291730" role=""/>
  <member type="way" ref="1491291732" role=""/>
  <member type="way" ref="40927308" role=""/>
  <member type="way" ref="40923002" role=""/>
  <member type="way" ref="519272044" role=""/>
  <member type="way" ref="116577397" role=""/>
  <member type="way" ref="519272041" role=""/>
  <member type="way" ref="145247933" role=""/>
  <member type="way" ref="26472033" role=""/>
  <member type="way" ref="345714565" role=""/>
  <member type="way" ref="145247940" role=""/>
  <member type="way" ref="503248612" role=""/>
  <member type="way" ref="145247900" role=""/>
  <member type="way" ref="37792955" role=""/>
  <member type="way" ref="145247938" role=""/>
  <member type="way" ref="145247910" role=""/>
  <member type="way" ref="37232283" role=""/>
  <member type="way" ref="37232282" role=""/>
  <member type="way" ref="37232281" role=""/>
  <member type="way" ref="4497862" role=""/>
  <member type="way" ref="164585251" role=""/>
  <member type="way" ref="4497861" role=""/>
  <member type="way" ref="4497860" role=""/>
  <member type="way" ref="4535805" role=""/>
  <member type="way" ref="95205919" role=""/>
  <member type="way" ref="1557368454" role=""/>
  <member type="way" ref="1557368455" role=""/>
  <member type="way" ref="145247920" role=""/>
  <member type="way" ref="145247917" role=""/>
  <member type="way" ref="37232277" role=""/>
  <member type="way" ref="145247903" role=""/>
  <member type="way" ref="37232276" role=""/>
  <member type="way" ref="1290522489" role=""/>
  <member type="way" ref="519272049" role=""/>
  <member type="way" ref="4535801" role=""/>
  <member type="way" ref="4535803" role=""/>
  <member type="way" ref="4535802" role=""/>
  <member type="way" ref="23175707" role=""/>
  <member type="way" ref="35824173" role=""/>
  <member type="way" ref="440007490" role=""/>
  <member type="way" ref="1491291724" role=""/>
  <member type="way" ref="440007531" role=""/>
  <member type="way" ref="91567602" role=""/>
  <member type="way" ref="1491291725" role=""/>
  <member type="way" ref="1491291723" role=""/>
  <member type="way" ref="1491291724" role=""/>
  <member type="way" ref="440007491" role=""/>
  <member type="way" ref="35824173" role=""/>
  <member type="way" ref="440007570" role=""/>
  <member type="way" ref="4535802" role=""/>
  <member type="way" ref="4498891" role=""/>
  <member type="way" ref="191110392" role=""/>
  <member type="way" ref="909300430" role=""/>
  <member type="way" ref="38153140" role=""/>
  <member type="way" ref="909300431" role=""/>
  <member type="way" ref="36808696" role=""/>
  <member type="way" ref="1485033055" role=""/>
  <member type="way" ref="35801602" role=""/>
  <member type="way" ref="519272052" role=""/>
  <member type="way" ref="4536099" role=""/>
  <member type="way" ref="519272054" role=""/>
  <member type="way" ref="1533260013" role=""/>
  <member type="way" ref="91846994" role=""/>
  <member type="way" ref="1485033060" role=""/>
  <member type="way" ref="91846985" role=""/>
  <member type="way" ref="1485033057" role=""/>
  <member type="way" ref="35771898" role=""/>
  <member type="way" ref="155005043" role=""/>
  <member type="way" ref="155005044" role=""/>
  <member type="way" ref="155005045" role=""/>
  <member type="way" ref="519234678" role=""/>
  <member type="way" ref="143458560" role=""/>
  <member type="way" ref="138368668" role=""/>
  <member type="way" ref="35771889" role=""/>
  <member type="way" ref="35771885" role=""/>
  <member type="way" ref="138368646" role=""/>
  <member type="way" ref="1163461760" role=""/>
  <member type="way" ref="138368660" role=""/>
  <member type="way" ref="25921312" role=""/>
  <member type="way" ref="779185100" role=""/>
  <member type="way" ref="1291160269" role=""/>
  <member type="way" ref="143747538" role=""/>
  <member type="way" ref="1491291720" role=""/>
  <member type="way" ref="1491291719" role=""/>
  <member type="way" ref="1491291718" role=""/>
  <member type="way" ref="712301935" role=""/>
  <member type="way" ref="164585260" role=""/>
  <member type="way" ref="93418060" role=""/>
  <member type="way" ref="90964998" role=""/>
  <member type="way" ref="143458559" role=""/>
  <member type="way" ref="143458548" role=""/>
  <member type="way" ref="23175716" role=""/>
  <member type="way" ref="1051655905" role=""/>
  <member type="way" ref="8208167" role=""/>
  <member type="way" ref="1051655904" role=""/>
  <member type="way" ref="143747523" role=""/>
  <member type="way" ref="138368656" role=""/>
  <member type="way" ref="345714556" role=""/>
  <member type="way" ref="345714559" role=""/>
  <member type="way" ref="440369733" role=""/>
  <member type="way" ref="440369731" role=""/>
  <member type="way" ref="37800344" role=""/>
  <member type="way" ref="237094603" role=""/>
  <member type="way" ref="143458551" role=""/>
  <member type="way" ref="143458550" role=""/>
  <member type="way" ref="93332234" role=""/>
  <member type="way" ref="93332242" role=""/>
  <member type="way" ref="37253934" role=""/>
  <member type="way" ref="143458549" role=""/>
  <member type="way" ref="38315585" role=""/>
  <member type="way" ref="389551421" role=""/>
  <member type="way" ref="308621614" role=""/>
  <member type="way" ref="1030699406" role=""/>
  <member type="way" ref="44397512" role=""/>
  <member type="way" ref="164585250" role=""/>
  <member type="way" ref="44397513" role=""/>
  <member type="way" ref="956398710" role=""/>
  <member type="way" ref="1499689450" role=""/>
  <member type="way" ref="1499689451" role=""/>
  <tag k="colour" v="#AE7200"/>
  <tag k="from" v="Björkenäs"/>
  <tag k="name" v="Buss 411: Björkenäs =&gt; Sjöbrings väg"/>
  <tag k="network" v="Kalmar länstrafik"/>
  <tag k="network:wikidata" v="Q10542824"/>
  <tag k="network:wikipedia" v="sv:Kalmar länstrafik"/>
  <tag k="public_transport:version" v="2"/>
  <tag k="ref" v="411"/>
  <tag k="route" v="bus"/>
  <tag k="to" v="Sjöbrings väg"/>
  <tag k="type" v="route"/>
 </relation>
 <relation id="2082669" visible="true" version="15" changeset="145143995" timestamp="2023-12-15T10:04:28Z" user="archie" uid="156646">
  <member type="way" ref="38523879" role=""/>
  <member type="way" ref="38523881" role=""/>
  <member type="way" ref="35773552" role=""/>
  <member type="way" ref="155005055" role=""/>
  <member type="way" ref="35870399" role=""/>
  <member type="way" ref="1051543313" role=""/>
  <member type="way" ref="1051543314" role=""/>
  <member type="way" ref="155005069" role=""/>
  <member type="way" ref="1051543316" role=""/>
  <member type="way" ref="1051543315" role=""/>
  <member type="way" ref="1051537570" role=""/>
  <member type="way" ref="1051537569" role=""/>
  <member type="way" ref="72404315" role=""/>
  <member type="way" ref="35780032" role=""/>
  <member type="way" ref="1073424386" role=""/>
  <member type="way" ref="1073424388" role=""/>
  <member type="way" ref="1073424387" role=""/>
  <member type="way" ref="1073424390" role=""/>
  <member type="way" ref="1051537567" role=""/>
  <member type="way" ref="1051537568" role=""/>
  <member type="way" ref="36857576" role=""/>
  <member type="way" ref="38523893" role=""/>
  <member type="way" ref="1051537563" role=""/>
  <member type="way" ref="1051537566" role=""/>
  <member type="way" ref="1051537565" role=""/>
  <member type="way" ref="1051537564" role=""/>
  <member type="way" ref="38523894" role=""/>
  <member type="way" ref="1051537562" role=""/>
  <member type="way" ref="1051537559" role=""/>
  <member type="way" ref="1231335314" role=""/>
  <member type="way" ref="1051537558" role=""/>
  <member type="way" ref="1051537557" role=""/>
  <member type="way" ref="1051537556" role=""/>
  <member type="way" ref="1051537579" role=""/>
  <member type="way" ref="1051537580" role=""/>
  <member type="way" ref="155005036" role=""/>
  <member type="way" ref="1051537581" role=""/>
  <member type="way" ref="1051537582" role=""/>
  <member type="way" ref="975226150" role=""/>
  <member type="way" ref="1051091925" role=""/>
  <member type="way" ref="975226152" role=""/>
  <member type="way" ref="1051314686" role=""/>
  <member type="way" ref="1051314687" role=""/>
  <member type="way" ref="1051374393" role=""/>
  <member type="way" ref="1051374394" role=""/>
  <member type="way" ref="38205313" role=""/>
  <member type="way" ref="1051549412" role=""/>
  <member type="way" ref="1051549411" role=""/>
  <member type="way" ref="1051376088" role=""/>
  <member type="way" ref="1051552183" role=""/>
  <member type="way" ref="1051552182" role=""/>
  <member type="way" ref="155005030" role=""/>
  <member type="way" ref="1051552188" role=""/>
  <member type="way" ref="1051552189" role=""/>
  <member type="way" ref="35801616" role=""/>
  <member type="way" ref="155121367" role=""/>
  <member type="way" ref="154035707" role=""/>
  <member type="way" ref="38137719" role=""/>
  <member type="way" ref="155018101" role=""/>
  <member type="way" ref="155018098" role=""/>
  <member type="way" ref="155005099" role=""/>
  <member type="way" ref="155005054" role=""/>
  <member type="way" ref="1051920116" role=""/>
  <member type="way" ref="93199656" role=""/>
  <member type="way" ref="155005087" role=""/>
  <member type="way" ref="155005076" role=""/>
  <member type="way" ref="155005043" role=""/>
  <member type="way" ref="155005044" role=""/>
  <tag k="name" v="Lindsdal - Kvarnholmen"/>
  <tag k="network" v="lcn"/>
  <tag k="route" v="bicycle"/>
  <tag k="type" v="route"/>
 </relation>
 <relation id="2082671" visible="true" version="8" changeset="119728068" timestamp="2022-04-14T20:15:20Z" user="\Mike" uid="698958">
  <member type="way" ref="155005088" role=""/>
  <member type="way" ref="144233219" role=""/>
  <member type="way" ref="144233216" role=""/>
  <member type="way" ref="155005097" role=""/>
  <member type="way" ref="42441704" role=""/>
  <member type="way" ref="42441702" role=""/>
  <member type="way" ref="146602587" role=""/>
  <member type="way" ref="41266328" role=""/>
  <member type="way" ref="52024589" role=""/>
  <member type="way" ref="155005042" role=""/>
  <member type="way" ref="440465274" role=""/>
  <member type="way" ref="52024585" role=""/>
  <member type="way" ref="815681697" role=""/>
  <member type="way" ref="275961976" role=""/>
  <member type="way" ref="37792927" role=""/>
  <member type="way" ref="155005034" role=""/>
  <member type="way" ref="38188682" role=""/>
  <member type="way" ref="38228230" role=""/>
  <member type="way" ref="398603725" role=""/>
  <member type="way" ref="398603724" role=""/>
  <member type="way" ref="38228231" role=""/>
  <member type="way" ref="44397501" role=""/>
  <member type="way" ref="440465278" role=""/>
  <member type="way" ref="334687779" role=""/>
  <member type="way" ref="334687784" role=""/>
  <member type="way" ref="155005092" role=""/>
  <member type="way" ref="155005100" role=""/>
  <member type="way" ref="147082085" role=""/>
  <member type="way" ref="147082086" role=""/>
  <member type="way" ref="155005058" role=""/>
  <member type="way" ref="1051920116" role=""/>
  <member type="way" ref="93199656" role=""/>
  <member type="way" ref="155005087" role=""/>
  <member type="way" ref="155005076" role=""/>
  <member type="way" ref="155005043" role=""/>
  <member type="way" ref="155005044" role=""/>
  <tag k="name" v="Norrliden - Kvarnholmen"/>
  <tag k="network" v="lcn"/>
  <tag k="route" v="bicycle"/>
  <tag k="type" v="route"/>
 </relation>
 <relation id="2194435" visible="true" version="32" changeset="188729901" timestamp="2026-09-08T15:38:20Z" user="Staffan Lincoln" uid="10458560">
  <member type="node" ref="13732965147" role="stop"/>
  <member type="node" ref="13732965148" role="platform"/>
  <member type="node" ref="1517208745" role="stop"/>
  <member type="way" ref="401417088" role="platform"/>
  <member type="node" ref="1517208683" role="stop"/>
  <member type="way" ref="712391152" role="platform"/>
  <member type="node" ref="1517208728" role="stop"/>
  <member type="way" ref="712399679" role="platform"/>
  <member type="node" ref="1517208746" role="stop"/>
  <member type="way" ref="712391149" role="platform"/>
  <member type="node" ref="1517208787" role="stop"/>
  <member type="way" ref="308621639" role="platform"/>
  <member type="node" ref="11965086227" role="stop"/>
  <member type="way" ref="1290522492" role="platform"/>
  <member type="node" ref="1592395077" role="stop"/>
  <member type="way" ref="308440711" role="platform"/>
  <member type="node" ref="450139714" role="stop"/>
  <member type="way" ref="334687801" role="platform"/>
  <member type="node" ref="13045117775" role="stop"/>
  <member type="node" ref="450138958" role="platform"/>
  <member type="node" ref="545580" role="stop"/>
  <member type="way" ref="712963092" role="platform"/>
  <member type="node" ref="13045145745" role="stop"/>
  <member type="node" ref="1394497630" role="platform"/>
  <member type="node" ref="1394497635" role="stop"/>
  <member type="way" ref="412567822" role="platform"/>
  <member type="node" ref="13667374093" role="stop"/>
  <member type="way" ref="1491291727" role="platform"/>
  <member type="node" ref="470197870" role="stop"/>
  <member type="way" ref="401293144" role="platform"/>
  <member type="node" ref="1394497605" role="stop"/>
  <member type="way" ref="401306626" role="platform"/>
  <member type="node" ref="1394497579" role="stop"/>
  <member type="way" ref="401306588" role="platform"/>
  <member type="node" ref="1393770856" role="stop"/>
  <member type="way" ref="401306610" role="platform"/>
  <member type="node" ref="1393770902" role="stop"/>
  <member type="way" ref="180786682" role="platform"/>
  <member type="node" ref="1393770925" role="stop"/>
  <member type="way" ref="401306591" role="platform"/>
  <member type="node" ref="1393770713" role="stop"/>
  <member type="way" ref="401306625" role="platform"/>
  <member type="node" ref="1393770745" role="stop"/>
  <member type="way" ref="401306620" role="platform"/>
  <member type="node" ref="1393770797" role="stop"/>
  <member type="way" ref="401306619" role="platform"/>
  <member type="node" ref="1393770747" role="stop"/>
  <member type="way" ref="401306604" role="platform"/>
  <member type="node" ref="1393770724" role="stop"/>
  <member type="way" ref="401306597" role="platform"/>
  <member type="node" ref="1393770764" role="stop"/>
  <member type="way" ref="401306602" role="platform"/>
  <member type="node" ref="1393770831" role="stop"/>
  <member type="way" ref="401306594" role="platform"/>
  <member type="node" ref="1394497618" role="stop"/>
  <member type="way" ref="401306596" role="platform"/>
  <member type="node" ref="1394497570" role="stop"/>
  <member type="way" ref="401306606" role="platform"/>
  <member type="node" ref="1394497572" role="stop"/>
  <member type="way" ref="401306622" role="platform"/>
  <member type="node" ref="1394497645" role="stop"/>
  <member type="way" ref="401293140" role="platform"/>
  <member type="node" ref="641428316" role="stop"/>
  <member type="node" ref="13667374098" role="platform"/>
  <member type="way" ref="39832929" role=""/>
  <member type="way" ref="1499689449" role=""/>
  <member type="way" ref="143458552" role=""/>
  <member type="way" ref="1499689450" role=""/>
  <member type="way" ref="956398710" role=""/>
  <member type="way" ref="44397513" role=""/>
  <member type="way" ref="164585250" role=""/>
  <member type="way" ref="44397512" role=""/>
  <member type="way" ref="1030699406" role=""/>
  <member type="way" ref="308621614" role=""/>
  <member type="way" ref="389551421" role=""/>
  <member type="way" ref="38315585" role=""/>
  <member type="way" ref="143458549" role=""/>
  <member type="way" ref="37253934" role=""/>
  <member type="way" ref="93332242" role=""/>
  <member type="way" ref="93332248" role=""/>
  <member type="way" ref="1124108658" role=""/>
  <member type="way" ref="143458550" role=""/>
  <member type="way" ref="143458551" role=""/>
  <member type="way" ref="237094603" role=""/>
  <member type="way" ref="37800345" role=""/>
  <member type="way" ref="4536103" role=""/>
  <member type="way" ref="440369732" role=""/>
  <member type="way" ref="345714558" role=""/>
  <member type="way" ref="143747523" role=""/>
  <member type="way" ref="93456208" role=""/>
  <member type="way" ref="23175716" role=""/>
  <member type="way" ref="531503631" role=""/>
  <member type="way" ref="712287715" role=""/>
  <member type="way" ref="143458559" role=""/>
  <member type="way" ref="93418056" role=""/>
  <member type="way" ref="93418060" role=""/>
  <member type="way" ref="164585260" role=""/>
  <member type="way" ref="90965010" role=""/>
  <member type="way" ref="712301936" role=""/>
  <member type="way" ref="712301937" role=""/>
  <member type="way" ref="25921312" role=""/>
  <member type="way" ref="138368660" role=""/>
  <member type="way" ref="1163461760" role=""/>
  <member type="way" ref="138368646" role=""/>
  <member type="way" ref="35771885" role=""/>
  <member type="way" ref="35771889" role=""/>
  <member type="way" ref="138368668" role=""/>
  <member type="way" ref="543050229" role=""/>
  <member type="way" ref="143458564" role=""/>
  <member type="way" ref="468251631" role=""/>
  <member type="way" ref="1051920115" role=""/>
  <member type="way" ref="138368661" role=""/>
  <member type="way" ref="1485033063" role=""/>
  <member type="way" ref="91846985" role=""/>
  <member type="way" ref="1485033059" role=""/>
  <member type="way" ref="91846994" role=""/>
  <member type="way" ref="1533260013" role=""/>
  <member type="way" ref="519272053" role=""/>
  <member type="way" ref="4536099" role=""/>
  <member type="way" ref="519272051" role=""/>
  <member type="way" ref="35801602" role=""/>
  <member type="way" ref="1485033056" role=""/>
  <member type="way" ref="36808696" role=""/>
  <member type="way" ref="38153141" role=""/>
  <member type="way" ref="440370437" role=""/>
  <member type="way" ref="440370438" role=""/>
  <member type="way" ref="440370436" role=""/>
  <member type="way" ref="143458541" role=""/>
  <member type="way" ref="191110390" role=""/>
  <member type="way" ref="191110391" role=""/>
  <member type="way" ref="191110393" role=""/>
  <member type="way" ref="4535802" role=""/>
  <member type="way" ref="23175707" role=""/>
  <member type="way" ref="35824173" role=""/>
  <member type="way" ref="440007490" role=""/>
  <member type="way" ref="1491291724" role=""/>
  <member type="way" ref="440007531" role=""/>
  <member type="way" ref="91567602" role=""/>
  <member type="way" ref="1491291725" role=""/>
  <member type="way" ref="1491291723" role=""/>
  <member type="way" ref="1491291724" role=""/>
  <member type="way" ref="440007491" role=""/>
  <member type="way" ref="35824173" role=""/>
  <member type="way" ref="440007570" role=""/>
  <member type="way" ref="4535802" role=""/>
  <member type="way" ref="4535797" role=""/>
  <member type="way" ref="4535801" role=""/>
  <member type="way" ref="519272050" role=""/>
  <member type="way" ref="1290522489" role=""/>
  <member type="way" ref="37232276" role=""/>
  <member type="way" ref="145247903" role=""/>
  <member type="way" ref="37232277" role=""/>
  <member type="way" ref="145247917" role=""/>
  <member type="way" ref="145247920" role=""/>
  <member type="way" ref="1557368455" role=""/>
  <member type="way" ref="1557368454" role=""/>
  <member type="way" ref="95205919" role=""/>
  <member type="way" ref="95205833" role=""/>
  <member type="way" ref="4497860" role=""/>
  <member type="way" ref="95205958" role=""/>
  <member type="way" ref="36857610" role=""/>
  <member type="way" ref="164585251" role=""/>
  <member type="way" ref="4497862" role=""/>
  <member type="way" ref="37232281" role=""/>
  <member type="way" ref="37232282" role=""/>
  <member type="way" ref="37232283" role=""/>
  <member type="way" ref="145247910" role=""/>
  <member type="way" ref="145247938" role=""/>
  <member type="way" ref="37792955" role=""/>
  <member type="way" ref="145247900" role=""/>
  <member type="way" ref="503248612" role=""/>
  <member type="way" ref="145247940" role=""/>
  <member type="way" ref="345714565" role=""/>
  <member type="way" ref="26472033" role=""/>
  <member type="way" ref="145247933" role=""/>
  <member type="way" ref="519272042" role=""/>
  <member type="way" ref="116577397" role=""/>
  <member type="way" ref="519272043" role=""/>
  <member type="way" ref="40923002" role=""/>
  <member type="way" ref="40927308" role=""/>
  <member type="way" ref="1491291732" role=""/>
  <member type="way" ref="50443484" role=""/>
  <member type="way" ref="50443481" role=""/>
  <tag k="colour" v="#AE7200"/>
  <tag k="from" v="Sjöbrings väg"/>
  <tag k="name" v="Buss 411: Sjöbrings väg =&gt; Björkenäs"/>
  <tag k="network" v="Kalmar länstrafik"/>
  <tag k="network:wikidata" v="Q10542824"/>
  <tag k="network:wikipedia" v="sv:Kalmar länstrafik"/>
  <tag k="public_transport:version" v="2"/>
  <tag k="ref" v="411"/>
  <tag k="route" v="bus"/>
  <tag k="to" v="Björkenäs"/>
  <tag k="type" v="route"/>
 </relation>
 <relation id="5119548" visible="true" version="6" changeset="170981119" timestamp="2025-08-25T14:43:01Z" user="_Mathieu_" uid="53964">
  <member type="way" ref="35772927" role="outer"/>
  <member type="way" ref="38319501" role="inner"/>
  <tag k="highway" v="pedestrian"/>
  <tag k="lit" v="yes"/>
  <tag k="name" v="Stortorget"/>
  <tag k="surface" v="unhewn_cobblestone"/>
  <tag k="type" v="multipolygon"/>
 </relation>
 <relation id="5149184" visible="true" version="1" changeset="31228203" timestamp="2015-05-17T14:26:59Z" user="riiga" uid="83501">
  <member type="way" ref="92379287" role="outer"/>
  <member type="way" ref="92379293" role="inner"/>
  <tag k="building" v="yes"/>
  <tag k="type" v="multipolygon"/>
 </relation>
 <relation id="6022150" visible="true" version="5" changeset="180866033" timestamp="2026-04-04T17:35:27Z" user="lotug" uid="13198511">
  <member type="relation" ref="1965757" role=""/>
  <member type="relation" ref="2194435" role=""/>
  <tag k="colour" v="#AE7200"/>
  <tag k="name" v="Buss 411"/>
  <tag k="network" v="Kalmar länstrafik"/>
  <tag k="network:wikidata" v="Q10542824"/>
  <tag k="network:wikipedia" v="sv:Kalmar länstrafik"/>
  <tag k="ref" v="411"/>
  <tag k="route_master" v="bus"/>
  <tag k="type" v="route_master"/>
 </relation>
 <relation id="19391511" visible="true" version="1" changeset="169495029" timestamp="2025-07-26T09:21:03Z" user="aleajacta" uid="22339718">
  <member type="node" ref="1620151797" role="target"/>
  <member type="node" ref="13026192232" role="entrance"/>
  <tag k="type" v="provides_feature"/>
 </relation>
 <relation id="19420598" visible="true" version="5" changeset="180219573" timestamp="2026-03-21T17:52:55Z" user="lotug" uid="13198511">
  <member type="node" ref="13667374089" role="stop"/>
  <member type="node" ref="13667374090" role="platform"/>
  <member type="node" ref="13045117775" role="stop"/>
  <member type="node" ref="450138958" role="platform"/>
  <tag k="name" v="Stortorget"/>
  <tag k="network" v="Kalmar länstrafik"/>
  <tag k="network:wikidata" v="Q10542824"/>
  <tag k="public_transport" v="stop_area"/>
  <tag k="public_transport:version" v="2"/>
  <tag k="type" v="public_transport"/>
 </relation>
</osm>
