<?xml version="1.0" encoding="UTF-8"?>
<osm version="0.6" generator="Overpass API 0.7.62.11 87bfad18">
<note>The data included in this document is from www.openstreetmap.org. The data is made available under ODbL.</note>
<meta osm_base="2026-09-23T15:49:32Z"/>

  <node id="544842" lat="56.6613258" lon="16.3456421" version="2" timestamp="2009-01-08T12:06:09Z" changeset="756086" uid="90335" user="JonasP"/>
  <node id="544843" lat="56.6610782" lon="16.3468008" version="1" timestamp="2006-02-17T10:48:43Z" changeset="2358" uid="229" user="LA2"/>
  <node id="545821" lat="56.6597168" lon="16.3598078" version="4" timestamp="2026-06-27T19:08:49Z" changeset="184709014" uid="83501" user="riiga"/>
  <node id="545822" lat="56.6599259" lon="16.3597267" version="3" timestamp="2026-06-27T19:08:49Z" changeset="184709014" uid="83501" user="riiga"/>
  <node id="545823" lat="56.6601897" lon="16.3595435" version="3" timestamp="2026-06-27T19:08:49Z" changeset="184709014" uid="83501" user="riiga"/>
  <node id="545824" lat="56.6608192" lon="16.3586517" version="5" timestamp="2026-06-27T19:08:49Z" changeset="184709014" uid="83501" user="riiga"/>
  <node id="545825" lat="56.6615474" lon="16.3574384" version="3" timestamp="2010-12-22T10:08:42Z" changeset="6733780" uid="324579" user="HaH"/>
  <node id="545834" lat="56.6590811" lon="16.3527674" version="3" timestamp="2010-12-23T10:04:45Z" changeset="6743641" uid="12294" user="izzor"/>
  <node id="545837" lat="56.6607140" lon="16.3546784" version="3" timestamp="2025-09-29T07:43:52Z" changeset="172597868" uid="156646" user="archie"/>
  <node id="545838" lat="56.6615207" lon="16.3551973" version="3" timestamp="2012-02-06T20:00:49Z" changeset="10606411" uid="12294" user="izzor"/>
  <node id="545842" lat="56.6588310" lon="16.3534516" version="3" timestamp="2020-11-19T20:13:43Z" changeset="94459151" uid="159302" user="osmium"/>
  <node id="545843" lat="56.6590780" lon="16.3598445" version="5" timestamp="2026-06-27T19:08:49Z" changeset="184709014" uid="83501" user="riiga"/>
  <node id="545844" lat="56.6581954" lon="16.3598879" version="2" timestamp="2010-12-22T18:34:45Z" changeset="6738384" uid="324579" user="HaH"/>
  <node id="545845" lat="56.6576443" lon="16.3600099" version="3" timestamp="2012-02-06T17:05:49Z" changeset="10604760" uid="306096" user="joakimfors"/>
  <node id="545846" lat="56.6571725" lon="16.3602557" version="1" timestamp="2006-02-17T15:46:00Z" changeset="2364" uid="229" user="LA2"/>
  <node id="545878" lat="56.6553771" lon="16.3636112" version="3" timestamp="2012-02-06T17:05:49Z" changeset="10604760" uid="306096" user="joakimfors"/>
  <node id="545879" lat="56.6555162" lon="16.3628701" version="2" timestamp="2025-05-24T12:55:21Z" changeset="166696346" uid="20259094" user="MtbBob"/>
  <node id="545880" lat="56.6557359" lon="16.3621479" version="3" timestamp="2025-05-24T12:55:21Z" changeset="166696346" uid="20259094" user="MtbBob"/>
  <node id="545881" lat="56.6560596" lon="16.3614392" version="2" timestamp="2009-06-10T13:16:12Z" changeset="1477297" uid="12294" user="izzor"/>
  <node id="545882" lat="56.6565103" lon="16.3608232" version="3" timestamp="2025-05-24T12:55:21Z" changeset="166696346" uid="20259094" user="MtbBob"/>
  <node id="545887" lat="56.6609186" lon="16.3475376" version="3" timestamp="2012-02-06T20:00:49Z" changeset="10606411" uid="12294" user="izzor"/>
  <node id="545889" lat="56.6597479" lon="16.3508804" version="2" timestamp="2011-01-04T07:06:44Z" changeset="6857686" uid="324579" user="HaH"/>
  <node id="25123847" lat="56.6765309" lon="16.3636455" version="2" timestamp="2008-03-09T11:23:58Z" changeset="292127" uid="3700" user="leojth">
    <tag k="created_by" v="almien_coastlines"/>
  </node>
  <node id="25124319" lat="56.6569459" lon="16.3579858" version="3" timestamp="2010-12-21T13:43:30Z" changeset="6725255" uid="324579" user="HaH"/>
  <node id="25124320" lat="56.6571487" lon="16.3572152" version="3" timestamp="2010-12-21T13:43:30Z" changeset="6725255" uid="324579" user="HaH"/>
  <node id="25124321" lat="56.6572135" lon="16.3574585" version="3" timestamp="2010-12-21T13:43:30Z" changeset="6725255" uid="324579" user="HaH"/>
  <node id="25124322" lat="56.6573332" lon="16.3581963" version="3" timestamp="2010-12-21T13:43:29Z" changeset="6725255" uid="324579" user="HaH"/>
  <node id="25124323" lat="56.6571223" lon="16.3582378" version="3" timestamp="2010-12-21T13:43:30Z" changeset="6725255" uid="324579" user="HaH"/>
  <node id="25125467" lat="56.6514285" lon="16.3342610" version="2" timestamp="2010-12-21T12:53:52Z" changeset="6724876" uid="324579" user="HaH"/>
  <node id="25125469" lat="56.6511979" lon="16.3351318" version="2" timestamp="2010-12-21T12:53:57Z" changeset="6724876" uid="324579" user="HaH"/>
  <node id="25125470" lat="56.6508923" lon="16.3349828" version="2" timestamp="2010-12-21T12:53:56Z" changeset="6724876" uid="324579" user="HaH"/>
  <node id="25125471" lat="56.6507074" lon="16.3347680" version="2" timestamp="2010-12-21T12:53:50Z" changeset="6724876" uid="324579" user="HaH"/>
  <node id="25125472" lat="56.6500690" lon="16.3342553" version="3" timestamp="2011-01-06T08:05:33Z" changeset="6879246" uid="324579" user="HaH"/>
  <node id="25125473" lat="56.6501041" lon="16.3349792" version="2" timestamp="2010-12-21T12:53:51Z" changeset="6724876" uid="324579" user="HaH"/>
  <node id="25125474" lat="56.6504282" lon="16.3352148" version="3" timestamp="2019-08-07T07:21:50Z" changeset="73096040" uid="12294" user="izzor"/>
  <node id="25125475" lat="56.6505799" lon="16.3357955" version="3" timestamp="2019-08-07T07:21:50Z" changeset="73096040" uid="12294" user="izzor"/>
  <node id="25125476" lat="56.6507884" lon="16.3363347" version="2" timestamp="2010-12-21T12:53:51Z" changeset="6724876" uid="324579" user="HaH"/>
  <node id="25125477" lat="56.6509206" lon="16.3367067" version="2" timestamp="2010-12-21T12:53:49Z" changeset="6724876" uid="324579" user="HaH"/>
  <node id="25125478" lat="56.6507424" lon="16.3370674" version="2" timestamp="2010-12-21T12:53:49Z" changeset="6724876" uid="324579" user="HaH"/>
  <node id="25125488" lat="56.6508792" lon="16.3376267" version="2" timestamp="2010-12-21T12:53:55Z" changeset="6724876" uid="324579" user="HaH"/>
  <node id="25125489" lat="56.6511035" lon="16.3380088" version="2" timestamp="2010-12-21T12:53:50Z" changeset="6724876" uid="324579" user="HaH"/>
  <node id="25125490" lat="56.6513400" lon="16.3385500" version="1" timestamp="2007-04-29T01:15:51Z" changeset="32235" uid="229" user="LA2">
    <tag k="created_by" v="almien_coastlines"/>
  </node>
  <node id="25125491" lat="56.6515878" lon="16.3389465" version="2" timestamp="2010-12-21T12:53:41Z" changeset="6724876" uid="324579" user="HaH"/>
  <node id="25125492" lat="56.6519567" lon="16.3395041" version="2" timestamp="2010-12-21T12:53:50Z" changeset="6724876" uid="324579" user="HaH"/>
  <node id="25125493" lat="56.6520967" lon="16.3402761" version="2" timestamp="2010-12-21T12:53:48Z" changeset="6724876" uid="324579" user="HaH"/>
  <node id="25125494" lat="56.6523647" lon="16.3405706" version="2" timestamp="2010-12-21T12:53:45Z" changeset="6724876" uid="324579" user="HaH"/>
  <node id="25125495" lat="56.6525551" lon="16.3415288" version="2" timestamp="2010-12-21T12:53:56Z" changeset="6724876" uid="324579" user="HaH"/>
  <node id="25125496" lat="56.6526873" lon="16.3420724" version="2" timestamp="2010-12-21T12:53:48Z" changeset="6724876" uid="324579" user="HaH"/>
  <node id="25125497" lat="56.6517941" lon="16.3421349" version="2" timestamp="2010-12-21T12:53:57Z" changeset="6724876" uid="324579" user="HaH"/>
  <node id="25125498" lat="56.6516664" lon="16.3428439" version="2" timestamp="2010-12-21T12:53:56Z" changeset="6724876" uid="324579" user="HaH"/>
  <node id="25125499" lat="56.6518271" lon="16.3431335" version="2" timestamp="2010-12-21T12:53:50Z" changeset="6724876" uid="324579" user="HaH"/>
  <node id="25125500" lat="56.6527772" lon="16.3433902" version="2" timestamp="2010-12-21T12:53:40Z" changeset="6724876" uid="324579" user="HaH"/>
  <node id="25125501" lat="56.6527428" lon="16.3443078" version="2" timestamp="2010-12-21T12:53:51Z" changeset="6724876" uid="324579" user="HaH"/>
  <node id="25125502" lat="56.6528915" lon="16.3444573" version="2" timestamp="2010-12-21T12:53:51Z" changeset="6724876" uid="324579" user="HaH"/>
  <node id="25125503" lat="56.6530895" lon="16.3438795" version="2" timestamp="2010-12-21T12:53:49Z" changeset="6724876" uid="324579" user="HaH"/>
  <node id="25125504" lat="56.6531695" lon="16.3437888" version="2" timestamp="2010-12-21T12:53:48Z" changeset="6724876" uid="324579" user="HaH"/>
  <node id="25125505" lat="56.6533685" lon="16.3440110" version="2" timestamp="2010-12-21T12:53:57Z" changeset="6724876" uid="324579" user="HaH"/>
  <node id="25125506" lat="56.6535369" lon="16.3442751" version="2" timestamp="2010-12-21T12:53:57Z" changeset="6724876" uid="324579" user="HaH"/>
  <node id="25125507" lat="56.6538695" lon="16.3458878" version="2" timestamp="2010-12-21T12:53:51Z" changeset="6724876" uid="324579" user="HaH"/>
  <node id="25125508" lat="56.6540108" lon="16.3466414" version="2" timestamp="2010-12-21T12:53:40Z" changeset="6724876" uid="324579" user="HaH"/>
  <node id="25125509" lat="56.6541418" lon="16.3487251" version="3" timestamp="2016-09-09T19:30:13Z" changeset="42044590" uid="812740" user="westis"/>
  <node id="25125510" lat="56.6544471" lon="16.3507254" version="3" timestamp="2011-01-02T00:13:00Z" changeset="6834042" uid="352480" user="dannioni"/>
  <node id="25125511" lat="56.6546913" lon="16.3504165" version="3" timestamp="2016-09-09T19:30:13Z" changeset="42044590" uid="812740" user="westis"/>
  <node id="25125512" lat="56.6549013" lon="16.3508704" version="2" timestamp="2010-12-21T12:53:52Z" changeset="6724876" uid="324579" user="HaH"/>
  <node id="25125513" lat="56.6549747" lon="16.3508183" version="2" timestamp="2010-12-21T12:53:50Z" changeset="6724876" uid="324579" user="HaH"/>
  <node id="25125514" lat="56.6551800" lon="16.3503100" version="1" timestamp="2007-04-28T21:17:13Z" changeset="32235" uid="229" user="LA2">
    <tag k="created_by" v="almien_coastlines"/>
  </node>
  <node id="25125515" lat="56.6554400" lon="16.3503100" version="1" timestamp="2007-04-28T21:19:41Z" changeset="32235" uid="229" user="LA2">
    <tag k="created_by" v="almien_coastlines"/>
  </node>
  <node id="25125516" lat="56.6556347" lon="16.3508636" version="2" timestamp="2010-12-21T12:53:50Z" changeset="6724876" uid="324579" user="HaH"/>
  <node id="25125517" lat="56.6557900" lon="16.3521900" version="1" timestamp="2007-04-28T21:16:37Z" changeset="32235" uid="229" user="LA2">
    <tag k="created_by" v="almien_coastlines"/>
  </node>
  <node id="25125518" lat="56.6556476" lon="16.3526416" version="2" timestamp="2010-12-21T12:53:41Z" changeset="6724876" uid="324579" user="HaH"/>
  <node id="25125519" lat="56.6555584" lon="16.3535768" version="2" timestamp="2010-12-21T12:53:55Z" changeset="6724876" uid="324579" user="HaH"/>
  <node id="25125520" lat="56.6556122" lon="16.3540365" version="2" timestamp="2010-12-20T20:00:13Z" changeset="6719359" uid="324579" user="HaH"/>
  <node id="25125521" lat="56.6556600" lon="16.3545100" version="1" timestamp="2007-04-28T21:26:34Z" changeset="32235" uid="229" user="LA2">
    <tag k="created_by" v="almien_coastlines"/>
  </node>
  <node id="25125522" lat="56.6559061" lon="16.3549379" version="2" timestamp="2010-12-20T20:00:15Z" changeset="6719359" uid="324579" user="HaH"/>
  <node id="25125523" lat="56.6561872" lon="16.3549254" version="2" timestamp="2010-12-20T20:00:22Z" changeset="6719359" uid="324579" user="HaH"/>
  <node id="25125524" lat="56.6563660" lon="16.3551367" version="2" timestamp="2010-12-20T20:00:21Z" changeset="6719359" uid="324579" user="HaH"/>
  <node id="25125525" lat="56.6563851" lon="16.3544461" version="2" timestamp="2010-12-20T20:00:10Z" changeset="6719359" uid="324579" user="HaH"/>
  <node id="25125526" lat="56.6565509" lon="16.3538803" version="2" timestamp="2010-12-20T20:00:08Z" changeset="6719359" uid="324579" user="HaH"/>
  <node id="25125527" lat="56.6570798" lon="16.3541859" version="3" timestamp="2010-12-20T20:00:14Z" changeset="6719359" uid="324579" user="HaH"/>
  <node id="25125528" lat="56.6571969" lon="16.3553509" version="3" timestamp="2010-12-20T13:26:35Z" changeset="6715960" uid="324579" user="HaH"/>
  <node id="25125529" lat="56.6570943" lon="16.3554989" version="3" timestamp="2010-12-20T13:26:33Z" changeset="6715960" uid="324579" user="HaH"/>
  <node id="25125530" lat="56.6570319" lon="16.3556673" version="3" timestamp="2010-12-20T13:26:35Z" changeset="6715960" uid="324579" user="HaH"/>
  <node id="25125531" lat="56.6570568" lon="16.3558870" version="3" timestamp="2010-12-20T13:26:34Z" changeset="6715960" uid="324579" user="HaH"/>
  <node id="25125532" lat="56.6574632" lon="16.3564546" version="3" timestamp="2010-12-20T13:26:35Z" changeset="6715960" uid="324579" user="HaH"/>
  <node id="25125533" lat="56.6578875" lon="16.3568814" version="3" timestamp="2010-12-20T13:26:35Z" changeset="6715960" uid="324579" user="HaH"/>
  <node id="25125534" lat="56.6581651" lon="16.3570260" version="3" timestamp="2010-12-20T13:26:35Z" changeset="6715960" uid="324579" user="HaH"/>
  <node id="25125535" lat="56.6583649" lon="16.3570591" version="3" timestamp="2010-12-20T13:26:32Z" changeset="6715960" uid="324579" user="HaH"/>
  <node id="25125536" lat="56.6585510" lon="16.3563037" version="3" timestamp="2010-12-20T13:26:35Z" changeset="6715960" uid="324579" user="HaH"/>
  <node id="25125537" lat="56.6588894" lon="16.3554139" version="3" timestamp="2010-12-20T13:26:33Z" changeset="6715960" uid="324579" user="HaH"/>
  <node id="25125538" lat="56.6590439" lon="16.3551973" version="3" timestamp="2010-12-20T13:26:35Z" changeset="6715960" uid="324579" user="HaH"/>
  <node id="25125539" lat="56.6592064" lon="16.3556621" version="3" timestamp="2010-12-20T20:00:19Z" changeset="6719359" uid="324579" user="HaH"/>
  <node id="25125540" lat="56.6604231" lon="16.3566932" version="2" timestamp="2008-05-19T21:18:46Z" changeset="480168" uid="3700" user="leojth">
    <tag k="created_by" v="almien_coastlines"/>
  </node>
  <node id="25125541" lat="56.6615396" lon="16.3568831" version="3" timestamp="2010-12-20T20:00:07Z" changeset="6719359" uid="324579" user="HaH"/>
  <node id="25125556" lat="56.6576749" lon="16.3597966" version="3" timestamp="2021-08-04T20:40:35Z" changeset="109163995" uid="159302" user="osmium"/>
  <node id="25125557" lat="56.6572114" lon="16.3600076" version="3" timestamp="2021-08-04T20:40:35Z" changeset="109163995" uid="159302" user="osmium"/>
  <node id="25125558" lat="56.6568367" lon="16.3603159" version="2" timestamp="2010-12-20T20:00:19Z" changeset="6719359" uid="324579" user="HaH"/>
  <node id="25125560" lat="56.6564868" lon="16.3605941" version="2" timestamp="2010-12-20T20:00:20Z" changeset="6719359" uid="324579" user="HaH"/>
  <node id="25125561" lat="56.6561812" lon="16.3609882" version="2" timestamp="2010-12-20T20:00:10Z" changeset="6719359" uid="324579" user="HaH"/>
  <node id="25125562" lat="56.6558306" lon="16.3615616" version="2" timestamp="2010-12-20T20:00:07Z" changeset="6719359" uid="324579" user="HaH"/>
  <node id="25125563" lat="56.6556184" lon="16.3620575" version="1" timestamp="2007-04-28T21:19:54Z" changeset="32235" uid="229" user="LA2">
    <tag k="created_by" v="almien_coastlines"/>
  </node>
  <node id="25125564" lat="56.6552901" lon="16.3634038" version="3" timestamp="2021-08-04T19:32:22Z" changeset="109162051" uid="159302" user="osmium"/>
  <node id="25125565" lat="56.6550429" lon="16.3655042" version="2" timestamp="2010-12-20T20:00:20Z" changeset="6719359" uid="324579" user="HaH"/>
  <node id="25125566" lat="56.6548887" lon="16.3661194" version="2" timestamp="2010-12-20T20:00:17Z" changeset="6719359" uid="324579" user="HaH"/>
  <node id="25125567" lat="56.6545935" lon="16.3674653" version="2" timestamp="2010-12-20T20:00:23Z" changeset="6719359" uid="324579" user="HaH"/>
  <node id="25125568" lat="56.6543447" lon="16.3685126" version="2" timestamp="2010-12-20T20:00:19Z" changeset="6719359" uid="324579" user="HaH"/>
  <node id="25125570" lat="56.6547102" lon="16.3711239" version="2" timestamp="2010-12-20T20:00:22Z" changeset="6719359" uid="324579" user="HaH"/>
  <node id="25125577" lat="56.6567498" lon="16.3745755" version="2" timestamp="2010-12-20T20:00:07Z" changeset="6719359" uid="324579" user="HaH"/>
  <node id="25125578" lat="56.6572625" lon="16.3754354" version="3" timestamp="2012-11-28T18:53:50Z" changeset="14077343" uid="324579" user="HaH"/>
  <node id="25125582" lat="56.6578496" lon="16.3763965" version="2" timestamp="2012-11-28T18:53:50Z" changeset="14077343" uid="324579" user="HaH"/>
  <node id="25125583" lat="56.6582651" lon="16.3770976" version="2" timestamp="2012-11-28T18:53:50Z" changeset="14077343" uid="324579" user="HaH"/>
  <node id="25125584" lat="56.6582019" lon="16.3773021" version="2" timestamp="2012-11-28T18:53:50Z" changeset="14077343" uid="324579" user="HaH"/>
  <node id="25125585" lat="56.6583131" lon="16.3771600" version="3" timestamp="2025-06-28T20:06:51Z" changeset="168241394" uid="20259094" user="MtbBob"/>
  <node id="25125586" lat="56.6586794" lon="16.3765424" version="3" timestamp="2025-06-28T20:06:51Z" changeset="168241394" uid="20259094" user="MtbBob"/>
  <node id="25125587" lat="56.6591654" lon="16.3777222" version="2" timestamp="2012-11-28T18:53:50Z" changeset="14077343" uid="324579" user="HaH"/>
  <node id="25125588" lat="56.6588914" lon="16.3783093" version="3" timestamp="2025-06-28T20:06:51Z" changeset="168241394" uid="20259094" user="MtbBob"/>
  <node id="25125589" lat="56.6596805" lon="16.3784390" version="3" timestamp="2025-06-28T20:06:51Z" changeset="168241394" uid="20259094" user="MtbBob"/>
  <node id="25125590" lat="56.6598376" lon="16.3772316" version="3" timestamp="2012-11-28T18:53:50Z" changeset="14077343" uid="324579" user="HaH"/>
  <node id="25125596" lat="56.6610018" lon="16.3742210" version="2" timestamp="2010-12-20T20:00:22Z" changeset="6719359" uid="324579" user="HaH"/>
  <node id="25125597" lat="56.6609511" lon="16.3740325" version="2" timestamp="2010-12-20T20:00:13Z" changeset="6719359" uid="324579" user="HaH"/>
  <node id="25125598" lat="56.6610307" lon="16.3737930" version="6" timestamp="2022-07-23T22:34:55Z" changeset="123992089" uid="156646" user="archie">
    <tag k="seamark:light:category" v="floodlight"/>
    <tag k="seamark:light:character" v="F"/>
    <tag k="seamark:light:colour" v="white"/>
    <tag k="seamark:light:visibility" v="low"/>
    <tag k="seamark:type" v="light_minor"/>
  </node>
  <node id="25125616" lat="56.6558339" lon="16.3650723" version="2" timestamp="2010-12-20T20:00:08Z" changeset="6719359" uid="324579" user="HaH"/>
  <node id="25125617" lat="56.6557827" lon="16.3647992" version="3" timestamp="2025-05-24T12:55:21Z" changeset="166696346" uid="20259094" user="MtbBob"/>
  <node id="25125620" lat="56.6567584" lon="16.3642455" version="4" timestamp="2025-05-24T12:55:21Z" changeset="166696346" uid="20259094" user="MtbBob"/>
  <node id="25125623" lat="56.6576739" lon="16.3633800" version="3" timestamp="2025-05-24T12:55:21Z" changeset="166696346" uid="20259094" user="MtbBob"/>
  <node id="25125629" lat="56.6580332" lon="16.3668481" version="2" timestamp="2010-12-20T20:00:22Z" changeset="6719359" uid="324579" user="HaH"/>
  <node id="25125630" lat="56.6581366" lon="16.3670202" version="2" timestamp="2010-12-20T20:00:20Z" changeset="6719359" uid="324579" user="HaH"/>
  <node id="25125631" lat="56.6582217" lon="16.3668585" version="2" timestamp="2010-12-20T20:00:09Z" changeset="6719359" uid="324579" user="HaH"/>
  <node id="25125637" lat="56.6602325" lon="16.3702333" version="2" timestamp="2010-12-20T20:00:19Z" changeset="6719359" uid="324579" user="HaH"/>
  <node id="25125638" lat="56.6606828" lon="16.3693565" version="2" timestamp="2010-12-20T20:00:16Z" changeset="6719359" uid="324579" user="HaH"/>
  <node id="25125639" lat="56.6603159" lon="16.3682001" version="2" timestamp="2010-12-20T20:00:22Z" changeset="6719359" uid="324579" user="HaH"/>
  <node id="25125645" lat="56.6592351" lon="16.3663991" version="3" timestamp="2010-12-20T20:00:19Z" changeset="6719359" uid="324579" user="HaH"/>
  <node id="25125646" lat="56.6599626" lon="16.3658943" version="3" timestamp="2010-12-20T20:00:14Z" changeset="6719359" uid="324579" user="HaH"/>
  <node id="25125648" lat="56.6602209" lon="16.3648911" version="3" timestamp="2010-12-20T20:00:17Z" changeset="6719359" uid="324579" user="HaH"/>
  <node id="25125649" lat="56.6604166" lon="16.3659846" version="3" timestamp="2010-12-20T20:00:22Z" changeset="6719359" uid="324579" user="HaH"/>
  <node id="25125650" lat="56.6608258" lon="16.3663239" version="3" timestamp="2010-12-20T20:00:20Z" changeset="6719359" uid="324579" user="HaH"/>
  <node id="25125651" lat="56.6611982" lon="16.3671086" version="3" timestamp="2010-12-22T19:33:05Z" changeset="6738930" uid="324579" user="HaH"/>
  <node id="25125652" lat="56.6613971" lon="16.3673778" version="2" timestamp="2010-12-20T20:00:08Z" changeset="6719359" uid="324579" user="HaH"/>
  <node id="25125653" lat="56.6614711" lon="16.3680008" version="2" timestamp="2010-12-20T20:00:15Z" changeset="6719359" uid="324579" user="HaH"/>
  <node id="25125655" lat="56.6618679" lon="16.3699313" version="2" timestamp="2010-12-20T20:00:20Z" changeset="6719359" uid="324579" user="HaH"/>
  <node id="25125656" lat="56.6618790" lon="16.3699542" version="2" timestamp="2010-12-20T20:00:15Z" changeset="6719359" uid="324579" user="HaH"/>
  <node id="25125657" lat="56.6618989" lon="16.3699526" version="2" timestamp="2010-12-20T20:00:21Z" changeset="6719359" uid="324579" user="HaH"/>
  <node id="25125658" lat="56.6625469" lon="16.3693495" version="2" timestamp="2010-12-20T20:00:19Z" changeset="6719359" uid="324579" user="HaH"/>
  <node id="25125659" lat="56.6626802" lon="16.3682671" version="3" timestamp="2010-12-20T20:00:08Z" changeset="6719359" uid="324579" user="HaH"/>
  <node id="25125660" lat="56.6633543" lon="16.3695728" version="3" timestamp="2010-12-20T20:00:07Z" changeset="6719359" uid="324579" user="HaH"/>
  <node id="25125661" lat="56.6627235" lon="16.3701610" version="3" timestamp="2010-12-20T20:00:14Z" changeset="6719359" uid="324579" user="HaH"/>
  <node id="25125662" lat="56.6626317" lon="16.3704117" version="2" timestamp="2010-12-20T20:00:10Z" changeset="6719359" uid="324579" user="HaH"/>
  <node id="25125666" lat="56.6641911" lon="16.3722626" version="3" timestamp="2010-12-20T20:00:19Z" changeset="6719359" uid="324579" user="HaH"/>
  <node id="25125667" lat="56.6647313" lon="16.3720373" version="2" timestamp="2010-12-20T20:00:07Z" changeset="6719359" uid="324579" user="HaH"/>
  <node id="25125668" lat="56.6651341" lon="16.3728446" version="4" timestamp="2011-01-03T11:38:52Z" changeset="6848501" uid="324579" user="HaH"/>
  <node id="25125669" lat="56.6653665" lon="16.3724238" version="5" timestamp="2012-01-01T19:44:27Z" changeset="10264976" uid="12294" user="izzor"/>
  <node id="25125670" lat="56.6660377" lon="16.3723839" version="2" timestamp="2010-12-20T20:00:09Z" changeset="6719359" uid="324579" user="HaH"/>
  <node id="25125671" lat="56.6665502" lon="16.3720747" version="2" timestamp="2010-12-20T20:00:15Z" changeset="6719359" uid="324579" user="HaH"/>
  <node id="25125672" lat="56.6666421" lon="16.3717601" version="2" timestamp="2010-12-20T20:00:13Z" changeset="6719359" uid="324579" user="HaH"/>
  <node id="25125673" lat="56.6670000" lon="16.3688700" version="1" timestamp="2007-04-28T21:25:23Z" changeset="32235" uid="229" user="LA2">
    <tag k="created_by" v="almien_coastlines"/>
  </node>
  <node id="251307323" lat="56.6670921" lon="16.3678547" version="2" timestamp="2010-12-20T20:00:22Z" changeset="6719359" uid="324579" user="HaH"/>
  <node id="251307325" lat="56.6670037" lon="16.3677585" version="2" timestamp="2010-12-20T20:00:10Z" changeset="6719359" uid="324579" user="HaH"/>
  <node id="251307326" lat="56.6661097" lon="16.3630491" version="2" timestamp="2010-12-20T20:00:08Z" changeset="6719359" uid="324579" user="HaH"/>
  <node id="251307328" lat="56.6660822" lon="16.3629081" version="2" timestamp="2010-12-20T20:00:10Z" changeset="6719359" uid="324579" user="HaH"/>
  <node id="251307329" lat="56.6661052" lon="16.3628338" version="2" timestamp="2010-12-20T20:00:17Z" changeset="6719359" uid="324579" user="HaH"/>
  <node id="251307330" lat="56.6660573" lon="16.3625944" version="2" timestamp="2010-12-20T20:00:14Z" changeset="6719359" uid="324579" user="HaH"/>
  <node id="251307331" lat="56.6658381" lon="16.3614305" version="2" timestamp="2010-12-20T20:00:20Z" changeset="6719359" uid="324579" user="HaH"/>
  <node id="251307332" lat="56.6657379" lon="16.3604518" version="2" timestamp="2010-12-20T20:00:20Z" changeset="6719359" uid="324579" user="HaH"/>
  <node id="251307333" lat="56.6657247" lon="16.3593302" version="3" timestamp="2026-06-28T16:19:56Z" changeset="184749348" uid="83501" user="riiga"/>
  <node id="251307334" lat="56.6653180" lon="16.3591404" version="2" timestamp="2010-12-20T20:00:22Z" changeset="6719359" uid="324579" user="HaH"/>
  <node id="251307335" lat="56.6647835" lon="16.3586428" version="2" timestamp="2010-12-20T20:00:13Z" changeset="6719359" uid="324579" user="HaH"/>
  <node id="251307336" lat="56.6646645" lon="16.3586345" version="2" timestamp="2010-12-20T20:00:08Z" changeset="6719359" uid="324579" user="HaH"/>
  <node id="251307337" lat="56.6640678" lon="16.3590051" version="2" timestamp="2010-12-27T19:41:25Z" changeset="6781362" uid="12294" user="izzor"/>
  <node id="251307338" lat="56.6638562" lon="16.3591409" version="4" timestamp="2026-06-28T16:19:56Z" changeset="184749348" uid="83501" user="riiga"/>
  <node id="251307339" lat="56.6632715" lon="16.3597427" version="3" timestamp="2010-12-27T19:40:52Z" changeset="6781362" uid="12294" user="izzor"/>
  <node id="251307340" lat="56.6629317" lon="16.3595517" version="3" timestamp="2010-12-27T19:41:30Z" changeset="6781362" uid="12294" user="izzor"/>
  <node id="251307341" lat="56.6629326" lon="16.3590036" version="4" timestamp="2010-12-27T19:41:07Z" changeset="6781362" uid="12294" user="izzor"/>
  <node id="251307342" lat="56.6624131" lon="16.3586877" version="3" timestamp="2010-12-27T19:40:58Z" changeset="6781362" uid="12294" user="izzor"/>
  <node id="251307343" lat="56.6619491" lon="16.3578250" version="2" timestamp="2010-12-22T07:27:41Z" changeset="6732727" uid="324579" user="HaH"/>
  <node id="251307344" lat="56.6616055" lon="16.3570530" version="2" timestamp="2010-12-22T07:27:45Z" changeset="6732727" uid="324579" user="HaH"/>
  <node id="251307345" lat="56.6618472" lon="16.3569577" version="2" timestamp="2009-06-24T10:11:44Z" changeset="1609320" uid="12294" user="izzor">
    <tag k="created_by" v="JOSM"/>
  </node>
  <node id="251307347" lat="56.6625782" lon="16.3578802" version="4" timestamp="2010-12-22T18:34:48Z" changeset="6738384" uid="324579" user="HaH"/>
  <node id="251307348" lat="56.6627830" lon="16.3579489" version="4" timestamp="2018-02-28T08:08:52Z" changeset="56746844" uid="12294" user="izzor"/>
  <node id="251307349" lat="56.6633680" lon="16.3586383" version="3" timestamp="2010-12-20T20:00:22Z" changeset="6719359" uid="324579" user="HaH"/>
  <node id="251307350" lat="56.6634364" lon="16.3586520" version="3" timestamp="2010-12-20T20:00:20Z" changeset="6719359" uid="324579" user="HaH"/>
  <node id="251307351" lat="56.6639649" lon="16.3580903" version="3" timestamp="2010-12-22T18:34:35Z" changeset="6738384" uid="324579" user="HaH"/>
  <node id="251307352" lat="56.6639774" lon="16.3580332" version="3" timestamp="2010-12-22T18:34:58Z" changeset="6738384" uid="324579" user="HaH"/>
  <node id="251307353" lat="56.6642920" lon="16.3578184" version="2" timestamp="2009-06-24T10:11:44Z" changeset="1609320" uid="12294" user="izzor">
    <tag k="created_by" v="JOSM"/>
  </node>
  <node id="251307354" lat="56.6645200" lon="16.3577933" version="2" timestamp="2009-06-24T10:11:44Z" changeset="1609320" uid="12294" user="izzor">
    <tag k="created_by" v="JOSM"/>
  </node>
  <node id="251307355" lat="56.6648649" lon="16.3579700" version="4" timestamp="2026-06-28T16:19:56Z" changeset="184749348" uid="83501" user="riiga"/>
  <node id="251307356" lat="56.6651306" lon="16.3582428" version="4" timestamp="2026-06-28T16:19:56Z" changeset="184749348" uid="83501" user="riiga"/>
  <node id="251307357" lat="56.6654954" lon="16.3586115" version="5" timestamp="2026-06-28T16:19:56Z" changeset="184749348" uid="83501" user="riiga"/>
  <node id="251307358" lat="56.6657817" lon="16.3591279" version="3" timestamp="2026-06-28T16:19:56Z" changeset="184749348" uid="83501" user="riiga"/>
  <node id="251307359" lat="56.6659202" lon="16.3589990" version="2" timestamp="2010-12-20T20:00:08Z" changeset="6719359" uid="324579" user="HaH"/>
  <node id="251307360" lat="56.6661842" lon="16.3599349" version="2" timestamp="2010-12-20T20:00:20Z" changeset="6719359" uid="324579" user="HaH"/>
  <node id="251307361" lat="56.6663266" lon="16.3606854" version="2" timestamp="2010-12-20T20:00:09Z" changeset="6719359" uid="324579" user="HaH"/>
  <node id="251307362" lat="56.6664559" lon="16.3613284" version="2" timestamp="2010-12-20T20:00:07Z" changeset="6719359" uid="324579" user="HaH"/>
  <node id="251307363" lat="56.6665055" lon="16.3617375" version="2" timestamp="2010-12-20T20:00:14Z" changeset="6719359" uid="324579" user="HaH"/>
  <node id="251307364" lat="56.6666301" lon="16.3621878" version="3" timestamp="2025-07-16T09:43:09Z" changeset="169004029" uid="156646" user="archie"/>
  <node id="251307365" lat="56.6668494" lon="16.3640164" version="4" timestamp="2021-07-29T14:26:43Z" changeset="108831557" uid="159302" user="osmium"/>
  <node id="251307366" lat="56.6668192" lon="16.3646242" version="4" timestamp="2021-07-29T14:26:43Z" changeset="108831557" uid="159302" user="osmium"/>
  <node id="251307367" lat="56.6668967" lon="16.3648234" version="4" timestamp="2021-07-29T14:26:43Z" changeset="108831557" uid="159302" user="osmium"/>
  <node id="251307368" lat="56.6671501" lon="16.3648361" version="3" timestamp="2021-07-29T14:26:43Z" changeset="108831557" uid="159302" user="osmium"/>
  <node id="251307375" lat="56.6673689" lon="16.3643617" version="3" timestamp="2021-07-29T14:26:43Z" changeset="108831557" uid="159302" user="osmium"/>
  <node id="251307376" lat="56.6675924" lon="16.3636150" version="4" timestamp="2025-07-16T09:43:09Z" changeset="169004029" uid="156646" user="archie"/>
  <node id="251307377" lat="56.6679675" lon="16.3629576" version="4" timestamp="2021-07-29T14:26:43Z" changeset="108831557" uid="159302" user="osmium"/>
  <node id="251307378" lat="56.6685552" lon="16.3630608" version="4" timestamp="2021-07-29T14:26:43Z" changeset="108831557" uid="159302" user="osmium"/>
  <node id="251307379" lat="56.6687523" lon="16.3629200" version="3" timestamp="2021-07-29T14:26:43Z" changeset="108831557" uid="159302" user="osmium"/>
  <node id="251307380" lat="56.6691208" lon="16.3620919" version="3" timestamp="2021-07-29T14:26:43Z" changeset="108831557" uid="159302" user="osmium"/>
  <node id="251307381" lat="56.6696639" lon="16.3616715" version="3" timestamp="2021-07-29T14:26:43Z" changeset="108831557" uid="159302" user="osmium"/>
  <node id="251307382" lat="56.6699424" lon="16.3613228" version="3" timestamp="2021-07-29T14:26:43Z" changeset="108831557" uid="159302" user="osmium"/>
  <node id="251307383" lat="56.6701307" lon="16.3610747" version="3" timestamp="2021-07-29T14:26:43Z" changeset="108831557" uid="159302" user="osmium"/>
  <node id="251307393" lat="56.6703813" lon="16.3579577" version="2" timestamp="2010-12-21T06:24:28Z" changeset="6722449" uid="324579" user="HaH"/>
  <node id="251307394" lat="56.6707123" lon="16.3576642" version="2" timestamp="2010-12-21T06:24:27Z" changeset="6722449" uid="324579" user="HaH"/>
  <node id="251307395" lat="56.6713941" lon="16.3574049" version="2" timestamp="2010-12-21T06:24:20Z" changeset="6722449" uid="324579" user="HaH"/>
  <node id="251307396" lat="56.6719743" lon="16.3575581" version="2" timestamp="2010-12-21T06:24:20Z" changeset="6722449" uid="324579" user="HaH"/>
  <node id="251307397" lat="56.6724465" lon="16.3577524" version="2" timestamp="2010-12-21T06:24:24Z" changeset="6722449" uid="324579" user="HaH"/>
  <node id="251307398" lat="56.6728647" lon="16.3579635" version="2" timestamp="2010-12-21T06:24:23Z" changeset="6722449" uid="324579" user="HaH"/>
  <node id="251307399" lat="56.6732170" lon="16.3583618" version="2" timestamp="2010-12-21T06:24:27Z" changeset="6722449" uid="324579" user="HaH"/>
  <node id="251307400" lat="56.6733991" lon="16.3584957" version="2" timestamp="2010-12-21T06:24:24Z" changeset="6722449" uid="324579" user="HaH"/>
  <node id="251307401" lat="56.6738892" lon="16.3581836" version="3" timestamp="2022-01-02T20:41:46Z" changeset="115685074" uid="70168" user="kd35a"/>
  <node id="251307402" lat="56.6742844" lon="16.3584641" version="3" timestamp="2022-01-02T20:41:46Z" changeset="115685074" uid="70168" user="kd35a"/>
  <node id="251307403" lat="56.6746585" lon="16.3584812" version="3" timestamp="2022-01-02T20:41:46Z" changeset="115685074" uid="70168" user="kd35a"/>
  <node id="251307404" lat="56.6754654" lon="16.3595055" version="4" timestamp="2022-01-02T20:41:46Z" changeset="115685074" uid="70168" user="kd35a"/>
  <node id="251307405" lat="56.6755323" lon="16.3597524" version="4" timestamp="2022-01-02T20:41:46Z" changeset="115685074" uid="70168" user="kd35a"/>
  <node id="251307406" lat="56.6755377" lon="16.3603502" version="3" timestamp="2022-01-02T20:41:46Z" changeset="115685074" uid="70168" user="kd35a"/>
  <node id="251307407" lat="56.6754472" lon="16.3610726" version="3" timestamp="2022-01-02T20:41:46Z" changeset="115685074" uid="70168" user="kd35a"/>
  <node id="251307408" lat="56.6755046" lon="16.3614540" version="3" timestamp="2022-01-02T20:41:46Z" changeset="115685074" uid="70168" user="kd35a"/>
  <node id="251307409" lat="56.6755511" lon="16.3620701" version="3" timestamp="2022-01-02T20:41:46Z" changeset="115685074" uid="70168" user="kd35a"/>
  <node id="251307410" lat="56.6756658" lon="16.3622330" version="3" timestamp="2022-01-02T20:41:46Z" changeset="115685074" uid="70168" user="kd35a"/>
  <node id="251307411" lat="56.6759930" lon="16.3623474" version="3" timestamp="2022-01-02T20:41:46Z" changeset="115685074" uid="70168" user="kd35a"/>
  <node id="251307412" lat="56.6760927" lon="16.3626498" version="3" timestamp="2022-01-02T20:41:46Z" changeset="115685074" uid="70168" user="kd35a"/>
  <node id="251307413" lat="56.6672538" lon="16.3679068" version="2" timestamp="2010-12-20T20:00:13Z" changeset="6719359" uid="324579" user="HaH"/>
  <node id="251307414" lat="56.6671999" lon="16.3688304" version="2" timestamp="2010-12-20T20:00:08Z" changeset="6719359" uid="324579" user="HaH"/>
  <node id="251308175" lat="56.6570308" lon="16.3533762" version="2" timestamp="2010-12-20T20:00:09Z" changeset="6719359" uid="324579" user="HaH"/>
  <node id="251308176" lat="56.6577250" lon="16.3534602" version="2" timestamp="2010-12-20T20:00:22Z" changeset="6719359" uid="324579" user="HaH"/>
  <node id="251308177" lat="56.6581351" lon="16.3536485" version="3" timestamp="2022-08-05T23:49:13Z" changeset="124542851" uid="39001" user="antonr"/>
  <node id="251308178" lat="56.6585995" lon="16.3539751" version="3" timestamp="2010-12-23T10:04:39Z" changeset="6743641" uid="12294" user="izzor"/>
  <node id="251308179" lat="56.6592102" lon="16.3546657" version="2" timestamp="2010-12-20T20:00:15Z" changeset="6719359" uid="324579" user="HaH"/>
  <node id="251308180" lat="56.6592883" lon="16.3548453" version="4" timestamp="2022-08-05T23:49:13Z" changeset="124542851" uid="39001" user="antonr"/>
  <node id="251308181" lat="56.6591820" lon="16.3555110" version="3" timestamp="2010-12-20T20:00:21Z" changeset="6719359" uid="324579" user="HaH"/>
  <node id="251308182" lat="56.6590613" lon="16.3548882" version="2" timestamp="2010-12-20T13:26:35Z" changeset="6715960" uid="324579" user="HaH"/>
  <node id="251308183" lat="56.6587021" lon="16.3546820" version="2" timestamp="2010-12-20T13:26:34Z" changeset="6715960" uid="324579" user="HaH"/>
  <node id="251308184" lat="56.6584332" lon="16.3545080" version="2" timestamp="2010-12-20T13:26:35Z" changeset="6715960" uid="324579" user="HaH"/>
  <node id="251308185" lat="56.6581035" lon="16.3542472" version="2" timestamp="2010-12-20T13:26:32Z" changeset="6715960" uid="324579" user="HaH"/>
  <node id="251308186" lat="56.6576532" lon="16.3538856" version="2" timestamp="2010-12-20T13:26:35Z" changeset="6715960" uid="324579" user="HaH"/>
  <node id="251308187" lat="56.6576127" lon="16.3537008" version="2" timestamp="2010-12-20T13:26:34Z" changeset="6715960" uid="324579" user="HaH"/>
  <node id="251308188" lat="56.6575159" lon="16.3536091" version="2" timestamp="2010-12-20T13:26:34Z" changeset="6715960" uid="324579" user="HaH"/>
  <node id="251308193" lat="56.6574331" lon="16.3536448" version="2" timestamp="2010-12-20T13:26:33Z" changeset="6715960" uid="324579" user="HaH"/>
  <node id="251308195" lat="56.6573536" lon="16.3538002" version="2" timestamp="2010-12-20T13:26:34Z" changeset="6715960" uid="324579" user="HaH"/>
  <node id="265787075" lat="56.6566427" lon="16.3509924" version="5" timestamp="2025-11-24T17:24:51Z" changeset="175077284" uid="66965" user="urk"/>
  <node id="265787076" lat="56.6575924" lon="16.3483096" version="3" timestamp="2012-02-06T20:00:44Z" changeset="10606411" uid="12294" user="izzor"/>
  <node id="265787079" lat="56.6581472" lon="16.3496268" version="3" timestamp="2012-02-06T20:00:44Z" changeset="10606411" uid="12294" user="izzor"/>
  <node id="265787081" lat="56.6581844" lon="16.3504983" version="4" timestamp="2012-02-06T20:00:44Z" changeset="10606411" uid="12294" user="izzor"/>
  <node id="265787082" lat="56.6593640" lon="16.3519384" version="3" timestamp="2010-12-23T10:04:47Z" changeset="6743641" uid="12294" user="izzor"/>
  <node id="265787084" lat="56.6588660" lon="16.3533909" version="4" timestamp="2012-02-06T20:00:44Z" changeset="10606411" uid="12294" user="izzor"/>
  <node id="265787085" lat="56.6588000" lon="16.3534648" version="5" timestamp="2022-08-05T23:49:13Z" changeset="124542851" uid="39001" user="antonr"/>
  <node id="265787087" lat="56.6585822" lon="16.3535599" version="5" timestamp="2022-08-05T23:49:13Z" changeset="124542851" uid="39001" user="antonr"/>
  <node id="265787092" lat="56.6584006" lon="16.3539537" version="2" timestamp="2010-12-20T13:26:35Z" changeset="6715960" uid="324579" user="HaH"/>
  <node id="265787093" lat="56.6583465" lon="16.3545542" version="4" timestamp="2022-08-05T23:49:13Z" changeset="124542851" uid="39001" user="antonr">
    <tag k="barrier" v="entrance"/>
  </node>
  <node id="418211556" lat="56.6597211" lon="16.3600678" version="5" timestamp="2022-04-14T20:31:53Z" changeset="119728625" uid="698958" user="\Mike">
    <tag k="direction" v="backward"/>
    <tag k="highway" v="stop"/>
  </node>
  <node id="418211558" lat="56.6568254" lon="16.3605157" version="1" timestamp="2009-06-10T13:16:08Z" changeset="1477297" uid="12294" user="izzor"/>
  <node id="418600583" lat="56.6620812" lon="16.3570990" version="3" timestamp="2025-07-16T01:31:43Z" changeset="168990163" uid="156646" user="archie"/>
  <node id="418600585" lat="56.6623495" lon="16.3575523" version="5" timestamp="2025-07-16T01:31:43Z" changeset="168990163" uid="156646" user="archie"/>
  <node id="422530493" lat="56.6616855" lon="16.3571576" version="3" timestamp="2011-01-05T06:39:02Z" changeset="6868649" uid="324579" user="HaH"/>
  <node id="422530495" lat="56.6579428" lon="16.3599207" version="2" timestamp="2012-02-06T17:05:47Z" changeset="10604760" uid="306096" user="joakimfors"/>
  <node id="428743226" lat="56.6616954" lon="16.3569128" version="1" timestamp="2009-06-24T10:11:42Z" changeset="1609320" uid="12294" user="izzor"/>
  <node id="442579802" lat="56.6586214" lon="16.3494023" version="2" timestamp="2011-01-04T07:26:39Z" changeset="6857750" uid="324579" user="HaH"/>
  <node id="442579803" lat="56.6587089" lon="16.3527985" version="2" timestamp="2010-12-23T10:04:33Z" changeset="6743641" uid="12294" user="izzor"/>
  <node id="442579804" lat="56.6582767" lon="16.3529360" version="2" timestamp="2010-12-23T10:04:36Z" changeset="6743641" uid="12294" user="izzor"/>
  <node id="442579806" lat="56.6601257" lon="16.3498340" version="4" timestamp="2012-02-06T20:00:44Z" changeset="10606411" uid="12294" user="izzor"/>
  <node id="442579807" lat="56.6597597" lon="16.3494554" version="2" timestamp="2011-01-04T07:06:46Z" changeset="6857686" uid="324579" user="HaH"/>
  <node id="442579808" lat="56.6594674" lon="16.3492476" version="2" timestamp="2011-01-04T07:06:45Z" changeset="6857686" uid="324579" user="HaH"/>
  <node id="442579809" lat="56.6588262" lon="16.3489213" version="1" timestamp="2009-07-16T13:44:21Z" changeset="1844695" uid="12294" user="izzor"/>
  <node id="442579812" lat="56.6593035" lon="16.3511008" version="1" timestamp="2009-07-16T13:44:21Z" changeset="1844695" uid="12294" user="izzor"/>
  <node id="442579814" lat="56.6590841" lon="16.3503725" version="1" timestamp="2009-07-16T13:44:21Z" changeset="1844695" uid="12294" user="izzor"/>
  <node id="442579815" lat="56.6588735" lon="16.3498812" version="1" timestamp="2009-07-16T13:44:22Z" changeset="1844695" uid="12294" user="izzor"/>
  <node id="446868276" lat="56.6600370" lon="16.3615648" version="3" timestamp="2021-07-17T21:13:14Z" changeset="108174081" uid="350222" user="Tomas Marklund"/>
  <node id="446868277" lat="56.6605811" lon="16.3628066" version="2" timestamp="2010-12-20T20:00:14Z" changeset="6719359" uid="324579" user="HaH"/>
  <node id="449547541" lat="56.6609488" lon="16.3474478" version="1" timestamp="2009-07-28T07:35:08Z" changeset="1961880" uid="12294" user="izzor"/>
  <node id="449547544" lat="56.6618094" lon="16.3484632" version="2" timestamp="2011-01-04T06:35:01Z" changeset="6857598" uid="324579" user="HaH"/>
  <node id="449547545" lat="56.6610345" lon="16.3506073" version="3" timestamp="2012-02-06T20:00:45Z" changeset="10606411" uid="12294" user="izzor"/>
  <node id="449547546" lat="56.6607791" lon="16.3508097" version="3" timestamp="2012-02-06T20:00:45Z" changeset="10606411" uid="12294" user="izzor"/>
  <node id="449547547" lat="56.6613044" lon="16.3498606" version="3" timestamp="2012-02-06T20:00:45Z" changeset="10606411" uid="12294" user="izzor"/>
  <node id="449547555" lat="56.6604823" lon="16.3502862" version="1" timestamp="2009-07-28T07:35:08Z" changeset="1961880" uid="12294" user="izzor"/>
  <node id="449547560" lat="56.6610553" lon="16.3511080" version="2" timestamp="2012-02-06T20:00:45Z" changeset="10606411" uid="12294" user="izzor"/>
  <node id="449547566" lat="56.6618476" lon="16.3553039" version="1" timestamp="2009-07-28T07:35:09Z" changeset="1961880" uid="12294" user="izzor"/>
  <node id="449547568" lat="56.6610888" lon="16.3549900" version="2" timestamp="2025-09-29T07:43:52Z" changeset="172597868" uid="156646" user="archie"/>
  <node id="449547571" lat="56.6605790" lon="16.3485183" version="2" timestamp="2011-01-03T18:19:01Z" changeset="6852706" uid="324579" user="HaH"/>
  <node id="449547583" lat="56.6609770" lon="16.3506542" version="1" timestamp="2009-07-28T07:35:09Z" changeset="1961880" uid="12294" user="izzor"/>
  <node id="449547585" lat="56.6608691" lon="16.3476875" version="2" timestamp="2011-01-03T18:19:01Z" changeset="6852706" uid="324579" user="HaH"/>
  <node id="449547593" lat="56.6598611" lon="16.3505688" version="2" timestamp="2011-01-04T07:06:46Z" changeset="6857686" uid="324579" user="HaH"/>
  <node id="449547594" lat="56.6600629" lon="16.3506740" version="1" timestamp="2009-07-28T07:35:10Z" changeset="1961880" uid="12294" user="izzor"/>
  <node id="449547596" lat="56.6599478" lon="16.3517685" version="2" timestamp="2011-01-04T07:06:45Z" changeset="6857686" uid="324579" user="HaH"/>
  <node id="449547598" lat="56.6597265" lon="16.3509392" version="1" timestamp="2009-07-28T07:35:10Z" changeset="1961880" uid="12294" user="izzor"/>
  <node id="449547600" lat="56.6602727" lon="16.3500091" version="2" timestamp="2011-01-04T07:06:45Z" changeset="6857686" uid="324579" user="HaH"/>
  <node id="449547602" lat="56.6602279" lon="16.3501554" version="2" timestamp="2011-01-04T07:06:45Z" changeset="6857686" uid="324579" user="HaH"/>
  <node id="449547604" lat="56.6600065" lon="16.3510944" version="2" timestamp="2011-01-04T07:06:44Z" changeset="6857686" uid="324579" user="HaH"/>
  <node id="449547606" lat="56.6599217" lon="16.3520575" version="2" timestamp="2011-01-04T07:06:45Z" changeset="6857686" uid="324579" user="HaH"/>
  <node id="449547610" lat="56.6591213" lon="16.3526472" version="2" timestamp="2010-12-23T10:04:47Z" changeset="6743641" uid="12294" user="izzor"/>
  <node id="449547611" lat="56.6607504" lon="16.3546118" version="2" timestamp="2025-09-29T07:43:52Z" changeset="172597868" uid="156646" user="archie"/>
  <node id="449547612" lat="56.6611036" lon="16.3548959" version="1" timestamp="2009-07-28T07:35:10Z" changeset="1961880" uid="12294" user="izzor"/>
  <node id="449547613" lat="56.6615191" lon="16.3551185" version="1" timestamp="2009-07-28T07:35:10Z" changeset="1961880" uid="12294" user="izzor"/>
  <node id="449547616" lat="56.6618357" lon="16.3552273" version="1" timestamp="2009-07-28T07:35:10Z" changeset="1961880" uid="12294" user="izzor"/>
  <node id="449547619" lat="56.6618969" lon="16.3552361" version="1" timestamp="2009-07-28T07:35:10Z" changeset="1961880" uid="12294" user="izzor"/>
  <node id="449547621" lat="56.6618978" lon="16.3553103" version="6" timestamp="2024-11-07T15:32:34Z" changeset="158860883" uid="20795476" user="WWMapper101">
    <tag k="crossing" v="marked"/>
    <tag k="crossing:markings" v="yes"/>
    <tag k="highway" v="crossing"/>
    <tag k="tactile_paving" v="no"/>
  </node>
  <node id="449547623" lat="56.6618849" lon="16.3554615" version="3" timestamp="2026-06-27T19:08:49Z" changeset="184709014" uid="83501" user="riiga"/>
  <node id="450151733" lat="56.6593938" lon="16.3525994" version="4" timestamp="2024-05-02T07:59:18Z" changeset="150781069" uid="716217" user="novabeat">
    <tag k="amenity" v="restaurant"/>
    <tag k="check_date" v="2023-04-24"/>
    <tag k="indoor_seating" v="yes"/>
    <tag k="name" v="Söderport"/>
    <tag k="opening_hours" v="Th-Sa 18:00-01:00"/>
    <tag k="outdoor_seating" v="yes"/>
  </node>
  <node id="450675518" lat="56.6748738" lon="16.3586500" version="2" timestamp="2022-01-02T20:41:46Z" changeset="115685074" uid="70168" user="kd35a"/>
  <node id="450675519" lat="56.6753301" lon="16.3591891" version="2" timestamp="2022-01-02T20:41:46Z" changeset="115685074" uid="70168" user="kd35a"/>
  <node id="452382160" lat="56.6575241" lon="16.3481527" version="2" timestamp="2011-01-04T14:24:31Z" changeset="6861129" uid="324579" user="HaH"/>
  <node id="452382166" lat="56.6560688" lon="16.3483643" version="2" timestamp="2017-06-16T12:58:28Z" changeset="49591108" uid="12294" user="izzor"/>
  <node id="452382899" lat="56.6585912" lon="16.3598630" version="3" timestamp="2026-06-27T19:08:49Z" changeset="184709014" uid="83501" user="riiga"/>
  <node id="452382900" lat="56.6586017" lon="16.3615996" version="2" timestamp="2010-12-26T13:46:54Z" changeset="6768241" uid="324579" user="HaH"/>
  <node id="452382901" lat="56.6586202" lon="16.3620978" version="3" timestamp="2020-02-27T11:07:12Z" changeset="81545254" uid="3301825" user="Grauer Elefant"/>
  <node id="452382903" lat="56.6591002" lon="16.3663586" version="2" timestamp="2010-12-24T11:46:31Z" changeset="6753789" uid="324579" user="HaH">
    <tag k="barrier" v="gate"/>
  </node>
  <node id="452382908" lat="56.6597467" lon="16.3602499" version="3" timestamp="2019-08-09T21:58:18Z" changeset="73208978" uid="12294" user="izzor"/>
  <node id="452424087" lat="56.6553436" lon="16.3650737" version="2" timestamp="2010-12-24T12:23:14Z" changeset="6754045" uid="324579" user="HaH"/>
  <node id="452424090" lat="56.6553811" lon="16.3643048" version="1" timestamp="2009-07-31T10:24:40Z" changeset="1992736" uid="12294" user="izzor"/>
  <node id="452424092" lat="56.6554547" lon="16.3636654" version="1" timestamp="2009-07-31T10:24:40Z" changeset="1992736" uid="12294" user="izzor"/>
  <node id="452424094" lat="56.6555853" lon="16.3630131" version="1" timestamp="2009-07-31T10:24:40Z" changeset="1992736" uid="12294" user="izzor"/>
  <node id="452424095" lat="56.6558109" lon="16.3622528" version="1" timestamp="2009-07-31T10:24:40Z" changeset="1992736" uid="12294" user="izzor"/>
  <node id="452424096" lat="56.6560593" lon="16.3616589" version="2" timestamp="2010-12-26T19:53:43Z" changeset="6771556" uid="324579" user="HaH"/>
  <node id="452424097" lat="56.6564833" lon="16.3610506" version="2" timestamp="2010-12-26T19:53:46Z" changeset="6771556" uid="324579" user="HaH"/>
  <node id="452424099" lat="56.6568344" lon="16.3607008" version="2" timestamp="2010-12-26T19:53:46Z" changeset="6771556" uid="324579" user="HaH"/>
  <node id="452424102" lat="56.6571857" lon="16.3604211" version="1" timestamp="2009-07-31T10:24:40Z" changeset="1992736" uid="12294" user="izzor"/>
  <node id="452424104" lat="56.6576559" lon="16.3602094" version="1" timestamp="2009-07-31T10:24:40Z" changeset="1992736" uid="12294" user="izzor"/>
  <node id="452424106" lat="56.6579731" lon="16.3600759" version="2" timestamp="2025-05-24T12:55:21Z" changeset="166696346" uid="20259094" user="MtbBob">
    <tag k="access" v="no"/>
    <tag k="barrier" v="gate"/>
    <tag k="locked" v="yes"/>
  </node>
  <node id="452424109" lat="56.6582186" lon="16.3600280" version="1" timestamp="2009-07-31T10:24:41Z" changeset="1992736" uid="12294" user="izzor"/>
  <node id="1051549465" lat="56.6575510" lon="16.3554919" version="3" timestamp="2022-08-05T23:49:13Z" changeset="124542851" uid="39001" user="antonr"/>
  <node id="1051549470" lat="56.6574086" lon="16.3539010" version="2" timestamp="2022-08-05T23:49:13Z" changeset="124542851" uid="39001" user="antonr"/>
  <node id="1051549473" lat="56.6582084" lon="16.3551496" version="2" timestamp="2022-08-05T23:49:13Z" changeset="124542851" uid="39001" user="antonr"/>
  <node id="1051549478" lat="56.6572981" lon="16.3558154" version="2" timestamp="2022-08-05T23:49:13Z" changeset="124542851" uid="39001" user="antonr"/>
  <node id="1051549480" lat="56.6581545" lon="16.3561094" version="2" timestamp="2022-08-05T23:49:13Z" changeset="124542851" uid="39001" user="antonr">
    <tag k="barrier" v="gate"/>
  </node>
  <node id="1051549483" lat="56.6590170" lon="16.3550960" version="1" timestamp="2010-12-20T13:26:08Z" changeset="6715960" uid="324579" user="HaH"/>
  <node id="1051549486" lat="56.6583015" lon="16.3559048" version="2" timestamp="2022-08-05T23:49:13Z" changeset="124542851" uid="39001" user="antonr"/>
  <node id="1051549502" lat="56.6575530" lon="16.3558176" version="1" timestamp="2010-12-20T13:26:08Z" changeset="6715960" uid="324579" user="HaH"/>
  <node id="1051549505" lat="56.6576307" lon="16.3542956" version="2" timestamp="2022-08-05T23:49:13Z" changeset="124542851" uid="39001" user="antonr"/>
  <node id="1051549510" lat="56.6572645" lon="16.3558572" version="2" timestamp="2022-08-05T23:49:13Z" changeset="124542851" uid="39001" user="antonr"/>
  <node id="1051549513" lat="56.6578528" lon="16.3556395" version="1" timestamp="2010-12-20T13:26:08Z" changeset="6715960" uid="324579" user="HaH"/>
  <node id="1051549516" lat="56.6583863" lon="16.3553855" version="2" timestamp="2022-08-05T23:49:13Z" changeset="124542851" uid="39001" user="antonr"/>
  <node id="1051549519" lat="56.6585541" lon="16.3551881" version="1" timestamp="2010-12-20T13:26:09Z" changeset="6715960" uid="324579" user="HaH"/>
  <node id="1051549523" lat="56.6580441" lon="16.3560472" version="2" timestamp="2022-08-05T23:49:13Z" changeset="124542851" uid="39001" user="antonr"/>
  <node id="1051549534" lat="56.6571541" lon="16.3555934" version="2" timestamp="2022-08-05T23:49:13Z" changeset="124542851" uid="39001" user="antonr"/>
  <node id="1051549537" lat="56.6580879" lon="16.3561215" version="2" timestamp="2022-08-05T23:49:13Z" changeset="124542851" uid="39001" user="antonr"/>
  <node id="1051549539" lat="56.6584021" lon="16.3551315" version="2" timestamp="2022-08-05T23:49:13Z" changeset="124542851" uid="39001" user="antonr"/>
  <node id="1051549544" lat="56.6575344" lon="16.3554014" version="3" timestamp="2022-08-05T23:49:13Z" changeset="124542851" uid="39001" user="antonr"/>
  <node id="1051549546" lat="56.6580644" lon="16.3550544" version="2" timestamp="2022-08-05T23:49:13Z" changeset="124542851" uid="39001" user="antonr"/>
  <node id="1051549550" lat="56.6588834" lon="16.3547626" version="1" timestamp="2010-12-20T13:26:09Z" changeset="6715960" uid="324579" user="HaH"/>
  <node id="1051549558" lat="56.6581161" lon="16.3561323" version="2" timestamp="2022-08-05T23:49:13Z" changeset="124542851" uid="39001" user="antonr"/>
  <node id="1051549569" lat="56.6573559" lon="16.3539998" version="1" timestamp="2010-12-20T13:26:09Z" changeset="6715960" uid="324579" user="HaH"/>
  <node id="1051549572" lat="56.6590346" lon="16.3550261" version="1" timestamp="2010-12-20T13:26:09Z" changeset="6715960" uid="324579" user="HaH"/>
  <node id="1051549575" lat="56.6578950" lon="16.3561979" version="1" timestamp="2010-12-20T13:26:09Z" changeset="6715960" uid="324579" user="HaH"/>
  <node id="1051549580" lat="56.6575154" lon="16.3554716" version="3" timestamp="2022-08-05T23:49:13Z" changeset="124542851" uid="39001" user="antonr">
    <tag k="barrier" v="entrance"/>
    <tag k="bicycle" v="yes"/>
    <tag k="foot" v="yes"/>
  </node>
  <node id="1051549583" lat="56.6576710" lon="16.3542855" version="1" timestamp="2010-12-20T13:26:09Z" changeset="6715960" uid="324579" user="HaH"/>
  <node id="1051549587" lat="56.6571540" lon="16.3558018" version="2" timestamp="2022-08-05T23:49:13Z" changeset="124542851" uid="39001" user="antonr"/>
  <node id="1051549591" lat="56.6575657" lon="16.3555060" version="2" timestamp="2022-08-05T23:49:13Z" changeset="124542851" uid="39001" user="antonr"/>
  <node id="1051549603" lat="56.6575868" lon="16.3538797" version="2" timestamp="2022-08-05T23:49:13Z" changeset="124542851" uid="39001" user="antonr"/>
  <node id="1051549605" lat="56.6580983" lon="16.3566228" version="1" timestamp="2010-12-20T13:26:10Z" changeset="6715960" uid="324579" user="HaH"/>
  <node id="1051549610" lat="56.6581031" lon="16.3547588" version="1" timestamp="2010-12-20T13:26:10Z" changeset="6715960" uid="324579" user="HaH">
    <tag k="barrier" v="entrance"/>
  </node>
  <node id="1051549614" lat="56.6574921" lon="16.3537357" version="2" timestamp="2022-08-05T23:49:13Z" changeset="124542851" uid="39001" user="antonr"/>
  <node id="1051549617" lat="56.6582260" lon="16.3550609" version="2" timestamp="2022-08-05T23:49:13Z" changeset="124542851" uid="39001" user="antonr"/>
  <node id="1051549622" lat="56.6588930" lon="16.3547641" version="1" timestamp="2010-12-20T13:26:10Z" changeset="6715960" uid="324579" user="HaH"/>
  <node id="1051549625" lat="56.6583633" lon="16.3545689" version="1" timestamp="2010-12-20T13:26:10Z" changeset="6715960" uid="324579" user="HaH"/>
  <node id="1051549636" lat="56.6578630" lon="16.3561375" version="1" timestamp="2010-12-20T13:26:10Z" changeset="6715960" uid="324579" user="HaH"/>
  <node id="1051549637" lat="56.6583724" lon="16.3552170" version="2" timestamp="2022-08-05T23:49:13Z" changeset="124542851" uid="39001" user="antonr"/>
  <node id="1051549641" lat="56.6574740" lon="16.3552845" version="1" timestamp="2010-12-20T13:26:10Z" changeset="6715960" uid="324579" user="HaH"/>
  <node id="1051549644" lat="56.6583526" lon="16.3567567" version="2" timestamp="2022-08-05T23:49:13Z" changeset="124542851" uid="39001" user="antonr"/>
  <node id="1051549650" lat="56.6583261" lon="16.3557590" version="1" timestamp="2010-12-20T13:26:10Z" changeset="6715960" uid="324579" user="HaH"/>
  <node id="1051549654" lat="56.6575017" lon="16.3554262" version="1" timestamp="2010-12-20T13:26:10Z" changeset="6715960" uid="324579" user="HaH"/>
  <node id="1051549657" lat="56.6584436" lon="16.3553893" version="2" timestamp="2022-08-05T23:49:13Z" changeset="124542851" uid="39001" user="antonr"/>
  <node id="1051549673" lat="56.6582851" lon="16.3569901" version="2" timestamp="2022-08-05T23:49:13Z" changeset="124542851" uid="39001" user="antonr"/>
  <node id="1051549676" lat="56.6580770" lon="16.3564108" version="1" timestamp="2010-12-20T13:26:11Z" changeset="6715960" uid="324579" user="HaH"/>
  <node id="1051549681" lat="56.6577980" lon="16.3558895" version="2" timestamp="2022-08-05T23:49:13Z" changeset="124542851" uid="39001" user="antonr"/>
  <node id="1051549683" lat="56.6588634" lon="16.3547641" version="1" timestamp="2010-12-20T13:26:11Z" changeset="6715960" uid="324579" user="HaH"/>
  <node id="1051549686" lat="56.6574870" lon="16.3557321" version="1" timestamp="2010-12-20T13:26:11Z" changeset="6715960" uid="324579" user="HaH"/>
  <node id="1051549689" lat="56.6571851" lon="16.3558497" version="2" timestamp="2022-08-05T23:49:13Z" changeset="124542851" uid="39001" user="antonr"/>
  <node id="1051549702" lat="56.6574813" lon="16.3540577" version="2" timestamp="2022-08-05T23:49:13Z" changeset="124542851" uid="39001" user="antonr"/>
  <node id="1051549704" lat="56.6581989" lon="16.3566867" version="2" timestamp="2022-08-05T23:49:13Z" changeset="124542851" uid="39001" user="antonr"/>
  <node id="1051549708" lat="56.6572245" lon="16.3555260" version="2" timestamp="2022-08-05T23:49:13Z" changeset="124542851" uid="39001" user="antonr"/>
  <node id="1051549710" lat="56.6580547" lon="16.3560842" version="2" timestamp="2022-08-05T23:49:13Z" changeset="124542851" uid="39001" user="antonr"/>
  <node id="1051549715" lat="56.6582557" lon="16.3550349" version="2" timestamp="2022-08-05T23:49:13Z" changeset="124542851" uid="39001" user="antonr"/>
  <node id="1051549719" lat="56.6583308" lon="16.3545416" version="1" timestamp="2010-12-20T13:26:11Z" changeset="6715960" uid="324579" user="HaH"/>
  <node id="1051549721" lat="56.6583847" lon="16.3544233" version="1" timestamp="2010-12-20T13:26:11Z" changeset="6715960" uid="324579" user="HaH"/>
  <node id="1051549724" lat="56.6576911" lon="16.3558886" version="2" timestamp="2022-08-05T23:49:13Z" changeset="124542851" uid="39001" user="antonr"/>
  <node id="1051549739" lat="56.6588194" lon="16.3551804" version="1" timestamp="2010-12-20T13:26:12Z" changeset="6715960" uid="324579" user="HaH"/>
  <node id="1051549745" lat="56.6586039" lon="16.3552835" version="1" timestamp="2010-12-20T13:26:12Z" changeset="6715960" uid="324579" user="HaH"/>
  <node id="1051549750" lat="56.6583345" lon="16.3567139" version="2" timestamp="2022-08-05T23:49:13Z" changeset="124542851" uid="39001" user="antonr"/>
  <node id="1051549756" lat="56.6573235" lon="16.3556880" version="2" timestamp="2022-08-05T23:49:13Z" changeset="124542851" uid="39001" user="antonr"/>
  <node id="1051549757" lat="56.6578507" lon="16.3551234" version="1" timestamp="2010-12-20T13:26:12Z" changeset="6715960" uid="324579" user="HaH"/>
  <node id="1051549759" lat="56.6581984" lon="16.3560023" version="2" timestamp="2022-08-05T23:49:13Z" changeset="124542851" uid="39001" user="antonr"/>
  <node id="1051549764" lat="56.6575707" lon="16.3538034" version="2" timestamp="2022-08-05T23:49:13Z" changeset="124542851" uid="39001" user="antonr"/>
  <node id="1051549782" lat="56.6584641" lon="16.3553502" version="2" timestamp="2022-08-05T23:49:13Z" changeset="124542851" uid="39001" user="antonr"/>
  <node id="1051549783" lat="56.6572976" lon="16.3563190" version="1" timestamp="2010-12-20T13:26:12Z" changeset="6715960" uid="324579" user="HaH"/>
  <node id="1051549785" lat="56.6583254" lon="16.3569529" version="2" timestamp="2022-08-05T23:49:13Z" changeset="124542851" uid="39001" user="antonr"/>
  <node id="1051549788" lat="56.6576260" lon="16.3559032" version="1" timestamp="2010-12-20T13:26:12Z" changeset="6715960" uid="324579" user="HaH"/>
  <node id="1051549793" lat="56.6579147" lon="16.3560419" version="2" timestamp="2022-08-05T23:49:13Z" changeset="124542851" uid="39001" user="antonr"/>
  <node id="1051549799" lat="56.6588370" lon="16.3548252" version="1" timestamp="2010-12-20T13:26:13Z" changeset="6715960" uid="324579" user="HaH"/>
  <node id="1051549803" lat="56.6572943" lon="16.3555732" version="2" timestamp="2022-08-05T23:49:13Z" changeset="124542851" uid="39001" user="antonr"/>
  <node id="1051549823" lat="56.6575866" lon="16.3543452" version="1" timestamp="2010-12-20T13:26:13Z" changeset="6715960" uid="324579" user="HaH"/>
  <node id="1051549826" lat="56.6571370" lon="16.3556606" version="2" timestamp="2022-08-05T23:49:13Z" changeset="124542851" uid="39001" user="antonr"/>
  <node id="1051549832" lat="56.6579069" lon="16.3548761" version="2" timestamp="2022-08-05T23:49:13Z" changeset="124542851" uid="39001" user="antonr"/>
  <node id="1051549839" lat="56.6575590" lon="16.3540167" version="2" timestamp="2022-08-05T23:49:13Z" changeset="124542851" uid="39001" user="antonr"/>
  <node id="1051549848" lat="56.6576560" lon="16.3543620" version="1" timestamp="2010-12-20T13:26:13Z" changeset="6715960" uid="324579" user="HaH"/>
  <node id="1051549850" lat="56.6578154" lon="16.3549540" version="2" timestamp="2022-08-05T23:49:13Z" changeset="124542851" uid="39001" user="antonr"/>
  <node id="1051549864" lat="56.6584414" lon="16.3549906" version="1" timestamp="2010-12-20T13:26:13Z" changeset="6715960" uid="324579" user="HaH"/>
  <node id="1051549867" lat="56.6588521" lon="16.3552331" version="1" timestamp="2010-12-20T13:26:13Z" changeset="6715960" uid="324579" user="HaH"/>
  <node id="1051549874" lat="56.6584333" lon="16.3551937" version="2" timestamp="2022-08-05T23:49:13Z" changeset="124542851" uid="39001" user="antonr"/>
  <node id="1051549877" lat="56.6573150" lon="16.3556255" version="2" timestamp="2022-08-05T23:49:13Z" changeset="124542851" uid="39001" user="antonr"/>
  <node id="1051549881" lat="56.6584351" lon="16.3554988" version="1" timestamp="2010-12-20T13:26:14Z" changeset="6715960" uid="324579" user="HaH"/>
  <node id="1051549888" lat="56.6579847" lon="16.3560817" version="2" timestamp="2022-08-05T23:49:13Z" changeset="124542851" uid="39001" user="antonr"/>
  <node id="1051549893" lat="56.6571924" lon="16.3560872" version="1" timestamp="2010-12-20T13:26:14Z" changeset="6715960" uid="324579" user="HaH"/>
  <node id="1051549905" lat="56.6581971" lon="16.3569563" version="2" timestamp="2022-08-05T23:49:13Z" changeset="124542851" uid="39001" user="antonr"/>
  <node id="1051549907" lat="56.6577630" lon="16.3560578" version="2" timestamp="2025-11-24T17:37:13Z" changeset="175077728" uid="66965" user="urk">
    <tag k="barrier" v="entrance"/>
  </node>
  <node id="1051549909" lat="56.6581820" lon="16.3547273" version="1" timestamp="2010-12-20T13:26:14Z" changeset="6715960" uid="324579" user="HaH"/>
  <node id="1051549911" lat="56.6576994" lon="16.3558635" version="2" timestamp="2022-08-05T23:49:13Z" changeset="124542851" uid="39001" user="antonr"/>
  <node id="1051549914" lat="56.6581321" lon="16.3554265" version="1" timestamp="2010-12-20T13:26:14Z" changeset="6715960" uid="324579" user="HaH"/>
  <node id="1051549938" lat="56.6582228" lon="16.3550156" version="2" timestamp="2022-08-05T23:49:13Z" changeset="124542851" uid="39001" user="antonr"/>
  <node id="1051549943" lat="56.6582252" lon="16.3566264" version="2" timestamp="2022-08-05T23:49:13Z" changeset="124542851" uid="39001" user="antonr"/>
  <node id="1051549946" lat="56.6575823" lon="16.3539517" version="2" timestamp="2022-08-05T23:49:13Z" changeset="124542851" uid="39001" user="antonr"/>
  <node id="1051549949" lat="56.6571369" lon="16.3557346" version="2" timestamp="2022-08-05T23:49:13Z" changeset="124542851" uid="39001" user="antonr"/>
  <node id="1051549955" lat="56.6574191" lon="16.3538215" version="2" timestamp="2022-08-05T23:49:13Z" changeset="124542851" uid="39001" user="antonr"/>
  <node id="1051549956" lat="56.6573189" lon="16.3557518" version="2" timestamp="2022-08-05T23:49:13Z" changeset="124542851" uid="39001" user="antonr"/>
  <node id="1051549968" lat="56.6581988" lon="16.3551234" version="1" timestamp="2010-12-20T13:26:15Z" changeset="6715960" uid="324579" user="HaH"/>
  <node id="1051549970" lat="56.6572646" lon="16.3555383" version="2" timestamp="2022-08-05T23:49:13Z" changeset="124542851" uid="39001" user="antonr"/>
  <node id="1051549974" lat="56.6578009" lon="16.3549013" version="2" timestamp="2022-08-05T23:49:13Z" changeset="124542851" uid="39001" user="antonr"/>
  <node id="1051549983" lat="56.6576270" lon="16.3543911" version="1" timestamp="2010-12-20T13:26:15Z" changeset="6715960" uid="324579" user="HaH"/>
  <node id="1051549989" lat="56.6576090" lon="16.3553272" version="2" timestamp="2022-08-05T23:49:13Z" changeset="124542851" uid="39001" user="antonr"/>
  <node id="1051549993" lat="56.6590823" lon="16.3550638" version="1" timestamp="2010-12-20T13:26:15Z" changeset="6715960" uid="324579" user="HaH"/>
  <node id="1051549995" lat="56.6588083" lon="16.3549237" version="1" timestamp="2010-12-20T13:26:15Z" changeset="6715960" uid="324579" user="HaH"/>
  <node id="1051549997" lat="56.6575745" lon="16.3555283" version="2" timestamp="2022-08-05T23:49:13Z" changeset="124542851" uid="39001" user="antonr"/>
  <node id="1051550010" lat="56.6584016" lon="16.3551900" version="2" timestamp="2022-08-05T23:49:13Z" changeset="124542851" uid="39001" user="antonr"/>
  <node id="1051550015" lat="56.6583451" lon="16.3557262" version="1" timestamp="2010-12-20T13:26:16Z" changeset="6715960" uid="324579" user="HaH"/>
  <node id="1051550018" lat="56.6575245" lon="16.3555106" version="2" timestamp="2022-08-05T23:49:13Z" changeset="124542851" uid="39001" user="antonr"/>
  <node id="1051550022" lat="56.6575728" lon="16.3539867" version="2" timestamp="2022-08-05T23:49:13Z" changeset="124542851" uid="39001" user="antonr"/>
  <node id="1051550024" lat="56.6584124" lon="16.3554033" version="2" timestamp="2022-08-05T23:49:13Z" changeset="124542851" uid="39001" user="antonr"/>
  <node id="1051550028" lat="56.6580112" lon="16.3560654" version="2" timestamp="2022-08-05T23:49:13Z" changeset="124542851" uid="39001" user="antonr"/>
  <node id="1051550031" lat="56.6576810" lon="16.3566600" version="1" timestamp="2010-12-20T13:26:16Z" changeset="6715960" uid="324579" user="HaH"/>
  <node id="1051550044" lat="56.6582349" lon="16.3569915" version="2" timestamp="2022-08-05T23:49:13Z" changeset="124542851" uid="39001" user="antonr"/>
  <node id="1051550051" lat="56.6577642" lon="16.3559603" version="2" timestamp="2022-08-05T23:49:13Z" changeset="124542851" uid="39001" user="antonr"/>
  <node id="1051550056" lat="56.6580896" lon="16.3548301" version="2" timestamp="2022-08-05T23:49:13Z" changeset="124542851" uid="39001" user="antonr"/>
  <node id="1051550059" lat="56.6582211" lon="16.3566685" version="2" timestamp="2022-08-05T23:49:13Z" changeset="124542851" uid="39001" user="antonr"/>
  <node id="1051550065" lat="56.6578618" lon="16.3547914" version="2" timestamp="2022-08-05T23:49:13Z" changeset="124542851" uid="39001" user="antonr"/>
  <node id="1051550066" lat="56.6574207" lon="16.3539797" version="2" timestamp="2022-08-05T23:49:13Z" changeset="124542851" uid="39001" user="antonr"/>
  <node id="1051550087" lat="56.6582960" lon="16.3549443" version="6" timestamp="2023-07-17T13:00:49Z" changeset="138621624" uid="10153698" user="Francesco Cioria">
    <tag k="access" v="customers"/>
    <tag k="amenity" v="toilets"/>
    <tag k="check_date" v="2023-04-24"/>
    <tag k="fee" v="no"/>
    <tag k="wheelchair" v="yes"/>
  </node>
  <node id="1051550089" lat="56.6581751" lon="16.3548169" version="1" timestamp="2010-12-20T13:26:17Z" changeset="6715960" uid="324579" user="HaH"/>
  <node id="1051550091" lat="56.6583441" lon="16.3556622" version="1" timestamp="2010-12-20T13:26:17Z" changeset="6715960" uid="324579" user="HaH"/>
  <node id="1051550094" lat="56.6576344" lon="16.3553354" version="2" timestamp="2022-08-05T23:49:13Z" changeset="124542851" uid="39001" user="antonr"/>
  <node id="1051550096" lat="56.6581460" lon="16.3560581" version="2" timestamp="2022-08-05T23:49:13Z" changeset="124542851" uid="39001" user="antonr"/>
  <node id="1051550113" lat="56.6584433" lon="16.3566012" version="1" timestamp="2010-12-20T13:26:17Z" changeset="6715960" uid="324579" user="HaH"/>
  <node id="1051550115" lat="56.6586008" lon="16.3552238" version="1" timestamp="2010-12-20T13:26:17Z" changeset="6715960" uid="324579" user="HaH"/>
  <node id="1051550118" lat="56.6584831" lon="16.3553005" version="1" timestamp="2010-12-20T13:26:18Z" changeset="6715960" uid="324579" user="HaH"/>
  <node id="1051550122" lat="56.6582389" lon="16.3548714" version="1" timestamp="2010-12-20T13:26:18Z" changeset="6715960" uid="324579" user="HaH">
    <tag k="barrier" v="entrance"/>
  </node>
  <node id="1051550125" lat="56.6575624" lon="16.3554816" version="2" timestamp="2022-08-05T23:49:13Z" changeset="124542851" uid="39001" user="antonr"/>
  <node id="1051550128" lat="56.6587978" lon="16.3549897" version="1" timestamp="2010-12-20T13:26:18Z" changeset="6715960" uid="324579" user="HaH"/>
  <node id="1051550131" lat="56.6584702" lon="16.3552859" version="2" timestamp="2022-08-05T23:49:13Z" changeset="124542851" uid="39001" user="antonr"/>
  <node id="1051550135" lat="56.6583499" lon="16.3568932" version="2" timestamp="2022-08-05T23:49:13Z" changeset="124542851" uid="39001" user="antonr"/>
  <node id="1051550154" lat="56.6576528" lon="16.3549651" version="2" timestamp="2022-08-05T23:49:13Z" changeset="124542851" uid="39001" user="antonr"/>
  <node id="1051550157" lat="56.6575868" lon="16.3539161" version="2" timestamp="2022-08-05T23:49:13Z" changeset="124542851" uid="39001" user="antonr"/>
  <node id="1051550158" lat="56.6578892" lon="16.3561480" version="2" timestamp="2022-08-05T23:49:13Z" changeset="124542851" uid="39001" user="antonr"/>
  <node id="1051550161" lat="56.6576711" lon="16.3566929" version="1" timestamp="2010-12-20T13:26:18Z" changeset="6715960" uid="324579" user="HaH"/>
  <node id="1051550162" lat="56.6581645" lon="16.3568003" version="1" timestamp="2010-12-20T13:26:18Z" changeset="6715960" uid="324579" user="HaH"/>
  <node id="1051550164" lat="56.6580990" lon="16.3547782" version="1" timestamp="2010-12-20T13:26:18Z" changeset="6715960" uid="324579" user="HaH"/>
  <node id="1051550181" lat="56.6576433" lon="16.3555445" version="2" timestamp="2022-08-05T23:49:13Z" changeset="124542851" uid="39001" user="antonr"/>
  <node id="1051550183" lat="56.6589722" lon="16.3548529" version="1" timestamp="2010-12-20T13:26:18Z" changeset="6715960" uid="324579" user="HaH"/>
  <node id="1051550186" lat="56.6579994" lon="16.3547606" version="2" timestamp="2022-08-05T23:49:13Z" changeset="124542851" uid="39001" user="antonr"/>
  <node id="1051550190" lat="56.6578920" lon="16.3548119" version="2" timestamp="2022-08-05T23:49:13Z" changeset="124542851" uid="39001" user="antonr"/>
  <node id="1051550197" lat="56.6589130" lon="16.3552372" version="1" timestamp="2010-12-20T13:26:19Z" changeset="6715960" uid="324579" user="HaH"/>
  <node id="1051550200" lat="56.6579065" lon="16.3549167" version="2" timestamp="2022-08-05T23:49:13Z" changeset="124542851" uid="39001" user="antonr"/>
  <node id="1051550203" lat="56.6579070" lon="16.3545414" version="1" timestamp="2010-12-20T13:26:19Z" changeset="6715960" uid="324579" user="HaH"/>
  <node id="1051550215" lat="56.6576700" lon="16.3544093" version="1" timestamp="2010-12-20T13:26:19Z" changeset="6715960" uid="324579" user="HaH"/>
  <node id="1051550220" lat="56.6583345" lon="16.3556462" version="1" timestamp="2010-12-20T13:26:19Z" changeset="6715960" uid="324579" user="HaH"/>
  <node id="1051550223" lat="56.6575743" lon="16.3553638" version="2" timestamp="2022-08-05T23:49:13Z" changeset="124542851" uid="39001" user="antonr"/>
  <node id="1051550227" lat="56.6585664" lon="16.3551555" version="1" timestamp="2010-12-20T13:26:19Z" changeset="6715960" uid="324579" user="HaH"/>
  <node id="1051550231" lat="56.6584771" lon="16.3553660" version="1" timestamp="2010-12-20T13:26:19Z" changeset="6715960" uid="324579" user="HaH"/>
  <node id="1051550233" lat="56.6576252" lon="16.3555544" version="2" timestamp="2022-08-05T23:49:13Z" changeset="124542851" uid="39001" user="antonr"/>
  <node id="1051550236" lat="56.6584615" lon="16.3552282" version="2" timestamp="2022-08-05T23:49:13Z" changeset="124542851" uid="39001" user="antonr"/>
  <node id="1051550248" lat="56.6583585" lon="16.3568026" version="2" timestamp="2022-08-05T23:49:13Z" changeset="124542851" uid="39001" user="antonr"/>
  <node id="1051550250" lat="56.6577360" lon="16.3548274" version="1" timestamp="2010-12-20T13:26:20Z" changeset="6715960" uid="324579" user="HaH"/>
  <node id="1051550254" lat="56.6574523" lon="16.3540377" version="2" timestamp="2022-08-05T23:49:13Z" changeset="124542851" uid="39001" user="antonr"/>
  <node id="1051550255" lat="56.6581863" lon="16.3567081" version="2" timestamp="2022-08-05T23:49:13Z" changeset="124542851" uid="39001" user="antonr"/>
  <node id="1051550261" lat="56.6584217" lon="16.3569311" version="1" timestamp="2010-12-20T13:26:20Z" changeset="6715960" uid="324579" user="HaH"/>
  <node id="1051550264" lat="56.6579601" lon="16.3561988" version="2" timestamp="2022-08-05T23:49:13Z" changeset="124542851" uid="39001" user="antonr"/>
  <node id="1051550279" lat="56.6581749" lon="16.3568934" version="1" timestamp="2010-12-20T13:26:20Z" changeset="6715960" uid="324579" user="HaH"/>
  <node id="1051550281" lat="56.6581120" lon="16.3547164" version="1" timestamp="2010-12-20T13:26:20Z" changeset="6715960" uid="324579" user="HaH"/>
  <node id="1051550283" lat="56.6577426" lon="16.3557781" version="2" timestamp="2022-08-05T23:49:13Z" changeset="124542851" uid="39001" user="antonr"/>
  <node id="1051550284" lat="56.6583607" lon="16.3557746" version="2" timestamp="2022-08-05T23:49:13Z" changeset="124542851" uid="39001" user="antonr"/>
  <node id="1051550285" lat="56.6582883" lon="16.3566561" version="2" timestamp="2022-08-05T23:49:13Z" changeset="124542851" uid="39001" user="antonr"/>
  <node id="1051550289" lat="56.6578055" lon="16.3548407" version="2" timestamp="2022-08-05T23:49:13Z" changeset="124542851" uid="39001" user="antonr"/>
  <node id="1051550292" lat="56.6589954" lon="16.3551396" version="1" timestamp="2010-12-20T13:26:20Z" changeset="6715960" uid="324579" user="HaH"/>
  <node id="1051550307" lat="56.6581400" lon="16.3553943" version="1" timestamp="2010-12-20T13:26:20Z" changeset="6715960" uid="324579" user="HaH"/>
  <node id="1051550311" lat="56.6577365" lon="16.3554122" version="1" timestamp="2010-12-20T13:26:21Z" changeset="6715960" uid="324579" user="HaH"/>
  <node id="1051550315" lat="56.6585001" lon="16.3551226" version="1" timestamp="2010-12-20T13:26:21Z" changeset="6715960" uid="324579" user="HaH"/>
  <node id="1051550316" lat="56.6581471" lon="16.3560108" version="2" timestamp="2022-08-05T23:49:13Z" changeset="124542851" uid="39001" user="antonr"/>
  <node id="1051550320" lat="56.6575894" lon="16.3553392" version="2" timestamp="2022-08-05T23:49:13Z" changeset="124542851" uid="39001" user="antonr"/>
  <node id="1051550322" lat="56.6581120" lon="16.3561193" version="2" timestamp="2022-08-05T23:49:13Z" changeset="124542851" uid="39001" user="antonr"/>
  <node id="1051550325" lat="56.6588689" lon="16.3546518" version="1" timestamp="2010-12-20T13:26:21Z" changeset="6715960" uid="324579" user="HaH"/>
  <node id="1051550336" lat="56.6584481" lon="16.3551786" version="1" timestamp="2010-12-20T13:26:21Z" changeset="6715960" uid="324579" user="HaH"/>
  <node id="1051550338" lat="56.6575950" lon="16.3555497" version="2" timestamp="2022-08-05T23:49:13Z" changeset="124542851" uid="39001" user="antonr"/>
  <node id="1051550339" lat="56.6580813" lon="16.3549635" version="2" timestamp="2022-08-05T23:49:13Z" changeset="124542851" uid="39001" user="antonr"/>
  <node id="1051550344" lat="56.6583489" lon="16.3556098" version="1" timestamp="2010-12-20T13:26:21Z" changeset="6715960" uid="324579" user="HaH"/>
  <node id="1051550347" lat="56.6575306" lon="16.3553694" version="2" timestamp="2022-08-05T23:49:13Z" changeset="124542851" uid="39001" user="antonr"/>
  <node id="1051550350" lat="56.6575124" lon="16.3540584" version="2" timestamp="2022-08-05T23:49:13Z" changeset="124542851" uid="39001" user="antonr"/>
  <node id="1051550355" lat="56.6582658" lon="16.3571223" version="1" timestamp="2010-12-20T13:26:21Z" changeset="6715960" uid="324579" user="HaH"/>
  <node id="1051550361" lat="56.6580228" lon="16.3561992" version="2" timestamp="2022-08-05T23:49:13Z" changeset="124542851" uid="39001" user="antonr"/>
  <node id="1051550374" lat="56.6581933" lon="16.3554383" version="1" timestamp="2010-12-20T13:26:22Z" changeset="6715960" uid="324579" user="HaH"/>
  <node id="1051550377" lat="56.6590354" lon="16.3549752" version="1" timestamp="2010-12-20T13:26:22Z" changeset="6715960" uid="324579" user="HaH"/>
  <node id="1051550379" lat="56.6585891" lon="16.3552663" version="1" timestamp="2010-12-20T13:26:22Z" changeset="6715960" uid="324579" user="HaH"/>
  <node id="1051550382" lat="56.6577870" lon="16.3547728" version="1" timestamp="2010-12-20T13:26:22Z" changeset="6715960" uid="324579" user="HaH"/>
  <node id="1051550385" lat="56.6583054" lon="16.3566676" version="2" timestamp="2022-08-05T23:49:13Z" changeset="124542851" uid="39001" user="antonr"/>
  <node id="1051550386" lat="56.6578301" lon="16.3547979" version="2" timestamp="2022-08-05T23:49:13Z" changeset="124542851" uid="39001" user="antonr"/>
  <node id="1051550388" lat="56.6583611" lon="16.3552580" version="2" timestamp="2022-08-05T23:49:13Z" changeset="124542851" uid="39001" user="antonr"/>
  <node id="1051550404" lat="56.6577663" lon="16.3543623" version="1" timestamp="2010-12-20T13:26:22Z" changeset="6715960" uid="324579" user="HaH"/>
  <node id="1051550407" lat="56.6575362" lon="16.3537510" version="2" timestamp="2022-08-05T23:49:13Z" changeset="124542851" uid="39001" user="antonr"/>
  <node id="1051550411" lat="56.6582905" lon="16.3557801" version="1" timestamp="2010-12-20T13:26:22Z" changeset="6715960" uid="324579" user="HaH"/>
  <node id="1051550414" lat="56.6575574" lon="16.3554430" version="2" timestamp="2022-08-05T23:49:13Z" changeset="124542851" uid="39001" user="antonr"/>
  <node id="1051550417" lat="56.6584351" lon="16.3550389" version="1" timestamp="2010-12-20T13:26:22Z" changeset="6715960" uid="324579" user="HaH"/>
  <node id="1051550418" lat="56.6581342" lon="16.3560932" version="2" timestamp="2022-08-05T23:49:13Z" changeset="124542851" uid="39001" user="antonr"/>
  <node id="1051550420" lat="56.6584751" lon="16.3552404" version="1" timestamp="2010-12-20T13:26:22Z" changeset="6715960" uid="324579" user="HaH"/>
  <node id="1051550421" lat="56.6575656" lon="16.3551883" version="2" timestamp="2022-08-05T23:49:13Z" changeset="124542851" uid="39001" user="antonr"/>
  <node id="1051550433" lat="56.6583284" lon="16.3555790" version="2" timestamp="2022-08-05T23:49:13Z" changeset="124542851" uid="39001" user="antonr"/>
  <node id="1051550434" lat="56.6574495" lon="16.3537614" version="2" timestamp="2022-08-05T23:49:13Z" changeset="124542851" uid="39001" user="antonr"/>
  <node id="1051550440" lat="56.6581721" lon="16.3567505" version="2" timestamp="2022-08-05T23:49:13Z" changeset="124542851" uid="39001" user="antonr"/>
  <node id="1051550442" lat="56.6579571" lon="16.3562159" version="2" timestamp="2022-08-05T23:49:13Z" changeset="124542851" uid="39001" user="antonr"/>
  <node id="1051550444" lat="56.6576547" lon="16.3553539" version="2" timestamp="2022-08-05T23:49:13Z" changeset="124542851" uid="39001" user="antonr"/>
  <node id="1051550446" lat="56.6590170" lon="16.3549227" version="1" timestamp="2010-12-20T13:26:23Z" changeset="6715960" uid="324579" user="HaH"/>
  <node id="1051550465" lat="56.6581641" lon="16.3562016" version="1" timestamp="2010-12-20T13:26:23Z" changeset="6715960" uid="324579" user="HaH"/>
  <node id="1051550468" lat="56.6578737" lon="16.3547208" version="2" timestamp="2022-08-05T23:49:13Z" changeset="124542851" uid="39001" user="antonr"/>
  <node id="1051550472" lat="56.6582430" lon="16.3547774" version="1" timestamp="2010-12-20T13:26:23Z" changeset="6715960" uid="324579" user="HaH"/>
  <node id="1051550474" lat="56.6588810" lon="16.3552561" version="1" timestamp="2010-12-20T13:26:23Z" changeset="6715960" uid="324579" user="HaH"/>
  <node id="1051550477" lat="56.6574920" lon="16.3557594" version="1" timestamp="2010-12-20T13:26:23Z" changeset="6715960" uid="324579" user="HaH"/>
  <node id="1051550480" lat="56.6578292" lon="16.3544398" version="2" timestamp="2022-08-05T23:49:13Z" changeset="124542851" uid="39001" user="antonr"/>
  <node id="1051550483" lat="56.6580069" lon="16.3558445" version="1" timestamp="2010-12-20T13:26:23Z" changeset="6715960" uid="324579" user="HaH"/>
  <node id="1051550497" lat="56.6572243" lon="16.3558694" version="2" timestamp="2022-08-05T23:49:13Z" changeset="124542851" uid="39001" user="antonr"/>
  <node id="1051550500" lat="56.6585721" lon="16.3551972" version="1" timestamp="2010-12-20T13:26:23Z" changeset="6715960" uid="324579" user="HaH"/>
  <node id="1051550502" lat="56.6575658" lon="16.3553789" version="2" timestamp="2022-08-05T23:49:13Z" changeset="124542851" uid="39001" user="antonr"/>
  <node id="1051550503" lat="56.6571852" lon="16.3555456" version="2" timestamp="2022-08-05T23:49:13Z" changeset="124542851" uid="39001" user="antonr"/>
  <node id="1051550505" lat="56.6580686" lon="16.3561103" version="2" timestamp="2022-08-05T23:49:13Z" changeset="124542851" uid="39001" user="antonr"/>
  <node id="1051550508" lat="56.6582160" lon="16.3547601" version="1" timestamp="2010-12-20T13:26:24Z" changeset="6715960" uid="324579" user="HaH"/>
  <node id="1051550510" lat="56.6583091" lon="16.3550694" version="1" timestamp="2010-12-20T13:26:24Z" changeset="6715960" uid="324579" user="HaH"/>
  <node id="1052398938" lat="56.6659936" lon="16.3589832" version="1" timestamp="2010-12-20T20:00:01Z" changeset="6719359" uid="324579" user="HaH"/>
  <node id="1052398947" lat="56.6602138" lon="16.3583989" version="2" timestamp="2021-08-04T20:40:35Z" changeset="109163995" uid="159302" user="osmium"/>
  <node id="1052398949" lat="56.6666091" lon="16.3696946" version="2" timestamp="2013-03-06T17:18:42Z" changeset="15272982" uid="233008" user="runf"/>
  <node id="1052398952" lat="56.6655423" lon="16.3589082" version="2" timestamp="2026-06-28T16:19:56Z" changeset="184749348" uid="83501" user="riiga"/>
  <node id="1052398955" lat="56.6661177" lon="16.3721824" version="3" timestamp="2026-08-14T06:22:39Z" changeset="187423523" uid="1212745" user="YraFyra"/>
  <node id="1052398956" lat="56.6564944" lon="16.3539483" version="1" timestamp="2010-12-20T20:00:01Z" changeset="6719359" uid="324579" user="HaH"/>
  <node id="1052398958" lat="56.6553918" lon="16.3628752" version="1" timestamp="2010-12-20T20:00:01Z" changeset="6719359" uid="324579" user="HaH"/>
  <node id="1052398961" lat="56.6589204" lon="16.3544228" version="1" timestamp="2010-12-20T20:00:02Z" changeset="6719359" uid="324579" user="HaH"/>
  <node id="1052398972" lat="56.6666237" lon="16.3622347" version="3" timestamp="2021-07-29T14:26:43Z" changeset="108831557" uid="159302" user="osmium"/>
  <node id="1052398974" lat="56.6657046" lon="16.3594995" version="1" timestamp="2010-12-20T20:00:02Z" changeset="6719359" uid="324579" user="HaH"/>
  <node id="1052398977" lat="56.6584245" lon="16.3594199" version="2" timestamp="2021-08-04T20:40:35Z" changeset="109163995" uid="159302" user="osmium"/>
  <node id="1052398981" lat="56.6634816" lon="16.3595275" version="3" timestamp="2026-06-28T16:19:56Z" changeset="184749348" uid="83501" user="riiga"/>
  <node id="1052398983" lat="56.6667433" lon="16.3691253" version="2" timestamp="2013-03-06T17:18:43Z" changeset="15272982" uid="233008" user="runf"/>
  <node id="1052398984" lat="56.6582767" lon="16.3592987" version="2" timestamp="2021-08-04T20:40:35Z" changeset="109163995" uid="159302" user="osmium"/>
  <node id="1052398987" lat="56.6693905" lon="16.3618036" version="3" timestamp="2021-07-29T14:26:43Z" changeset="108831557" uid="159302" user="osmium"/>
  <node id="1052398988" lat="56.6645089" lon="16.3721094" version="1" timestamp="2010-12-20T20:00:02Z" changeset="6719359" uid="324579" user="HaH"/>
  <node id="1052398996" lat="56.6581009" lon="16.3537662" version="1" timestamp="2010-12-20T20:00:02Z" changeset="6719359" uid="324579" user="HaH"/>
  <node id="1052398997" lat="56.6608592" lon="16.3664135" version="1" timestamp="2010-12-20T20:00:02Z" changeset="6719359" uid="324579" user="HaH"/>
  <node id="1052398999" lat="56.6577311" lon="16.3596629" version="1" timestamp="2010-12-20T20:00:02Z" changeset="6719359" uid="324579" user="HaH"/>
  <node id="1052399003" lat="56.6669039" lon="16.3639316" version="3" timestamp="2021-07-29T14:26:43Z" changeset="108831557" uid="159302" user="osmium"/>
  <node id="1052399009" lat="56.6663635" lon="16.3720837" version="1" timestamp="2010-12-20T20:00:03Z" changeset="6719359" uid="324579" user="HaH"/>
  <node id="1052399017" lat="56.6570408" lon="16.3542950" version="1" timestamp="2010-12-20T20:00:03Z" changeset="6719359" uid="324579" user="HaH"/>
  <node id="1052399020" lat="56.6592948" lon="16.3547296" version="2" timestamp="2022-08-05T23:49:13Z" changeset="124542851" uid="39001" user="antonr"/>
  <node id="1052399026" lat="56.6657806" lon="16.3609547" version="1" timestamp="2010-12-20T20:00:03Z" changeset="6719359" uid="324579" user="HaH"/>
  <node id="1052399028" lat="56.6592563" lon="16.3591642" version="2" timestamp="2021-08-04T20:40:35Z" changeset="109163995" uid="159302" user="osmium"/>
  <node id="1052399037" lat="56.6654867" lon="16.3587306" version="2" timestamp="2026-06-28T16:19:56Z" changeset="184749348" uid="83501" user="riiga"/>
  <node id="1052399039" lat="56.6666033" lon="16.3704000" version="2" timestamp="2013-03-06T17:18:43Z" changeset="15272982" uid="233008" user="runf"/>
  <node id="1052399041" lat="56.6583149" lon="16.3593772" version="1" timestamp="2010-12-20T20:00:03Z" changeset="6719359" uid="324579" user="HaH"/>
  <node id="1052399043" lat="56.6588924" lon="16.3542097" version="1" timestamp="2010-12-20T20:00:03Z" changeset="6719359" uid="324579" user="HaH"/>
  <node id="1052399044" lat="56.6568000" lon="16.3538683" version="1" timestamp="2010-12-20T20:00:03Z" changeset="6719359" uid="324579" user="HaH"/>
  <node id="1052399049" lat="56.6670725" lon="16.3649196" version="2" timestamp="2021-07-29T14:26:43Z" changeset="108831557" uid="159302" user="osmium"/>
  <node id="1052399051" lat="56.6632193" lon="16.3696510" version="1" timestamp="2010-12-20T20:00:03Z" changeset="6719359" uid="324579" user="HaH"/>
  <node id="1052399053" lat="56.6606301" lon="16.3580426" version="2" timestamp="2021-08-04T20:40:35Z" changeset="109163995" uid="159302" user="osmium"/>
  <node id="1052399057" lat="56.6585591" lon="16.3541382" version="1" timestamp="2010-12-20T20:00:03Z" changeset="6719359" uid="324579" user="HaH"/>
  <node id="1052399064" lat="56.6605641" lon="16.3661753" version="1" timestamp="2010-12-20T20:00:04Z" changeset="6719359" uid="324579" user="HaH"/>
  <node id="1052399069" lat="56.6592989" lon="16.3550701" version="2" timestamp="2012-03-14T15:19:13Z" changeset="10978886" uid="12294" user="izzor"/>
  <node id="1052399073" lat="56.6664698" lon="16.3619600" version="1" timestamp="2010-12-20T20:00:04Z" changeset="6719359" uid="324579" user="HaH"/>
  <node id="1052399078" lat="56.6638484" lon="16.3595571" version="3" timestamp="2026-06-28T16:19:56Z" changeset="184749348" uid="83501" user="riiga"/>
  <node id="1052399081" lat="56.6645113" lon="16.3721240" version="1" timestamp="2010-12-20T20:00:04Z" changeset="6719359" uid="324579" user="HaH"/>
  <node id="1052399089" lat="56.6570689" lon="16.3542750" version="1" timestamp="2010-12-20T20:00:04Z" changeset="6719359" uid="324579" user="HaH"/>
  <node id="1052399093" lat="56.6612102" lon="16.3665348" version="2" timestamp="2010-12-22T19:33:12Z" changeset="6738930" uid="324579" user="HaH"/>
  <node id="1052399097" lat="56.6602480" lon="16.3652350" version="1" timestamp="2010-12-20T20:00:04Z" changeset="6719359" uid="324579" user="HaH"/>
  <node id="1052399100" lat="56.6657447" lon="16.3723061" version="1" timestamp="2010-12-20T20:00:04Z" changeset="6719359" uid="324579" user="HaH"/>
  <node id="1052399101" lat="56.6576585" lon="16.3590180" version="2" timestamp="2021-08-04T20:40:35Z" changeset="109163995" uid="159302" user="osmium"/>
  <node id="1052399102" lat="56.6568867" lon="16.3539354" version="1" timestamp="2010-12-20T20:00:05Z" changeset="6719359" uid="324579" user="HaH"/>
  <node id="1052399108" lat="56.6632316" lon="16.3696932" version="1" timestamp="2010-12-20T20:00:05Z" changeset="6719359" uid="324579" user="HaH"/>
  <node id="1052399110" lat="56.6610208" lon="16.3576871" version="2" timestamp="2021-08-04T20:40:35Z" changeset="109163995" uid="159302" user="osmium"/>
  <node id="1052399111" lat="56.6575100" lon="16.3532926" version="1" timestamp="2010-12-20T20:00:05Z" changeset="6719359" uid="324579" user="HaH"/>
  <node id="1052399114" lat="56.6609991" lon="16.3664209" version="1" timestamp="2010-12-20T20:00:05Z" changeset="6719359" uid="324579" user="HaH"/>
  <node id="1052399116" lat="56.6659073" lon="16.3619410" version="1" timestamp="2010-12-20T20:00:05Z" changeset="6719359" uid="324579" user="HaH"/>
  <node id="1052399118" lat="56.6590695" lon="16.3592578" version="2" timestamp="2021-08-04T20:40:35Z" changeset="109163995" uid="159302" user="osmium"/>
  <node id="1052399132" lat="56.6654241" lon="16.3591733" version="2" timestamp="2026-06-28T16:19:56Z" changeset="184749348" uid="83501" user="riiga"/>
  <node id="1052399135" lat="56.6668126" lon="16.3708966" version="1" timestamp="2010-12-20T20:00:05Z" changeset="6719359" uid="324579" user="HaH"/>
  <node id="1052399137" lat="56.6563087" lon="16.3546441" version="1" timestamp="2010-12-20T20:00:05Z" changeset="6719359" uid="324579" user="HaH"/>
  <node id="1052399141" lat="56.6641967" lon="16.3722466" version="1" timestamp="2010-12-20T20:00:05Z" changeset="6719359" uid="324579" user="HaH"/>
  <node id="1052399143" lat="56.6570009" lon="16.3542704" version="1" timestamp="2010-12-20T20:00:05Z" changeset="6719359" uid="324579" user="HaH"/>
  <node id="1052399148" lat="56.6629536" lon="16.3688162" version="1" timestamp="2010-12-20T20:00:05Z" changeset="6719359" uid="324579" user="HaH"/>
  <node id="1052399155" lat="56.6580506" lon="16.3585382" version="2" timestamp="2021-08-04T20:40:35Z" changeset="109163995" uid="159302" user="osmium"/>
  <node id="1052399160" lat="56.6660319" lon="16.3590800" version="1" timestamp="2010-12-20T20:00:06Z" changeset="6719359" uid="324579" user="HaH"/>
  <node id="1052399161" lat="56.6595158" lon="16.3623032" version="3" timestamp="2021-07-17T21:13:14Z" changeset="108174081" uid="350222" user="Tomas Marklund"/>
  <node id="1052399163" lat="56.6673473" lon="16.3685065" version="1" timestamp="2010-12-20T20:00:06Z" changeset="6719359" uid="324579" user="HaH"/>
  <node id="1052399169" lat="56.6655530" lon="16.3591035" version="2" timestamp="2026-06-28T16:19:56Z" changeset="184749348" uid="83501" user="riiga"/>
  <node id="1052399171" lat="56.6648808" lon="16.3718998" version="1" timestamp="2010-12-20T20:00:06Z" changeset="6719359" uid="324579" user="HaH"/>
  <node id="1052399173" lat="56.6577579" lon="16.3586090" version="2" timestamp="2021-08-04T20:40:35Z" changeset="109163995" uid="159302" user="osmium"/>
  <node id="1052399180" lat="56.6562933" lon="16.3549612" version="1" timestamp="2010-12-20T20:00:06Z" changeset="6719359" uid="324579" user="HaH"/>
  <node id="1052399183" lat="56.6577804" lon="16.3534038" version="1" timestamp="2010-12-20T20:00:06Z" changeset="6719359" uid="324579" user="HaH"/>
  <node id="1052399185" lat="56.6609429" lon="16.3664672" version="1" timestamp="2010-12-20T20:00:06Z" changeset="6719359" uid="324579" user="HaH"/>
  <node id="1052399186" lat="56.6660185" lon="16.3625709" version="1" timestamp="2010-12-20T20:00:06Z" changeset="6719359" uid="324579" user="HaH"/>
  <node id="1052399190" lat="56.6596336" lon="16.3589141" version="2" timestamp="2021-08-04T20:40:35Z" changeset="109163995" uid="159302" user="osmium"/>
  <node id="1052399196" lat="56.6632421" lon="16.3595820" version="2" timestamp="2010-12-27T19:41:27Z" changeset="6781362" uid="12294" user="izzor"/>
  <node id="1052399208" lat="56.6668313" lon="16.3713848" version="1" timestamp="2010-12-20T20:00:07Z" changeset="6719359" uid="324579" user="HaH"/>
  <node id="1052399211" lat="56.6647203" lon="16.3719203" version="1" timestamp="2010-12-20T20:00:07Z" changeset="6719359" uid="324579" user="HaH"/>
  <node id="1052399216" lat="56.6615400" lon="16.3572128" version="2" timestamp="2021-08-04T20:40:35Z" changeset="109163995" uid="159302" user="osmium"/>
  <node id="1052399218" lat="56.6569795" lon="16.3542170" version="1" timestamp="2010-12-20T20:00:07Z" changeset="6719359" uid="324579" user="HaH"/>
  <node id="1052399222" lat="56.6624376" lon="16.3684541" version="1" timestamp="2010-12-20T20:00:07Z" changeset="6719359" uid="324579" user="HaH"/>
  <node id="1052399224" lat="56.6657086" lon="16.3598580" version="1" timestamp="2010-12-20T20:00:07Z" changeset="6719359" uid="324579" user="HaH"/>
  <node id="1053628752" lat="56.6701082" lon="16.3590660" version="2" timestamp="2019-10-11T06:17:42Z" changeset="75544386" uid="12294" user="izzor"/>
  <node id="1053628776" lat="56.6735664" lon="16.3583114" version="1" timestamp="2010-12-21T06:24:18Z" changeset="6722449" uid="324579" user="HaH"/>
  <node id="1053628781" lat="56.6701734" lon="16.3590146" version="2" timestamp="2019-10-11T06:17:42Z" changeset="75544386" uid="12294" user="izzor"/>
  <node id="1054205329" lat="56.6763473" lon="16.3636264" version="1" timestamp="2010-12-21T11:16:42Z" changeset="6724113" uid="324579" user="HaH"/>
  <node id="1054205427" lat="56.6762001" lon="16.3633181" version="1" timestamp="2010-12-21T11:16:44Z" changeset="6724113" uid="324579" user="HaH"/>
  <node id="1054205625" lat="56.6762371" lon="16.3630237" version="2" timestamp="2022-01-02T20:41:46Z" changeset="115685074" uid="70168" user="kd35a"/>
  <node id="1054206000" lat="56.6758161" lon="16.3622106" version="2" timestamp="2022-01-02T20:41:46Z" changeset="115685074" uid="70168" user="kd35a"/>
  <node id="1054414827" lat="56.6502081" lon="16.3350180" version="1" timestamp="2010-12-21T12:52:39Z" changeset="6724876" uid="324579" user="HaH"/>
  <node id="1054414829" lat="56.6539957" lon="16.3471723" version="1" timestamp="2010-12-21T12:52:39Z" changeset="6724876" uid="324579" user="HaH"/>
  <node id="1054414836" lat="56.6545713" lon="16.3498626" version="2" timestamp="2016-09-09T19:30:13Z" changeset="42044590" uid="812740" user="westis"/>
  <node id="1054414839" lat="56.6514668" lon="16.3386698" version="1" timestamp="2010-12-21T12:52:39Z" changeset="6724876" uid="324579" user="HaH"/>
  <node id="1054414854" lat="56.6528095" lon="16.3444252" version="1" timestamp="2010-12-21T12:52:40Z" changeset="6724876" uid="324579" user="HaH"/>
  <node id="1054414859" lat="56.6509366" lon="16.3365855" version="1" timestamp="2010-12-21T12:52:40Z" changeset="6724876" uid="324579" user="HaH"/>
  <node id="1054414862" lat="56.6557415" lon="16.3517729" version="1" timestamp="2010-12-21T12:52:40Z" changeset="6724876" uid="324579" user="HaH"/>
  <node id="1054414878" lat="56.6534695" lon="16.3445127" version="1" timestamp="2010-12-21T12:52:41Z" changeset="6724876" uid="324579" user="HaH"/>
  <node id="1054414900" lat="56.6519676" lon="16.3421381" version="1" timestamp="2010-12-21T12:52:42Z" changeset="6724876" uid="324579" user="HaH"/>
  <node id="1054414903" lat="56.6501488" lon="16.3350152" version="1" timestamp="2010-12-21T12:52:42Z" changeset="6724876" uid="324579" user="HaH"/>
  <node id="1054414910" lat="56.6541158" lon="16.3479237" version="1" timestamp="2010-12-21T12:52:42Z" changeset="6724876" uid="324579" user="HaH"/>
  <node id="1054414914" lat="56.6544426" lon="16.3493820" version="1" timestamp="2010-12-21T12:52:42Z" changeset="6724876" uid="324579" user="HaH"/>
  <node id="1054414915" lat="56.6521280" lon="16.3399462" version="1" timestamp="2010-12-21T12:52:42Z" changeset="6724876" uid="324579" user="HaH"/>
  <node id="1054414921" lat="56.6533093" lon="16.3436936" version="1" timestamp="2010-12-21T12:52:43Z" changeset="6724876" uid="324579" user="HaH"/>
  <node id="1054414939" lat="56.6503539" lon="16.3344840" version="1" timestamp="2010-12-21T12:52:43Z" changeset="6724876" uid="324579" user="HaH"/>
  <node id="1054414940" lat="56.6554668" lon="16.3529063" version="1" timestamp="2010-12-21T12:52:43Z" changeset="6724876" uid="324579" user="HaH"/>
  <node id="1054414941" lat="56.6538317" lon="16.3458499" version="1" timestamp="2010-12-21T12:52:43Z" changeset="6724876" uid="324579" user="HaH"/>
  <node id="1054414963" lat="56.6505605" lon="16.3369531" version="1" timestamp="2010-12-21T12:52:44Z" changeset="6724876" uid="324579" user="HaH"/>
  <node id="1054414964" lat="56.6520081" lon="16.3430540" version="1" timestamp="2010-12-21T12:52:44Z" changeset="6724876" uid="324579" user="HaH"/>
  <node id="1054414965" lat="56.6505805" lon="16.3353990" version="2" timestamp="2019-08-07T07:21:50Z" changeset="73096040" uid="12294" user="izzor"/>
  <node id="1054414970" lat="56.6552458" lon="16.3501934" version="1" timestamp="2010-12-21T12:52:45Z" changeset="6724876" uid="324579" user="HaH"/>
  <node id="1054414982" lat="56.6526218" lon="16.3418029" version="1" timestamp="2010-12-21T12:52:45Z" changeset="6724876" uid="324579" user="HaH"/>
  <node id="1054414984" lat="56.6531922" lon="16.3437126" version="1" timestamp="2010-12-21T12:52:45Z" changeset="6724876" uid="324579" user="HaH"/>
  <node id="1054415006" lat="56.6503909" lon="16.3344636" version="1" timestamp="2010-12-21T12:52:46Z" changeset="6724876" uid="324579" user="HaH"/>
  <node id="1054415008" lat="56.6557109" lon="16.3526873" version="1" timestamp="2010-12-21T12:52:46Z" changeset="6724876" uid="324579" user="HaH"/>
  <node id="1054415009" lat="56.6540485" lon="16.3467544" version="1" timestamp="2010-12-21T12:52:46Z" changeset="6724876" uid="324579" user="HaH"/>
  <node id="1054415014" lat="56.6541928" lon="16.3483639" version="2" timestamp="2016-09-09T19:30:13Z" changeset="42044590" uid="812740" user="westis"/>
  <node id="1054415018" lat="56.6510173" lon="16.3379479" version="2" timestamp="2019-08-07T07:21:50Z" changeset="73096040" uid="12294" user="izzor"/>
  <node id="1054415022" lat="56.6529220" lon="16.3436129" version="1" timestamp="2010-12-21T12:52:47Z" changeset="6724876" uid="324579" user="HaH"/>
  <node id="1054415036" lat="56.6521073" lon="16.3430869" version="1" timestamp="2010-12-21T12:52:47Z" changeset="6724876" uid="324579" user="HaH"/>
  <node id="1054415043" lat="56.6557777" lon="16.3519878" version="1" timestamp="2010-12-21T12:52:48Z" changeset="6724876" uid="324579" user="HaH"/>
  <node id="1054415047" lat="56.6524039" lon="16.3424763" version="1" timestamp="2010-12-21T12:52:48Z" changeset="6724876" uid="324579" user="HaH"/>
  <node id="1054415048" lat="56.6536076" lon="16.3449581" version="1" timestamp="2010-12-21T12:52:48Z" changeset="6724876" uid="324579" user="HaH"/>
  <node id="1054415065" lat="56.6521269" lon="16.3422563" version="1" timestamp="2010-12-21T12:52:49Z" changeset="6724876" uid="324579" user="HaH"/>
  <node id="1054415071" lat="56.6500266" lon="16.3345024" version="1" timestamp="2010-12-21T12:52:49Z" changeset="6724876" uid="324579" user="HaH"/>
  <node id="1054415073" lat="56.6555852" lon="16.3534690" version="1" timestamp="2010-12-21T12:52:49Z" changeset="6724876" uid="324579" user="HaH"/>
  <node id="1054415074" lat="56.6541929" lon="16.3478869" version="1" timestamp="2010-12-21T12:52:49Z" changeset="6724876" uid="324579" user="HaH"/>
  <node id="1054415078" lat="56.6543579" lon="16.3491687" version="1" timestamp="2010-12-21T12:52:50Z" changeset="6724876" uid="324579" user="HaH"/>
  <node id="1054415079" lat="56.6520819" lon="16.3399144" version="1" timestamp="2010-12-21T12:52:50Z" changeset="6724876" uid="324579" user="HaH"/>
  <node id="1054415081" lat="56.6527667" lon="16.3439911" version="1" timestamp="2010-12-21T12:52:50Z" changeset="6724876" uid="324579" user="HaH"/>
  <node id="1054415097" lat="56.6525499" lon="16.3432880" version="1" timestamp="2010-12-21T12:52:50Z" changeset="6724876" uid="324579" user="HaH"/>
  <node id="1054415109" lat="56.6557209" lon="16.3524091" version="1" timestamp="2010-12-21T12:52:51Z" changeset="6724876" uid="324579" user="HaH"/>
  <node id="1054415112" lat="56.6537553" lon="16.3456620" version="1" timestamp="2010-12-21T12:52:51Z" changeset="6724876" uid="324579" user="HaH"/>
  <node id="1054415126" lat="56.6521067" lon="16.3421851" version="1" timestamp="2010-12-21T12:52:52Z" changeset="6724876" uid="324579" user="HaH"/>
  <node id="1054415128" lat="56.6506150" lon="16.3356741" version="2" timestamp="2019-08-07T07:21:50Z" changeset="73096040" uid="12294" user="izzor"/>
  <node id="1054415131" lat="56.6541813" lon="16.3477234" version="1" timestamp="2010-12-21T12:52:52Z" changeset="6724876" uid="324579" user="HaH"/>
  <node id="1054415135" lat="56.6552998" lon="16.3501637" version="1" timestamp="2010-12-21T12:52:52Z" changeset="6724876" uid="324579" user="HaH"/>
  <node id="1054415138" lat="56.6524294" lon="16.3414098" version="1" timestamp="2010-12-21T12:52:52Z" changeset="6724876" uid="324579" user="HaH"/>
  <node id="1054415145" lat="56.6532253" lon="16.3436538" version="1" timestamp="2010-12-21T12:52:52Z" changeset="6724876" uid="324579" user="HaH"/>
  <node id="1054415159" lat="56.6512313" lon="16.3350900" version="1" timestamp="2010-12-21T12:52:53Z" changeset="6724876" uid="324579" user="HaH"/>
  <node id="1054415166" lat="56.6556585" lon="16.3534015" version="1" timestamp="2010-12-21T12:52:53Z" changeset="6724876" uid="324579" user="HaH"/>
  <node id="1054415169" lat="56.6540025" lon="16.3463744" version="1" timestamp="2010-12-21T12:52:53Z" changeset="6724876" uid="324579" user="HaH"/>
  <node id="1054415173" lat="56.6512956" lon="16.3383248" version="1" timestamp="2010-12-21T12:52:54Z" changeset="6724876" uid="324579" user="HaH"/>
  <node id="1054415178" lat="56.6505183" lon="16.3371635" version="1" timestamp="2010-12-21T12:52:54Z" changeset="6724876" uid="324579" user="HaH"/>
  <node id="1054415190" lat="56.6519693" lon="16.3432331" version="1" timestamp="2010-12-21T12:52:54Z" changeset="6724876" uid="324579" user="HaH"/>
  <node id="1054415192" lat="56.6507373" lon="16.3362180" version="1" timestamp="2010-12-21T12:52:55Z" changeset="6724876" uid="324579" user="HaH"/>
  <node id="1054415199" lat="56.6556817" lon="16.3514523" version="1" timestamp="2010-12-21T12:52:55Z" changeset="6724876" uid="324579" user="HaH"/>
  <node id="1054415201" lat="56.6524208" lon="16.3410191" version="1" timestamp="2010-12-21T12:52:55Z" changeset="6724876" uid="324579" user="HaH"/>
  <node id="1054415202" lat="56.6535655" lon="16.3447564" version="1" timestamp="2010-12-21T12:52:55Z" changeset="6724876" uid="324579" user="HaH"/>
  <node id="1054415223" lat="56.6500858" lon="16.3343752" version="1" timestamp="2010-12-21T12:52:56Z" changeset="6724876" uid="324579" user="HaH"/>
  <node id="1054415225" lat="56.6556712" lon="16.3528610" version="1" timestamp="2010-12-21T12:52:56Z" changeset="6724876" uid="324579" user="HaH"/>
  <node id="1054415237" lat="56.6539370" lon="16.3458556" version="1" timestamp="2010-12-21T12:52:57Z" changeset="6724876" uid="324579" user="HaH"/>
  <node id="1054415241" lat="56.6545222" lon="16.3495973" version="2" timestamp="2016-09-09T19:30:13Z" changeset="42044590" uid="812740" user="westis"/>
  <node id="1054415243" lat="56.6518773" lon="16.3390503" version="1" timestamp="2010-12-21T12:52:57Z" changeset="6724876" uid="324579" user="HaH"/>
  <node id="1054415246" lat="56.6529473" lon="16.3433434" version="1" timestamp="2010-12-21T12:52:57Z" changeset="6724876" uid="324579" user="HaH"/>
  <node id="1054415261" lat="56.6526167" lon="16.3432171" version="1" timestamp="2010-12-21T12:52:58Z" changeset="6724876" uid="324579" user="HaH"/>
  <node id="1054415265" lat="56.6506841" lon="16.3361740" version="1" timestamp="2010-12-21T12:52:58Z" changeset="6724876" uid="324579" user="HaH"/>
  <node id="1054415276" lat="56.6514555" lon="16.3341156" version="3" timestamp="2021-04-29T21:17:19Z" changeset="103870168" uid="156646" user="archie"/>
  <node id="1054415278" lat="56.6556240" lon="16.3513264" version="1" timestamp="2010-12-21T12:52:58Z" changeset="6724876" uid="324579" user="HaH"/>
  <node id="1054415280" lat="56.6525939" lon="16.3425146" version="1" timestamp="2010-12-21T12:52:58Z" changeset="6724876" uid="324579" user="HaH"/>
  <node id="1054415287" lat="56.6537450" lon="16.3452514" version="1" timestamp="2010-12-21T12:52:58Z" changeset="6724876" uid="324579" user="HaH"/>
  <node id="1054415309" lat="56.6521518" lon="16.3423695" version="1" timestamp="2010-12-21T12:53:00Z" changeset="6724876" uid="324579" user="HaH"/>
  <node id="1054415317" lat="56.6505022" lon="16.3352275" version="1" timestamp="2010-12-21T12:53:00Z" changeset="6724876" uid="324579" user="HaH"/>
  <node id="1054415324" lat="56.6540758" lon="16.3475554" version="1" timestamp="2010-12-21T12:53:00Z" changeset="6724876" uid="324579" user="HaH"/>
  <node id="1054415328" lat="56.6548467" lon="16.3506878" version="1" timestamp="2010-12-21T12:53:01Z" changeset="6724876" uid="324579" user="HaH"/>
  <node id="1054415330" lat="56.6519929" lon="16.3394531" version="1" timestamp="2010-12-21T12:53:01Z" changeset="6724876" uid="324579" user="HaH"/>
  <node id="1054415332" lat="56.6533042" lon="16.3438377" version="1" timestamp="2010-12-21T12:53:01Z" changeset="6724876" uid="324579" user="HaH"/>
  <node id="1054415355" lat="56.6510799" lon="16.3350233" version="1" timestamp="2010-12-21T12:53:02Z" changeset="6724876" uid="324579" user="HaH"/>
  <node id="1054415360" lat="56.6556904" lon="16.3515796" version="1" timestamp="2010-12-21T12:53:02Z" changeset="6724876" uid="324579" user="HaH"/>
  <node id="1054415363" lat="56.6536516" lon="16.3451458" version="1" timestamp="2010-12-21T12:53:02Z" changeset="6724876" uid="324579" user="HaH"/>
  <node id="1054415367" lat="56.6505393" lon="16.3373028" version="1" timestamp="2010-12-21T12:53:02Z" changeset="6724876" uid="324579" user="HaH"/>
  <node id="1054415391" lat="56.6505206" lon="16.3372648" version="1" timestamp="2010-12-21T12:53:03Z" changeset="6724876" uid="324579" user="HaH"/>
  <node id="1054415394" lat="56.6520571" lon="16.3429982" version="1" timestamp="2010-12-21T12:53:03Z" changeset="6724876" uid="324579" user="HaH"/>
  <node id="1054415397" lat="56.6505556" lon="16.3353007" version="2" timestamp="2019-08-07T07:21:50Z" changeset="73096040" uid="12294" user="izzor"/>
  <node id="1054415404" lat="56.6553830" lon="16.3502170" version="1" timestamp="2010-12-21T12:53:04Z" changeset="6724876" uid="324579" user="HaH"/>
  <node id="1054415406" lat="56.6522871" lon="16.3404233" version="1" timestamp="2010-12-21T12:53:04Z" changeset="6724876" uid="324579" user="HaH"/>
  <node id="1054415410" lat="56.6535518" lon="16.3446263" version="1" timestamp="2010-12-21T12:53:04Z" changeset="6724876" uid="324579" user="HaH"/>
  <node id="1054415426" lat="56.6500038" lon="16.3346962" version="1" timestamp="2010-12-21T12:53:05Z" changeset="6724876" uid="324579" user="HaH"/>
  <node id="1054415433" lat="56.6557173" lon="16.3527631" version="1" timestamp="2010-12-21T12:53:05Z" changeset="6724876" uid="324579" user="HaH"/>
  <node id="1054415434" lat="56.6539819" lon="16.3459806" version="1" timestamp="2010-12-21T12:53:05Z" changeset="6724876" uid="324579" user="HaH"/>
  <node id="1054415438" lat="56.6541363" lon="16.3481981" version="1" timestamp="2010-12-21T12:53:06Z" changeset="6724876" uid="324579" user="HaH"/>
  <node id="1054415440" lat="56.6507699" lon="16.3374154" version="1" timestamp="2010-12-21T12:53:06Z" changeset="6724876" uid="324579" user="HaH"/>
  <node id="1054415442" lat="56.6529662" lon="16.3434848" version="1" timestamp="2010-12-21T12:53:06Z" changeset="6724876" uid="324579" user="HaH"/>
  <node id="1054415450" lat="56.6525050" lon="16.3433277" version="1" timestamp="2010-12-21T12:53:06Z" changeset="6724876" uid="324579" user="HaH"/>
  <node id="1054415452" lat="56.6506237" lon="16.3359794" version="1" timestamp="2010-12-21T12:53:06Z" changeset="6724876" uid="324579" user="HaH"/>
  <node id="1054415455" lat="56.6514218" lon="16.3342363" version="2" timestamp="2017-07-17T23:43:01Z" changeset="50365734" uid="156646" user="archie"/>
  <node id="1054415457" lat="56.6556660" lon="16.3510504" version="1" timestamp="2010-12-21T12:53:07Z" changeset="6724876" uid="324579" user="HaH"/>
  <node id="1054415459" lat="56.6525258" lon="16.3428416" version="1" timestamp="2010-12-21T12:53:07Z" changeset="6724876" uid="324579" user="HaH"/>
  <node id="1054415460" lat="56.6536424" lon="16.3450192" version="1" timestamp="2010-12-21T12:53:07Z" changeset="6724876" uid="324579" user="HaH"/>
  <node id="1054415476" lat="56.6521221" lon="16.3423314" version="2" timestamp="2013-03-06T17:18:42Z" changeset="15272982" uid="233008" user="runf"/>
  <node id="1054415477" lat="56.6500241" lon="16.3348034" version="1" timestamp="2010-12-21T12:53:08Z" changeset="6724876" uid="324579" user="HaH"/>
  <node id="1054415483" lat="56.6540365" lon="16.3473259" version="1" timestamp="2010-12-21T12:53:08Z" changeset="6724876" uid="324579" user="HaH"/>
  <node id="1054415487" lat="56.6543141" lon="16.3491759" version="2" timestamp="2016-09-09T19:30:13Z" changeset="42044590" uid="812740" user="westis"/>
  <node id="1054415488" lat="56.6517210" lon="16.3388550" version="1" timestamp="2010-12-21T12:53:08Z" changeset="6724876" uid="324579" user="HaH"/>
  <node id="1054415489" lat="56.6534234" lon="16.3440616" version="1" timestamp="2010-12-21T12:53:08Z" changeset="6724876" uid="324579" user="HaH"/>
  <node id="1054415502" lat="56.6525751" lon="16.3430178" version="1" timestamp="2010-12-21T12:53:09Z" changeset="6724876" uid="324579" user="HaH"/>
  <node id="1054415513" lat="56.6557661" lon="16.3523489" version="1" timestamp="2010-12-21T12:53:09Z" changeset="6724876" uid="324579" user="HaH"/>
  <node id="1054415515" lat="56.6534841" lon="16.3443647" version="1" timestamp="2010-12-21T12:53:09Z" changeset="6724876" uid="324579" user="HaH"/>
  <node id="1054415538" lat="56.6517775" lon="16.3428848" version="1" timestamp="2010-12-21T12:53:11Z" changeset="6724876" uid="324579" user="HaH"/>
  <node id="1054415542" lat="56.6502580" lon="16.3351031" version="1" timestamp="2010-12-21T12:53:11Z" changeset="6724876" uid="324579" user="HaH"/>
  <node id="1054415550" lat="56.6540979" lon="16.3476849" version="1" timestamp="2010-12-21T12:53:12Z" changeset="6724876" uid="324579" user="HaH"/>
  <node id="1054415555" lat="56.6547778" lon="16.3504806" version="1" timestamp="2010-12-21T12:53:12Z" changeset="6724876" uid="324579" user="HaH"/>
  <node id="1054415557" lat="56.6522461" lon="16.3404403" version="1" timestamp="2010-12-21T12:53:12Z" changeset="6724876" uid="324579" user="HaH"/>
  <node id="1054415560" lat="56.6533486" lon="16.3439137" version="1" timestamp="2010-12-21T12:53:12Z" changeset="6724876" uid="324579" user="HaH"/>
  <node id="1054415582" lat="56.6512647" lon="16.3350931" version="1" timestamp="2010-12-21T12:53:13Z" changeset="6724876" uid="324579" user="HaH"/>
  <node id="1054415584" lat="56.6556411" lon="16.3530739" version="1" timestamp="2010-12-21T12:53:13Z" changeset="6724876" uid="324579" user="HaH"/>
  <node id="1054415588" lat="56.6540409" lon="16.3465001" version="1" timestamp="2010-12-21T12:53:13Z" changeset="6724876" uid="324579" user="HaH"/>
  <node id="1054415608" lat="56.6509153" lon="16.3364719" version="1" timestamp="2010-12-21T12:53:14Z" changeset="6724876" uid="324579" user="HaH"/>
  <node id="1054415611" lat="56.6517369" lon="16.3429710" version="1" timestamp="2010-12-21T12:53:14Z" changeset="6724876" uid="324579" user="HaH"/>
  <node id="1054415613" lat="56.6505834" lon="16.3358498" version="1" timestamp="2010-12-21T12:53:14Z" changeset="6724876" uid="324579" user="HaH"/>
  <node id="1054415626" lat="56.6556271" lon="16.3511924" version="1" timestamp="2010-12-21T12:53:15Z" changeset="6724876" uid="324579" user="HaH"/>
  <node id="1054415628" lat="56.6526903" lon="16.3423135" version="1" timestamp="2010-12-21T12:53:15Z" changeset="6724876" uid="324579" user="HaH"/>
  <node id="1054415629" lat="56.6535289" lon="16.3441964" version="1" timestamp="2010-12-21T12:53:15Z" changeset="6724876" uid="324579" user="HaH"/>
  <node id="1054415647" lat="56.6501120" lon="16.3341958" version="2" timestamp="2011-01-06T08:05:40Z" changeset="6879246" uid="324579" user="HaH"/>
  <node id="1054415649" lat="56.6556614" lon="16.3529301" version="1" timestamp="2010-12-21T12:53:16Z" changeset="6724876" uid="324579" user="HaH"/>
  <node id="1054415651" lat="56.6540335" lon="16.3469795" version="1" timestamp="2010-12-21T12:53:16Z" changeset="6724876" uid="324579" user="HaH"/>
  <node id="1054415654" lat="56.6542529" lon="16.3482627" version="1" timestamp="2010-12-21T12:53:16Z" changeset="6724876" uid="324579" user="HaH"/>
  <node id="1054415660" lat="56.6518326" lon="16.3390977" version="1" timestamp="2010-12-21T12:53:17Z" changeset="6724876" uid="324579" user="HaH"/>
  <node id="1054415673" lat="56.6508139" lon="16.3370139" version="1" timestamp="2010-12-21T12:53:17Z" changeset="6724876" uid="324579" user="HaH"/>
  <node id="1054415680" lat="56.6521825" lon="16.3430658" version="1" timestamp="2010-12-21T12:53:17Z" changeset="6724876" uid="324579" user="HaH"/>
  <node id="1054415699" lat="56.6557444" lon="16.3519105" version="1" timestamp="2010-12-21T12:53:18Z" changeset="6724876" uid="324579" user="HaH"/>
  <node id="1054415702" lat="56.6526282" lon="16.3423795" version="1" timestamp="2010-12-21T12:53:18Z" changeset="6724876" uid="324579" user="HaH"/>
  <node id="1054415706" lat="56.6537680" lon="16.3454842" version="1" timestamp="2010-12-21T12:53:18Z" changeset="6724876" uid="324579" user="HaH"/>
  <node id="1054415721" lat="56.6522394" lon="16.3423285" version="1" timestamp="2010-12-21T12:53:19Z" changeset="6724876" uid="324579" user="HaH"/>
  <node id="1054415722" lat="56.6503600" lon="16.3351611" version="1" timestamp="2010-12-21T12:53:19Z" changeset="6724876" uid="324579" user="HaH"/>
  <node id="1054415726" lat="56.6556338" lon="16.3538815" version="1" timestamp="2010-12-21T12:53:19Z" changeset="6724876" uid="324579" user="HaH"/>
  <node id="1054415729" lat="56.6541199" lon="16.3475941" version="1" timestamp="2010-12-21T12:53:19Z" changeset="6724876" uid="324579" user="HaH"/>
  <node id="1054415744" lat="56.6549067" lon="16.3507986" version="1" timestamp="2010-12-21T12:53:19Z" changeset="6724876" uid="324579" user="HaH"/>
  <node id="1054415751" lat="56.6520762" lon="16.3397751" version="1" timestamp="2010-12-21T12:53:20Z" changeset="6724876" uid="324579" user="HaH"/>
  <node id="1054415754" lat="56.6528935" lon="16.3434266" version="1" timestamp="2010-12-21T12:53:20Z" changeset="6724876" uid="324579" user="HaH"/>
  <node id="1054415788" lat="56.6556610" lon="16.3515955" version="1" timestamp="2010-12-21T12:53:21Z" changeset="6724876" uid="324579" user="HaH"/>
  <node id="1054415794" lat="56.6540243" lon="16.3461759" version="1" timestamp="2010-12-21T12:53:21Z" changeset="6724876" uid="324579" user="HaH"/>
  <node id="1054415802" lat="56.6506986" lon="16.3373597" version="1" timestamp="2010-12-21T12:53:21Z" changeset="6724876" uid="324579" user="HaH"/>
  <node id="1054415819" lat="56.6519316" lon="16.3420635" version="1" timestamp="2010-12-21T12:53:22Z" changeset="6724876" uid="324579" user="HaH"/>
  <node id="1054415821" lat="56.6506145" lon="16.3355253" version="2" timestamp="2019-08-07T07:21:50Z" changeset="73096040" uid="12294" user="izzor"/>
  <node id="1054415824" lat="56.6540546" lon="16.3479821" version="1" timestamp="2010-12-21T12:53:22Z" changeset="6724876" uid="324579" user="HaH"/>
  <node id="1054415829" lat="56.6555786" lon="16.3505124" version="1" timestamp="2010-12-21T12:53:22Z" changeset="6724876" uid="324579" user="HaH"/>
  <node id="1054415838" lat="56.6520044" lon="16.3397151" version="1" timestamp="2010-12-21T12:53:22Z" changeset="6724876" uid="324579" user="HaH"/>
  <node id="1054415845" lat="56.6534400" lon="16.3441232" version="1" timestamp="2010-12-21T12:53:23Z" changeset="6724876" uid="324579" user="HaH"/>
  <node id="1054415878" lat="56.6500259" lon="16.3345842" version="1" timestamp="2010-12-21T12:53:24Z" changeset="6724876" uid="324579" user="HaH"/>
  <node id="1054415882" lat="56.6555815" lon="16.3531424" version="1" timestamp="2010-12-21T12:53:24Z" changeset="6724876" uid="324579" user="HaH"/>
  <node id="1054415886" lat="56.6539879" lon="16.3460944" version="1" timestamp="2010-12-21T12:53:24Z" changeset="6724876" uid="324579" user="HaH"/>
  <node id="1054415892" lat="56.6542230" lon="16.3481200" version="1" timestamp="2010-12-21T12:53:24Z" changeset="6724876" uid="324579" user="HaH"/>
  <node id="1054415896" lat="56.6512965" lon="16.3384665" version="1" timestamp="2010-12-21T12:53:24Z" changeset="6724876" uid="324579" user="HaH"/>
  <node id="1054415914" lat="56.6523087" lon="16.3433729" version="1" timestamp="2010-12-21T12:53:25Z" changeset="6724876" uid="324579" user="HaH"/>
  <node id="1054415915" lat="56.6506582" lon="16.3360714" version="2" timestamp="2019-08-07T07:21:50Z" changeset="73096040" uid="12294" user="izzor"/>
  <node id="1054415924" lat="56.6555907" lon="16.3506448" version="1" timestamp="2010-12-21T12:53:26Z" changeset="6724876" uid="324579" user="HaH"/>
  <node id="1054415928" lat="56.6526138" lon="16.3415857" version="1" timestamp="2010-12-21T12:53:26Z" changeset="6724876" uid="324579" user="HaH"/>
  <node id="1054415943" lat="56.6534975" lon="16.3445750" version="1" timestamp="2010-12-21T12:53:26Z" changeset="6724876" uid="324579" user="HaH"/>
  <node id="1054496897" lat="56.6582373" lon="16.3574373" version="1" timestamp="2010-12-21T13:43:27Z" changeset="6725255" uid="324579" user="HaH"/>
  <node id="1054496923" lat="56.6574126" lon="16.3580683" version="1" timestamp="2010-12-21T13:43:27Z" changeset="6725255" uid="324579" user="HaH"/>
  <node id="1054496924" lat="56.6582471" lon="16.3579323" version="1" timestamp="2010-12-21T13:43:27Z" changeset="6725255" uid="324579" user="HaH"/>
  <node id="1054496925" lat="56.6578926" lon="16.3576585" version="1" timestamp="2010-12-21T13:43:27Z" changeset="6725255" uid="324579" user="HaH"/>
  <node id="1054496926" lat="56.6570841" lon="16.3572321" version="1" timestamp="2010-12-21T13:43:27Z" changeset="6725255" uid="324579" user="HaH"/>
  <node id="1054496929" lat="56.6569760" lon="16.3575330" version="1" timestamp="2010-12-21T13:43:27Z" changeset="6725255" uid="324579" user="HaH"/>
  <node id="1054496933" lat="56.6580183" lon="16.3573280" version="1" timestamp="2010-12-21T13:43:27Z" changeset="6725255" uid="324579" user="HaH"/>
  <node id="1054496938" lat="56.6582954" lon="16.3577191" version="1" timestamp="2010-12-21T13:43:27Z" changeset="6725255" uid="324579" user="HaH"/>
  <node id="1054496965" lat="56.6579649" lon="16.3574162" version="1" timestamp="2010-12-21T13:43:28Z" changeset="6725255" uid="324579" user="HaH"/>
  <node id="1054496967" lat="56.6579278" lon="16.3575827" version="1" timestamp="2010-12-21T13:43:28Z" changeset="6725255" uid="324579" user="HaH"/>
  <node id="1054496970" lat="56.6579218" lon="16.3581082" version="1" timestamp="2010-12-21T13:43:28Z" changeset="6725255" uid="324579" user="HaH"/>
  <node id="1054496972" lat="56.6579769" lon="16.3575547" version="1" timestamp="2010-12-21T13:43:28Z" changeset="6725255" uid="324579" user="HaH"/>
  <node id="1054496973" lat="56.6578863" lon="16.3578793" version="1" timestamp="2010-12-21T13:43:28Z" changeset="6725255" uid="324579" user="HaH"/>
  <node id="1054496975" lat="56.6572821" lon="16.3578105" version="1" timestamp="2010-12-21T13:43:28Z" changeset="6725255" uid="324579" user="HaH"/>
  <node id="1054496977" lat="56.6580173" lon="16.3581545" version="1" timestamp="2010-12-21T13:43:28Z" changeset="6725255" uid="324579" user="HaH"/>
  <node id="1054496979" lat="56.6581222" lon="16.3581114" version="1" timestamp="2010-12-21T13:43:28Z" changeset="6725255" uid="324579" user="HaH"/>
  <node id="1056091182" lat="56.6623952" lon="16.3584584" version="1" timestamp="2010-12-22T07:27:19Z" changeset="6732727" uid="324579" user="HaH"/>
  <node id="1056091202" lat="56.6625000" lon="16.3581058" version="6" timestamp="2018-02-28T08:08:52Z" changeset="56746844" uid="12294" user="izzor"/>
  <node id="1056091207" lat="56.6612378" lon="16.3587728" version="3" timestamp="2026-06-27T19:08:49Z" changeset="184709014" uid="83501" user="riiga"/>
  <node id="1056091215" lat="56.6598627" lon="16.3599305" version="3" timestamp="2026-06-27T19:08:49Z" changeset="184709014" uid="83501" user="riiga"/>
  <node id="1056091231" lat="56.6623849" lon="16.3585628" version="1" timestamp="2010-12-22T07:27:22Z" changeset="6732727" uid="324579" user="HaH"/>
  <node id="1056091242" lat="56.6590774" lon="16.3599923" version="4" timestamp="2025-05-24T12:55:21Z" changeset="166696346" uid="20259094" user="MtbBob"/>
  <node id="1056091245" lat="56.6606116" lon="16.3596418" version="2" timestamp="2016-08-25T07:10:11Z" changeset="41680261" uid="12294" user="izzor"/>
  <node id="1056091254" lat="56.6622674" lon="16.3573285" version="2" timestamp="2012-03-14T15:19:13Z" changeset="10978886" uid="12294" user="izzor"/>
  <node id="1056091256" lat="56.6620633" lon="16.3580147" version="1" timestamp="2010-12-22T07:27:24Z" changeset="6732727" uid="324579" user="HaH"/>
  <node id="1056091258" lat="56.6612809" lon="16.3588428" version="3" timestamp="2026-06-27T19:08:49Z" changeset="184709014" uid="83501" user="riiga"/>
  <node id="1056091263" lat="56.6603407" lon="16.3595350" version="1" timestamp="2010-12-22T07:27:25Z" changeset="6732727" uid="324579" user="HaH"/>
  <node id="1056091278" lat="56.6620226" lon="16.3573007" version="1" timestamp="2010-12-22T07:27:26Z" changeset="6732727" uid="324579" user="HaH"/>
  <node id="1056091305" lat="56.6621712" lon="16.3581050" version="1" timestamp="2010-12-22T07:27:27Z" changeset="6732727" uid="324579" user="HaH"/>
  <node id="1056091308" lat="56.6611415" lon="16.3593654" version="3" timestamp="2026-06-27T19:08:49Z" changeset="184709014" uid="83501" user="riiga"/>
  <node id="1056091315" lat="56.6604399" lon="16.3594047" version="1" timestamp="2010-12-22T07:27:28Z" changeset="6732727" uid="324579" user="HaH"/>
  <node id="1056091321" lat="56.6605579" lon="16.3592380" version="1" timestamp="2010-12-22T07:27:28Z" changeset="6732727" uid="324579" user="HaH"/>
  <node id="1056091352" lat="56.6622248" lon="16.3580431" version="1" timestamp="2010-12-22T07:27:30Z" changeset="6732727" uid="324579" user="HaH"/>
  <node id="1056091355" lat="56.6609934" lon="16.3599290" version="3" timestamp="2026-06-27T19:08:49Z" changeset="184709014" uid="83501" user="riiga"/>
  <node id="1056091369" lat="56.6606469" lon="16.3590941" version="2" timestamp="2026-06-27T19:08:49Z" changeset="184709014" uid="83501" user="riiga"/>
  <node id="1056091370" lat="56.6622838" lon="16.3578862" version="7" timestamp="2018-02-28T08:08:52Z" changeset="56746844" uid="12294" user="izzor"/>
  <node id="1056091384" lat="56.6613074" lon="16.3573466" version="2" timestamp="2021-08-04T20:40:35Z" changeset="109163995" uid="159302" user="osmium"/>
  <node id="1056091387" lat="56.6599420" lon="16.3602759" version="3" timestamp="2026-06-27T19:08:49Z" changeset="184709014" uid="83501" user="riiga"/>
  <node id="1056345464" lat="56.6602043" lon="16.3593192" version="2" timestamp="2021-08-04T20:40:35Z" changeset="109163995" uid="159302" user="osmium"/>
  <node id="1056345465" lat="56.6591573" lon="16.3590698" version="1" timestamp="2010-12-22T10:08:23Z" changeset="6733780" uid="324579" user="HaH"/>
  <node id="1056345472" lat="56.6613296" lon="16.3581350" version="1" timestamp="2010-12-22T10:08:23Z" changeset="6733780" uid="324579" user="HaH"/>
  <node id="1056345477" lat="56.6585992" lon="16.3597604" version="2" timestamp="2021-08-04T20:40:35Z" changeset="109163995" uid="159302" user="osmium"/>
  <node id="1056345485" lat="56.6601086" lon="16.3594311" version="1" timestamp="2010-12-22T10:08:23Z" changeset="6733780" uid="324579" user="HaH"/>
  <node id="1056345491" lat="56.6598065" lon="16.3588481" version="1" timestamp="2010-12-22T10:08:23Z" changeset="6733780" uid="324579" user="HaH"/>
  <node id="1056345496" lat="56.6611830" lon="16.3578436" version="1" timestamp="2010-12-22T10:08:24Z" changeset="6733780" uid="324579" user="HaH"/>
  <node id="1056345509" lat="56.6605952" lon="16.3597484" version="3" timestamp="2021-04-09T19:44:24Z" changeset="102667383" uid="159302" user="osmium"/>
  <node id="1056345511" lat="56.6598238" lon="16.3605093" version="1" timestamp="2010-12-22T10:08:24Z" changeset="6733780" uid="324579" user="HaH"/>
  <node id="1056345515" lat="56.6593604" lon="16.3595006" version="2" timestamp="2020-07-12T17:19:24Z" changeset="87884190" uid="812740" user="westis"/>
  <node id="1056345522" lat="56.6602147" lon="16.3600259" version="3" timestamp="2021-04-09T19:44:24Z" changeset="102667383" uid="159302" user="osmium"/>
  <node id="1056345530" lat="56.6595264" lon="16.3597219" version="2" timestamp="2021-08-04T20:40:35Z" changeset="109163995" uid="159302" user="osmium"/>
  <node id="1056345532" lat="56.6612368" lon="16.3576152" version="1" timestamp="2010-12-22T10:08:24Z" changeset="6733780" uid="324579" user="HaH"/>
  <node id="1056345538" lat="56.6590989" lon="16.3584716" version="1" timestamp="2010-12-22T10:08:24Z" changeset="6733780" uid="324579" user="HaH"/>
  <node id="1056345554" lat="56.6582004" lon="16.3598059" version="1" timestamp="2010-12-22T10:08:24Z" changeset="6733780" uid="324579" user="HaH"/>
  <node id="1056345563" lat="56.6605592" lon="16.3588363" version="2" timestamp="2021-08-04T20:40:35Z" changeset="109163995" uid="159302" user="osmium"/>
  <node id="1056345570" lat="56.6598428" lon="16.3596123" version="2" timestamp="2021-08-04T20:40:35Z" changeset="109163995" uid="159302" user="osmium"/>
  <node id="1056345574" lat="56.6589053" lon="16.3586598" version="1" timestamp="2010-12-22T10:08:25Z" changeset="6733780" uid="324579" user="HaH"/>
  <node id="1056345576" lat="56.6593954" lon="16.3592020" version="3" timestamp="2021-08-04T20:40:35Z" changeset="109163995" uid="159302" user="osmium"/>
  <node id="1056345584" lat="56.6598933" lon="16.3593400" version="1" timestamp="2010-12-22T10:08:25Z" changeset="6733780" uid="324579" user="HaH"/>
  <node id="1056345585" lat="56.6599917" lon="16.3606401" version="3" timestamp="2021-04-09T19:44:24Z" changeset="102667383" uid="159302" user="osmium"/>
  <node id="1056345591" lat="56.6604207" lon="16.3592959" version="2" timestamp="2026-06-27T19:08:49Z" changeset="184709014" uid="83501" user="riiga"/>
  <node id="1056345601" lat="56.6588953" lon="16.3584473" version="1" timestamp="2010-12-22T10:08:26Z" changeset="6733780" uid="324579" user="HaH"/>
  <node id="1056345603" lat="56.6592741" lon="16.3588663" version="1" timestamp="2010-12-22T10:08:26Z" changeset="6733780" uid="324579" user="HaH"/>
  <node id="1056345605" lat="56.6596921" lon="16.3604433" version="3" timestamp="2026-06-27T19:08:49Z" changeset="184709014" uid="83501" user="riiga"/>
  <node id="1056345607" lat="56.6581893" lon="16.3596194" version="1" timestamp="2010-12-22T10:08:26Z" changeset="6733780" uid="324579" user="HaH"/>
  <node id="1056345615" lat="56.6604207" lon="16.3591032" version="1" timestamp="2010-12-22T10:08:26Z" changeset="6733780" uid="324579" user="HaH"/>
  <node id="1056345619" lat="56.6600326" lon="16.3594616" version="2" timestamp="2021-08-04T20:40:35Z" changeset="109163995" uid="159302" user="osmium"/>
  <node id="1056345620" lat="56.6607795" lon="16.3580070" version="1" timestamp="2010-12-22T10:08:26Z" changeset="6733780" uid="324579" user="HaH"/>
  <node id="1056345622" lat="56.6595534" lon="16.3599799" version="10" timestamp="2026-06-27T19:08:49Z" changeset="184709014" uid="83501" user="riiga"/>
  <node id="1056345626" lat="56.6590939" lon="16.3585171" version="1" timestamp="2010-12-22T10:08:26Z" changeset="6733780" uid="324579" user="HaH"/>
  <node id="1056345628" lat="56.6591122" lon="16.3590789" version="1" timestamp="2010-12-22T10:08:26Z" changeset="6733780" uid="324579" user="HaH"/>
  <node id="1056345630" lat="56.6606359" lon="16.3598820" version="4" timestamp="2021-04-09T19:44:24Z" changeset="102667383" uid="159302" user="osmium"/>
  <node id="1056345639" lat="56.6595469" lon="16.3598269" version="6" timestamp="2023-04-17T19:22:59Z" changeset="135029166" uid="17921090" user="541074">
    <tag k="bicycle" v="yes"/>
    <tag k="button_operated" v="yes"/>
    <tag k="crossing" v="traffic_signals"/>
    <tag k="crossing_ref" v="zebra"/>
    <tag k="highway" v="traffic_signals"/>
    <tag k="tactile_paving" v="yes"/>
    <tag k="traffic_signals:sound" v="yes"/>
  </node>
  <node id="1056345651" lat="56.6600749" lon="16.3596421" version="2" timestamp="2026-06-27T19:08:49Z" changeset="184709014" uid="83501" user="riiga"/>
  <node id="1056345652" lat="56.6596537" lon="16.3596823" version="2" timestamp="2021-08-04T20:40:35Z" changeset="109163995" uid="159302" user="osmium"/>
  <node id="1056345663" lat="56.6602335" lon="16.3600849" version="3" timestamp="2021-04-09T19:44:24Z" changeset="102667383" uid="159302" user="osmium"/>
  <node id="1056345665" lat="56.6591936" lon="16.3593727" version="3" timestamp="2021-08-04T20:40:35Z" changeset="109163995" uid="159302" user="osmium"/>
  <node id="1056345669" lat="56.6599446" lon="16.3587309" version="1" timestamp="2010-12-22T10:08:27Z" changeset="6733780" uid="324579" user="HaH"/>
  <node id="1056345670" lat="56.6603065" lon="16.3603227" version="3" timestamp="2021-04-09T19:44:24Z" changeset="102667383" uid="159302" user="osmium"/>
  <node id="1056345671" lat="56.6589320" lon="16.3594737" version="1" timestamp="2010-12-22T10:08:27Z" changeset="6733780" uid="324579" user="HaH"/>
  <node id="1056345690" lat="56.6589286" lon="16.3583046" version="1" timestamp="2010-12-22T10:08:28Z" changeset="6733780" uid="324579" user="HaH"/>
  <node id="1056345692" lat="56.6592741" lon="16.3589453" version="1" timestamp="2010-12-22T10:08:28Z" changeset="6733780" uid="324579" user="HaH"/>
  <node id="1056345706" lat="56.6595857" lon="16.3601540" version="2" timestamp="2019-08-09T21:58:18Z" changeset="73208978" uid="12294" user="izzor"/>
  <node id="1056345711" lat="56.6576454" lon="16.3599176" version="2" timestamp="2012-03-14T15:19:13Z" changeset="10978886" uid="12294" user="izzor"/>
  <node id="1056345714" lat="56.6603005" lon="16.3592581" version="1" timestamp="2010-12-22T10:08:28Z" changeset="6733780" uid="324579" user="HaH"/>
  <node id="1056345727" lat="56.6603582" lon="16.3591572" version="2" timestamp="2021-08-04T20:40:35Z" changeset="109163995" uid="159302" user="osmium"/>
  <node id="1056345729" lat="56.6590721" lon="16.3597439" version="2" timestamp="2021-08-04T20:40:35Z" changeset="109163995" uid="159302" user="osmium"/>
  <node id="1056345736" lat="56.6591807" lon="16.3587206" version="1" timestamp="2010-12-22T10:08:28Z" changeset="6733780" uid="324579" user="HaH"/>
  <node id="1056345738" lat="56.6590021" lon="16.3589240" version="1" timestamp="2010-12-22T10:08:28Z" changeset="6733780" uid="324579" user="HaH"/>
  <node id="1056345756" lat="56.6595450" lon="16.3596933" version="3" timestamp="2021-08-04T20:40:35Z" changeset="109163995" uid="159302" user="osmium"/>
  <node id="1056345761" lat="56.6597316" lon="16.3605794" version="2" timestamp="2026-06-27T19:08:49Z" changeset="184709014" uid="83501" user="riiga"/>
  <node id="1056345763" lat="56.6592766" lon="16.3593231" version="3" timestamp="2021-08-04T20:40:35Z" changeset="109163995" uid="159302" user="osmium"/>
  <node id="1056345766" lat="56.6592244" lon="16.3592776" version="3" timestamp="2021-08-04T20:40:35Z" changeset="109163995" uid="159302" user="osmium"/>
  <node id="1056345768" lat="56.6585448" lon="16.3595556" version="1" timestamp="2010-12-22T10:08:29Z" changeset="6733780" uid="324579" user="HaH"/>
  <node id="1056345771" lat="56.6589654" lon="16.3582803" version="1" timestamp="2010-12-22T10:08:29Z" changeset="6733780" uid="324579" user="HaH"/>
  <node id="1056345772" lat="56.6598666" lon="16.3595732" version="2" timestamp="2021-08-04T20:40:35Z" changeset="109163995" uid="159302" user="osmium"/>
  <node id="1056345773" lat="56.6592240" lon="16.3590212" version="1" timestamp="2010-12-22T10:08:29Z" changeset="6733780" uid="324579" user="HaH"/>
  <node id="1056345780" lat="56.6603072" lon="16.3584230" version="1" timestamp="2010-12-22T10:08:30Z" changeset="6733780" uid="324579" user="HaH"/>
  <node id="1056345784" lat="56.6614436" lon="16.3574181" version="2" timestamp="2021-08-04T20:40:35Z" changeset="109163995" uid="159302" user="osmium"/>
  <node id="1056345785" lat="56.6612390" lon="16.3579590" version="4" timestamp="2026-06-27T19:08:49Z" changeset="184709014" uid="83501" user="riiga">
    <tag k="crossing" v="uncontrolled"/>
    <tag k="crossing:island" v="yes"/>
    <tag k="crossing_ref" v="zebra"/>
    <tag k="highway" v="crossing"/>
    <tag k="tactile_paving" v="yes"/>
  </node>
  <node id="1056345789" lat="56.6592190" lon="16.3587540" version="1" timestamp="2010-12-22T10:08:30Z" changeset="6733780" uid="324579" user="HaH"/>
  <node id="1056345790" lat="56.6598968" lon="16.3603501" version="3" timestamp="2021-04-09T19:44:24Z" changeset="102667383" uid="159302" user="osmium"/>
  <node id="1056345795" lat="56.6595348" lon="16.3596540" version="4" timestamp="2021-08-04T20:40:35Z" changeset="109163995" uid="159302" user="osmium"/>
  <node id="1056345798" lat="56.6613502" lon="16.3575809" version="2" timestamp="2021-08-04T20:40:35Z" changeset="109163995" uid="159302" user="osmium"/>
  <node id="1056345802" lat="56.6591708" lon="16.3590367" version="3" timestamp="2021-08-04T20:40:35Z" changeset="109163995" uid="159302" user="osmium"/>
  <node id="1057356260" lat="56.6579378" lon="16.3596580" version="1" timestamp="2010-12-22T18:34:17Z" changeset="6738384" uid="324579" user="HaH"/>
  <node id="1057356277" lat="56.6626518" lon="16.3578077" version="2" timestamp="2018-02-28T08:08:52Z" changeset="56746844" uid="12294" user="izzor"/>
  <node id="1057356286" lat="56.6580546" lon="16.3588715" version="1" timestamp="2010-12-22T18:34:17Z" changeset="6738384" uid="324579" user="HaH"/>
  <node id="1057356315" lat="56.6600074" lon="16.3611071" version="3" timestamp="2020-03-10T10:27:36Z" changeset="82003563" uid="3301825" user="Grauer Elefant"/>
  <node id="1057356317" lat="56.6578569" lon="16.3589236" version="2" timestamp="2021-08-04T20:40:35Z" changeset="109163995" uid="159302" user="osmium"/>
  <node id="1057356342" lat="56.6579361" lon="16.3596094" version="1" timestamp="2010-12-22T18:34:19Z" changeset="6738384" uid="324579" user="HaH"/>
  <node id="1057356343" lat="56.6626072" lon="16.3577839" version="2" timestamp="2018-02-28T08:08:52Z" changeset="56746844" uid="12294" user="izzor"/>
  <node id="1057356360" lat="56.6581314" lon="16.3590385" version="1" timestamp="2010-12-22T18:34:19Z" changeset="6738384" uid="324579" user="HaH"/>
  <node id="1057356365" lat="56.6581648" lon="16.3591873" version="1" timestamp="2010-12-22T18:34:19Z" changeset="6738384" uid="324579" user="HaH"/>
  <node id="1057356368" lat="56.6647722" lon="16.3578971" version="1" timestamp="2010-12-22T18:34:19Z" changeset="6738384" uid="324579" user="HaH"/>
  <node id="1057356386" lat="56.6599508" lon="16.3610692" version="3" timestamp="2026-06-27T19:08:49Z" changeset="184709014" uid="83501" user="riiga"/>
  <node id="1057356391" lat="56.6616504" lon="16.3572393" version="1" timestamp="2010-12-22T18:34:20Z" changeset="6738384" uid="324579" user="HaH"/>
  <node id="1057356411" lat="56.6579049" lon="16.3594388" version="2" timestamp="2021-08-04T20:40:35Z" changeset="109163995" uid="159302" user="osmium"/>
  <node id="1057356414" lat="56.6629089" lon="16.3581612" version="2" timestamp="2018-02-28T08:08:52Z" changeset="56746844" uid="12294" user="izzor"/>
  <node id="1057356421" lat="56.6578409" lon="16.3592547" version="2" timestamp="2021-08-04T20:40:35Z" changeset="109163995" uid="159302" user="osmium"/>
  <node id="1057356427" lat="56.6598257" lon="16.3597766" version="3" timestamp="2026-06-27T19:08:49Z" changeset="184709014" uid="83501" user="riiga"/>
  <node id="1057356446" lat="56.6581898" lon="16.3593543" version="1" timestamp="2010-12-22T18:34:21Z" changeset="6738384" uid="324579" user="HaH"/>
  <node id="1057356451" lat="56.6641374" lon="16.3579021" version="1" timestamp="2010-12-22T18:34:21Z" changeset="6738384" uid="324579" user="HaH"/>
  <node id="1057356475" lat="56.6579295" lon="16.3588533" version="1" timestamp="2010-12-22T18:34:22Z" changeset="6738384" uid="324579" user="HaH"/>
  <node id="1057356479" lat="56.6623287" lon="16.3575058" version="2" timestamp="2012-03-14T15:19:13Z" changeset="10978886" uid="12294" user="izzor"/>
  <node id="1057356524" lat="56.6631347" lon="16.3583813" version="1" timestamp="2010-12-22T18:34:23Z" changeset="6738384" uid="324579" user="HaH"/>
  <node id="1057356543" lat="56.6578249" lon="16.3591147" version="2" timestamp="2021-08-04T20:40:35Z" changeset="109163995" uid="159302" user="osmium"/>
  <node id="1057356550" lat="56.6597920" lon="16.3596354" version="2" timestamp="2021-08-04T20:40:35Z" changeset="109163995" uid="159302" user="osmium"/>
  <node id="1057356554" lat="56.6644084" lon="16.3577906" version="1" timestamp="2010-12-22T18:34:24Z" changeset="6738384" uid="324579" user="HaH"/>
  <node id="1057356573" lat="56.6579929" lon="16.3588290" version="1" timestamp="2010-12-22T18:34:25Z" changeset="6738384" uid="324579" user="HaH"/>
  <node id="1057356604" lat="56.6578366" lon="16.3590124" version="2" timestamp="2021-08-04T20:40:35Z" changeset="109163995" uid="159302" user="osmium"/>
  <node id="1057445963" lat="56.6613542" lon="16.3673652" version="1" timestamp="2010-12-22T19:32:58Z" changeset="6738930" uid="324579" user="HaH"/>
  <node id="1057445967" lat="56.6610934" lon="16.3668372" version="1" timestamp="2010-12-22T19:32:58Z" changeset="6738930" uid="324579" user="HaH"/>
  <node id="1057446024" lat="56.6611784" lon="16.3667004" version="1" timestamp="2010-12-22T19:32:59Z" changeset="6738930" uid="324579" user="HaH"/>
  <node id="1057446030" lat="56.6611453" lon="16.3670001" version="1" timestamp="2010-12-22T19:32:59Z" changeset="6738930" uid="324579" user="HaH"/>
  <node id="1057446035" lat="56.6612950" lon="16.3672926" version="1" timestamp="2010-12-22T19:32:59Z" changeset="6738930" uid="324579" user="HaH"/>
  <node id="1057446076" lat="56.6613163" lon="16.3670612" version="1" timestamp="2010-12-22T19:33:00Z" changeset="6738930" uid="324579" user="HaH"/>
  <node id="1057446111" lat="56.6612098" lon="16.3670448" version="1" timestamp="2010-12-22T19:33:00Z" changeset="6738930" uid="324579" user="HaH"/>
  <node id="1057446119" lat="56.6612346" lon="16.3679633" version="1" timestamp="2010-12-22T19:33:00Z" changeset="6738930" uid="324579" user="HaH"/>
  <node id="1057446150" lat="56.6612315" lon="16.3671234" version="1" timestamp="2010-12-22T19:33:01Z" changeset="6738930" uid="324579" user="HaH"/>
  <node id="1057446165" lat="56.6612682" lon="16.3671172" version="1" timestamp="2010-12-22T19:33:01Z" changeset="6738930" uid="324579" user="HaH"/>
  <node id="1057446186" lat="56.6612978" lon="16.3679813" version="1" timestamp="2010-12-22T19:33:02Z" changeset="6738930" uid="324579" user="HaH"/>
  <node id="1057446192" lat="56.6611207" lon="16.3666652" version="1" timestamp="2010-12-22T19:33:02Z" changeset="6738930" uid="324579" user="HaH"/>
  <node id="1057446195" lat="56.6613379" lon="16.3670964" version="1" timestamp="2010-12-22T19:33:02Z" changeset="6738930" uid="324579" user="HaH"/>
  <node id="1057446223" lat="56.6613019" lon="16.3670912" version="1" timestamp="2010-12-22T19:33:02Z" changeset="6738930" uid="324579" user="HaH"/>
  <node id="1057446228" lat="56.6611491" lon="16.3668799" version="1" timestamp="2010-12-22T19:33:02Z" changeset="6738930" uid="324579" user="HaH"/>
  <node id="1057446232" lat="56.6613368" lon="16.3671703" version="1" timestamp="2010-12-22T19:33:02Z" changeset="6738930" uid="324579" user="HaH"/>
  <node id="1057446249" lat="56.6613260" lon="16.3672693" version="1" timestamp="2010-12-22T19:33:03Z" changeset="6738930" uid="324579" user="HaH"/>
  <node id="1058846114" lat="56.6612997" lon="16.3567983" version="1" timestamp="2010-12-23T10:02:35Z" changeset="6743641" uid="12294" user="izzor"/>
  <node id="1058846180" lat="56.6598905" lon="16.3550820" version="1" timestamp="2010-12-23T10:02:38Z" changeset="6743641" uid="12294" user="izzor"/>
  <node id="1058846218" lat="56.6589847" lon="16.3543364" version="1" timestamp="2010-12-23T10:02:39Z" changeset="6743641" uid="12294" user="izzor"/>
  <node id="1058846232" lat="56.6613185" lon="16.3552423" version="2" timestamp="2012-02-06T20:00:41Z" changeset="10606411" uid="12294" user="izzor"/>
  <node id="1058846470" lat="56.6599768" lon="16.3551264" version="1" timestamp="2010-12-23T10:02:49Z" changeset="6743641" uid="12294" user="izzor"/>
  <node id="1058846498" lat="56.6597122" lon="16.3540431" version="2" timestamp="2011-01-04T07:26:39Z" changeset="6857750" uid="324579" user="HaH"/>
  <node id="1058846597" lat="56.6602010" lon="16.3551854" version="2" timestamp="2012-06-27T17:49:49Z" changeset="12039134" uid="324579" user="HaH"/>
  <node id="1058846653" lat="56.6605652" lon="16.3556567" version="2" timestamp="2010-12-27T19:41:25Z" changeset="6781362" uid="12294" user="izzor"/>
  <node id="1058846841" lat="56.6615800" lon="16.3553265" version="3" timestamp="2021-08-04T20:40:35Z" changeset="109163995" uid="159302" user="osmium"/>
  <node id="1058846882" lat="56.6608862" lon="16.3548516" version="3" timestamp="2025-09-29T07:43:52Z" changeset="172597868" uid="156646" user="archie"/>
  <node id="1058846920" lat="56.6616960" lon="16.3568608" version="2" timestamp="2021-08-04T20:40:35Z" changeset="109163995" uid="159302" user="osmium"/>
  <node id="1058847008" lat="56.6600717" lon="16.3542762" version="1" timestamp="2010-12-23T10:03:03Z" changeset="6743641" uid="12294" user="izzor"/>
  <node id="1058847087" lat="56.6587856" lon="16.3533488" version="2" timestamp="2012-02-06T20:00:41Z" changeset="10606411" uid="12294" user="izzor"/>
  <node id="1058847100" lat="56.6598552" lon="16.3540492" version="2" timestamp="2011-01-04T07:26:39Z" changeset="6857750" uid="324579" user="HaH"/>
  <node id="1058847142" lat="56.6590516" lon="16.3528661" version="3" timestamp="2021-08-04T20:40:35Z" changeset="109163995" uid="159302" user="osmium"/>
  <node id="1058847197" lat="56.6609934" lon="16.3552206" version="1" timestamp="2010-12-23T10:03:09Z" changeset="6743641" uid="12294" user="izzor"/>
  <node id="1058847213" lat="56.6617647" lon="16.3566469" version="2" timestamp="2020-11-19T20:17:03Z" changeset="94459281" uid="159302" user="osmium"/>
  <node id="1058847305" lat="56.6588980" lon="16.3539299" version="3" timestamp="2020-11-19T20:13:43Z" changeset="94459151" uid="159302" user="osmium"/>
  <node id="1058847331" lat="56.6597530" lon="16.3539286" version="2" timestamp="2011-01-04T07:26:38Z" changeset="6857750" uid="324579" user="HaH"/>
  <node id="1058847403" lat="56.6600297" lon="16.3540012" version="2" timestamp="2021-08-04T20:40:35Z" changeset="109163995" uid="159302" user="osmium"/>
  <node id="1058847579" lat="56.6610244" lon="16.3567546" version="1" timestamp="2010-12-23T10:03:19Z" changeset="6743641" uid="12294" user="izzor"/>
  <node id="1058847625" lat="56.6600861" lon="16.3551264" version="1" timestamp="2010-12-23T10:03:20Z" changeset="6743641" uid="12294" user="izzor"/>
  <node id="1058847728" lat="56.6592231" lon="16.3554807" version="1" timestamp="2010-12-23T10:03:23Z" changeset="6743641" uid="12294" user="izzor"/>
  <node id="1058847771" lat="56.6602879" lon="16.3552307" version="2" timestamp="2012-06-27T17:49:49Z" changeset="12039134" uid="324579" user="HaH"/>
  <node id="1058847849" lat="56.6617224" lon="16.3568858" version="1" timestamp="2010-12-23T10:03:25Z" changeset="6743641" uid="12294" user="izzor"/>
  <node id="1058848045" lat="56.6588495" lon="16.3535976" version="2" timestamp="2020-11-19T20:13:43Z" changeset="94459151" uid="159302" user="osmium"/>
  <node id="1058848072" lat="56.6600163" lon="16.3541359" version="2" timestamp="2021-08-04T20:40:35Z" changeset="109163995" uid="159302" user="osmium"/>
  <node id="1058848096" lat="56.6607199" lon="16.3547923" version="3" timestamp="2021-08-04T20:40:35Z" changeset="109163995" uid="159302" user="osmium"/>
  <node id="1058848099" lat="56.6608556" lon="16.3550908" version="2" timestamp="2020-11-19T20:13:43Z" changeset="94459151" uid="159302" user="osmium"/>
  <node id="1058848119" lat="56.6604355" lon="16.3566611" version="1" timestamp="2010-12-23T10:03:32Z" changeset="6743641" uid="12294" user="izzor"/>
  <node id="1058848157" lat="56.6604223" lon="16.3553592" version="2" timestamp="2012-03-14T15:19:13Z" changeset="10978886" uid="12294" user="izzor"/>
  <node id="1058848180" lat="56.6618669" lon="16.3555376" version="1" timestamp="2010-12-23T10:03:33Z" changeset="6743641" uid="12294" user="izzor"/>
  <node id="1058848214" lat="56.6601623" lon="16.3544593" version="1" timestamp="2010-12-23T10:03:34Z" changeset="6743641" uid="12294" user="izzor"/>
  <node id="1058848388" lat="56.6598144" lon="16.3541637" version="2" timestamp="2011-01-04T07:26:39Z" changeset="6857750" uid="324579" user="HaH"/>
  <node id="1058848402" lat="56.6618817" lon="16.3558418" version="2" timestamp="2020-11-19T20:17:03Z" changeset="94459281" uid="159302" user="osmium"/>
  <node id="1058848490" lat="56.6592438" lon="16.3556334" version="1" timestamp="2010-12-23T10:03:41Z" changeset="6743641" uid="12294" user="izzor"/>
  <node id="1058848527" lat="56.6611343" lon="16.3553174" version="1" timestamp="2010-12-23T10:03:42Z" changeset="6743641" uid="12294" user="izzor"/>
  <node id="1058848536" lat="56.6607234" lon="16.3557326" version="2" timestamp="2010-12-27T19:41:20Z" changeset="6781362" uid="12294" user="izzor"/>
  <node id="1058848565" lat="56.6604714" lon="16.3547392" version="1" timestamp="2010-12-23T10:03:43Z" changeset="6743641" uid="12294" user="izzor"/>
  <node id="1058848618" lat="56.6589167" lon="16.3540984" version="3" timestamp="2020-11-19T20:13:43Z" changeset="94459151" uid="159302" user="osmium"/>
  <node id="1058848751" lat="56.6613183" lon="16.3553645" version="1" timestamp="2010-12-23T10:03:49Z" changeset="6743641" uid="12294" user="izzor"/>
  <node id="1058848815" lat="56.6615838" lon="16.3568434" version="1" timestamp="2010-12-23T10:03:51Z" changeset="6743641" uid="12294" user="izzor"/>
  <node id="1058848822" lat="56.6597611" lon="16.3549668" version="1" timestamp="2010-12-23T10:03:52Z" changeset="6743641" uid="12294" user="izzor"/>
  <node id="1058848836" lat="56.6589518" lon="16.3542863" version="2" timestamp="2020-11-19T20:13:43Z" changeset="94459151" uid="159302" user="osmium"/>
  <node id="1058848858" lat="56.6618094" lon="16.3563257" version="2" timestamp="2020-11-19T20:17:03Z" changeset="94459281" uid="159302" user="osmium"/>
  <node id="1058848871" lat="56.6594221" lon="16.3547191" version="3" timestamp="2020-11-19T20:13:43Z" changeset="94459151" uid="159302" user="osmium"/>
  <node id="1058848920" lat="56.6606913" lon="16.3561334" version="2" timestamp="2010-12-27T19:41:10Z" changeset="6781362" uid="12294" user="izzor"/>
  <node id="1058849005" lat="56.6588708" lon="16.3537500" version="3" timestamp="2020-11-19T20:13:43Z" changeset="94459151" uid="159302" user="osmium"/>
  <node id="1058849113" lat="56.6605295" lon="16.3560837" version="2" timestamp="2010-12-27T19:40:56Z" changeset="6781362" uid="12294" user="izzor"/>
  <node id="1058849167" lat="56.6592998" lon="16.3518621" version="2" timestamp="2012-02-06T20:00:42Z" changeset="10606411" uid="12294" user="izzor"/>
  <node id="1058849185" lat="56.6608726" lon="16.3549172" version="3" timestamp="2021-08-04T20:40:35Z" changeset="109163995" uid="159302" user="osmium"/>
  <node id="1058849189" lat="56.6585516" lon="16.3526270" version="1" timestamp="2010-12-23T10:04:07Z" changeset="6743641" uid="12294" user="izzor"/>
  <node id="1058849203" lat="56.6608061" lon="16.3555851" version="2" timestamp="2020-11-19T20:13:43Z" changeset="94459151" uid="159302" user="osmium"/>
  <node id="1058849206" lat="56.6592277" lon="16.3555769" version="1" timestamp="2010-12-23T10:04:08Z" changeset="6743641" uid="12294" user="izzor"/>
  <node id="1058849263" lat="56.6605553" lon="16.3555097" version="2" timestamp="2020-11-19T20:13:43Z" changeset="94459151" uid="159302" user="osmium"/>
  <node id="1058849290" lat="56.6617367" lon="16.3555058" version="1" timestamp="2010-12-23T10:04:13Z" changeset="6743641" uid="12294" user="izzor"/>
  <node id="1059840670" lat="56.6580463" lon="16.3529226" version="2" timestamp="2022-08-05T23:49:13Z" changeset="124542851" uid="39001" user="antonr"/>
  <node id="1059840959" lat="56.6566450" lon="16.3507907" version="3" timestamp="2016-09-12T09:19:12Z" changeset="42095383" uid="812740" user="westis"/>
  <node id="1059841709" lat="56.6570957" lon="16.3520297" version="1" timestamp="2010-12-23T18:15:11Z" changeset="6748152" uid="12294" user="izzor"/>
  <node id="1059841837" lat="56.6574679" lon="16.3520382" version="1" timestamp="2010-12-23T18:15:14Z" changeset="6748152" uid="12294" user="izzor"/>
  <node id="1059842202" lat="56.6574123" lon="16.3520228" version="2" timestamp="2016-09-05T14:07:54Z" changeset="41931830" uid="12294" user="izzor"/>
  <node id="1059842225" lat="56.6571817" lon="16.3520980" version="1" timestamp="2010-12-23T18:15:25Z" changeset="6748152" uid="12294" user="izzor"/>
  <node id="1059842336" lat="56.6575284" lon="16.3520783" version="1" timestamp="2010-12-23T18:15:28Z" changeset="6748152" uid="12294" user="izzor"/>
  <node id="1063737526" lat="56.6570144" lon="16.3604565" version="2" timestamp="2025-05-24T12:55:21Z" changeset="166696346" uid="20259094" user="MtbBob"/>
  <node id="1063737530" lat="56.6582213" lon="16.3668505" version="1" timestamp="2010-12-25T10:24:07Z" changeset="6759744" uid="324579" user="HaH"/>
  <node id="1063737533" lat="56.6575342" lon="16.3601548" version="2" timestamp="2025-05-24T12:55:21Z" changeset="166696346" uid="20259094" user="MtbBob"/>
  <node id="1063737553" lat="56.6585506" lon="16.3604145" version="1" timestamp="2010-12-25T10:24:08Z" changeset="6759744" uid="324579" user="HaH"/>
  <node id="1063737558" lat="56.6592319" lon="16.3663979" version="1" timestamp="2010-12-25T10:24:08Z" changeset="6759744" uid="324579" user="HaH"/>
  <node id="1063737563" lat="56.6563761" lon="16.3610947" version="2" timestamp="2025-05-24T12:55:21Z" changeset="166696346" uid="20259094" user="MtbBob"/>
  <node id="1063737585" lat="56.6606739" lon="16.3693540" version="1" timestamp="2010-12-25T10:24:08Z" changeset="6759744" uid="324579" user="HaH"/>
  <node id="1063737588" lat="56.6585565" lon="16.3609599" version="1" timestamp="2010-12-25T10:24:08Z" changeset="6759744" uid="324579" user="HaH"/>
  <node id="1063737596" lat="56.6576771" lon="16.3633687" version="2" timestamp="2025-05-24T12:55:21Z" changeset="166696346" uid="20259094" user="MtbBob"/>
  <node id="1063737613" lat="56.6567574" lon="16.3606812" version="2" timestamp="2025-05-24T12:55:21Z" changeset="166696346" uid="20259094" user="MtbBob"/>
  <node id="1063737617" lat="56.6585080" lon="16.3600711" version="2" timestamp="2025-05-24T12:55:21Z" changeset="166696346" uid="20259094" user="MtbBob"/>
  <node id="1063737622" lat="56.6585452" lon="16.3602455" version="2" timestamp="2025-05-24T12:55:21Z" changeset="166696346" uid="20259094" user="MtbBob"/>
  <node id="1063737634" lat="56.6599576" lon="16.3658873" version="1" timestamp="2010-12-25T10:24:09Z" changeset="6759744" uid="324579" user="HaH"/>
  <node id="1063737641" lat="56.6554281" lon="16.3635723" version="2" timestamp="2025-05-24T12:55:21Z" changeset="166696346" uid="20259094" user="MtbBob"/>
  <node id="1063737644" lat="56.6581356" lon="16.3670133" version="1" timestamp="2010-12-25T10:24:09Z" changeset="6759744" uid="324579" user="HaH"/>
  <node id="1063737646" lat="56.6580144" lon="16.3599873" version="2" timestamp="2025-05-24T12:55:21Z" changeset="166696346" uid="20259094" user="MtbBob"/>
  <node id="1063737656" lat="56.6580345" lon="16.3668476" version="1" timestamp="2010-12-25T10:24:10Z" changeset="6759744" uid="324579" user="HaH"/>
  <node id="1063737668" lat="56.6555261" lon="16.3636892" version="1" timestamp="2010-12-25T10:24:10Z" changeset="6759744" uid="324579" user="HaH"/>
  <node id="1063737671" lat="56.6584083" lon="16.3599793" version="1" timestamp="2010-12-25T10:24:10Z" changeset="6759744" uid="324579" user="HaH"/>
  <node id="1063737682" lat="56.6602309" lon="16.3702190" version="1" timestamp="2010-12-25T10:24:10Z" changeset="6759744" uid="324579" user="HaH"/>
  <node id="1063737684" lat="56.6603093" lon="16.3682132" version="1" timestamp="2010-12-25T10:24:10Z" changeset="6759744" uid="324579" user="HaH"/>
  <node id="1063737687" lat="56.6586066" lon="16.3619106" version="2" timestamp="2010-12-27T19:41:00Z" changeset="6781362" uid="12294" user="izzor"/>
  <node id="1065832555" lat="56.6585929" lon="16.3603071" version="2" timestamp="2020-02-27T11:07:12Z" changeset="81545254" uid="3301825" user="Grauer Elefant"/>
  <node id="1065832632" lat="56.6585881" lon="16.3608714" version="3" timestamp="2020-03-10T10:27:36Z" changeset="82003563" uid="3301825" user="Grauer Elefant"/>
  <node id="1065832714" lat="56.6585905" lon="16.3606007" version="3" timestamp="2020-03-10T10:27:36Z" changeset="82003563" uid="3301825" user="Grauer Elefant"/>
  <node id="1066457032" lat="56.6562745" lon="16.3613228" version="1" timestamp="2010-12-26T19:52:54Z" changeset="6771556" uid="324579" user="HaH"/>
  <node id="1066457387" lat="56.6559179" lon="16.3619601" version="1" timestamp="2010-12-26T19:53:06Z" changeset="6771556" uid="324579" user="HaH"/>
  <node id="1066457665" lat="56.6556678" lon="16.3626862" version="1" timestamp="2010-12-26T19:53:17Z" changeset="6771556" uid="324579" user="HaH"/>
  <node id="1068169680" lat="56.6608825" lon="16.3561604" version="2" timestamp="2026-08-13T06:22:32Z" changeset="187371753" uid="2256461" user="bagis"/>
  <node id="1068169823" lat="56.6608163" lon="16.3557615" version="2" timestamp="2026-08-13T06:22:32Z" changeset="187371753" uid="2256461" user="bagis"/>
  <node id="1068169839" lat="56.6624764" lon="16.3581830" version="2" timestamp="2018-01-28T07:12:41Z" changeset="55822133" uid="150201" user="plamen"/>
  <node id="1068169893" lat="56.6609042" lon="16.3558799" version="2" timestamp="2026-08-13T06:22:32Z" changeset="187371753" uid="2256461" user="bagis"/>
  <node id="1068169910" lat="56.6607384" lon="16.3559805" version="2" timestamp="2026-08-13T06:22:32Z" changeset="187371753" uid="2256461" user="bagis"/>
  <node id="1068170076" lat="56.6624379" lon="16.3581479" version="2" timestamp="2018-01-27T14:25:25Z" changeset="55804817" uid="437598" user="dmgroom_ct"/>
  <node id="1068170142" lat="56.6607197" lon="16.3557755" version="2" timestamp="2026-08-13T06:22:32Z" changeset="187371753" uid="2256461" user="bagis"/>
  <node id="1068170157" lat="56.6607276" lon="16.3561208" version="2" timestamp="2026-08-13T06:22:32Z" changeset="187371753" uid="2256461" user="bagis"/>
  <node id="1068170249" lat="56.6608587" lon="16.3558682" version="2" timestamp="2026-08-13T06:22:32Z" changeset="187371753" uid="2256461" user="bagis"/>
  <node id="1068170448" lat="56.6634780" lon="16.3597512" version="2" timestamp="2026-06-28T16:19:56Z" changeset="184749348" uid="83501" user="riiga"/>
  <node id="1068170482" lat="56.6608642" lon="16.3557968" version="2" timestamp="2026-08-13T06:22:32Z" changeset="187371753" uid="2256461" user="bagis"/>
  <node id="1068170633" lat="56.6608145" lon="16.3557841" version="2" timestamp="2026-08-13T06:22:32Z" changeset="187371753" uid="2256461" user="bagis"/>
  <node id="1068170645" lat="56.6607045" lon="16.3559719" version="2" timestamp="2026-08-13T06:22:32Z" changeset="187371753" uid="2256461" user="bagis"/>
  <node id="1068481224" lat="56.6603251" lon="16.3526194" version="1" timestamp="2010-12-27T22:41:43Z" changeset="6783140" uid="12294" user="izzor"/>
  <node id="1068481246" lat="56.6604994" lon="16.3526985" version="1" timestamp="2010-12-27T22:41:44Z" changeset="6783140" uid="12294" user="izzor"/>
  <node id="1068481262" lat="56.6594200" lon="16.3522707" version="1" timestamp="2010-12-27T22:41:44Z" changeset="6783140" uid="12294" user="izzor"/>
  <node id="1068481268" lat="56.6604891" lon="16.3541580" version="1" timestamp="2010-12-27T22:41:44Z" changeset="6783140" uid="12294" user="izzor"/>
  <node id="1068481300" lat="56.6605294" lon="16.3540391" version="1" timestamp="2010-12-27T22:41:45Z" changeset="6783140" uid="12294" user="izzor"/>
  <node id="1068481316" lat="56.6597687" lon="16.3528183" version="1" timestamp="2010-12-27T22:41:46Z" changeset="6783140" uid="12294" user="izzor"/>
  <node id="1068481377" lat="56.6601783" lon="16.3536730" version="1" timestamp="2010-12-27T22:41:47Z" changeset="6783140" uid="12294" user="izzor"/>
  <node id="1068481415" lat="56.6595743" lon="16.3524532" version="1" timestamp="2010-12-27T22:41:48Z" changeset="6783140" uid="12294" user="izzor"/>
  <node id="1068481428" lat="56.6595503" lon="16.3524246" version="1" timestamp="2010-12-27T22:41:48Z" changeset="6783140" uid="12294" user="izzor"/>
  <node id="1068481451" lat="56.6601848" lon="16.3531070" version="1" timestamp="2010-12-27T22:41:49Z" changeset="6783140" uid="12294" user="izzor"/>
  <node id="1068481456" lat="56.6596231" lon="16.3518064" version="1" timestamp="2010-12-27T22:41:49Z" changeset="6783140" uid="12294" user="izzor"/>
  <node id="1068481482" lat="56.6604752" lon="16.3541988" version="1" timestamp="2010-12-27T22:41:50Z" changeset="6783140" uid="12294" user="izzor"/>
  <node id="1068481510" lat="56.6599286" lon="16.3533097" version="1" timestamp="2010-12-27T22:41:50Z" changeset="6783140" uid="12294" user="izzor"/>
  <node id="1068481556" lat="56.6594954" lon="16.3525767" version="1" timestamp="2010-12-27T22:41:52Z" changeset="6783140" uid="12294" user="izzor"/>
  <node id="1068481563" lat="56.6597639" lon="16.3524971" version="1" timestamp="2010-12-27T22:41:52Z" changeset="6783140" uid="12294" user="izzor"/>
  <node id="1068481598" lat="56.6596009" lon="16.3518670" version="1" timestamp="2010-12-27T22:41:53Z" changeset="6783140" uid="12294" user="izzor"/>
  <node id="1068481622" lat="56.6605050" lon="16.3539653" version="1" timestamp="2010-12-27T22:41:54Z" changeset="6783140" uid="12294" user="izzor"/>
  <node id="1068481633" lat="56.6598279" lon="16.3529778" version="1" timestamp="2010-12-27T22:41:55Z" changeset="6783140" uid="12294" user="izzor"/>
  <node id="1068481636" lat="56.6604050" lon="16.3538931" version="1" timestamp="2010-12-27T22:41:55Z" changeset="6783140" uid="12294" user="izzor"/>
  <node id="1068481655" lat="56.6601460" lon="16.3533409" version="1" timestamp="2010-12-27T22:41:55Z" changeset="6783140" uid="12294" user="izzor"/>
  <node id="1068481679" lat="56.6602080" lon="16.3528972" version="1" timestamp="2010-12-27T22:41:56Z" changeset="6783140" uid="12294" user="izzor"/>
  <node id="1068481728" lat="56.6598164" lon="16.3528313" version="1" timestamp="2010-12-27T22:41:58Z" changeset="6783140" uid="12294" user="izzor"/>
  <node id="1068481744" lat="56.6599153" lon="16.3530866" version="1" timestamp="2010-12-27T22:41:58Z" changeset="6783140" uid="12294" user="izzor"/>
  <node id="1068481748" lat="56.6600891" lon="16.3534998" version="1" timestamp="2010-12-27T22:41:58Z" changeset="6783140" uid="12294" user="izzor"/>
  <node id="1068481780" lat="56.6603489" lon="16.3526481" version="1" timestamp="2010-12-27T22:41:59Z" changeset="6783140" uid="12294" user="izzor"/>
  <node id="1068481821" lat="56.6596583" lon="16.3525524" version="1" timestamp="2010-12-27T22:42:01Z" changeset="6783140" uid="12294" user="izzor"/>
  <node id="1068481826" lat="56.6605230" lon="16.3541087" version="1" timestamp="2010-12-27T22:42:01Z" changeset="6783140" uid="12294" user="izzor"/>
  <node id="1068481864" lat="56.6597248" lon="16.3527182" version="1" timestamp="2010-12-27T22:42:02Z" changeset="6783140" uid="12294" user="izzor"/>
  <node id="1068481900" lat="56.6599855" lon="16.3531508" version="1" timestamp="2010-12-27T22:42:04Z" changeset="6783140" uid="12294" user="izzor"/>
  <node id="1068481926" lat="56.6595207" lon="16.3526018" version="1" timestamp="2010-12-27T22:42:05Z" changeset="6783140" uid="12294" user="izzor"/>
  <node id="1068481930" lat="56.6602587" lon="16.3528962" version="1" timestamp="2010-12-27T22:42:05Z" changeset="6783140" uid="12294" user="izzor"/>
  <node id="1068481959" lat="56.6600656" lon="16.3530298" version="1" timestamp="2010-12-27T22:42:06Z" changeset="6783140" uid="12294" user="izzor"/>
  <node id="1068481968" lat="56.6596018" lon="16.3527121" version="1" timestamp="2010-12-27T22:42:06Z" changeset="6783140" uid="12294" user="izzor"/>
  <node id="1068481995" lat="56.6603493" lon="16.3540575" version="1" timestamp="2010-12-27T22:42:07Z" changeset="6783140" uid="12294" user="izzor"/>
  <node id="1068482061" lat="56.6595416" lon="16.3526268" version="1" timestamp="2010-12-27T22:42:09Z" changeset="6783140" uid="12294" user="izzor"/>
  <node id="1068482064" lat="56.6597087" lon="16.3520909" version="2" timestamp="2011-01-04T07:26:37Z" changeset="6857750" uid="324579" user="HaH"/>
  <node id="1068482067" lat="56.6603582" lon="16.3525284" version="1" timestamp="2010-12-27T22:42:10Z" changeset="6783140" uid="12294" user="izzor"/>
  <node id="1068482077" lat="56.6595753" lon="16.3518337" version="1" timestamp="2010-12-27T22:42:10Z" changeset="6783140" uid="12294" user="izzor"/>
  <node id="1068482112" lat="56.6601827" lon="16.3528668" version="1" timestamp="2010-12-27T22:42:12Z" changeset="6783140" uid="12294" user="izzor"/>
  <node id="1068482116" lat="56.6597985" lon="16.3527901" version="3" timestamp="2018-09-21T09:39:25Z" changeset="62790323" uid="12294" user="izzor">
    <tag k="addr:city" v="Kalmar"/>
    <tag k="addr:country" v="SE"/>
    <tag k="addr:housenumber" v="1B"/>
    <tag k="addr:postcode" v="39233"/>
    <tag k="addr:street" v="Slottsvägen"/>
  </node>
  <node id="1068482142" lat="56.6597769" lon="16.3528402" version="1" timestamp="2010-12-27T22:42:15Z" changeset="6783140" uid="12294" user="izzor"/>
  <node id="1068482163" lat="56.6601209" lon="16.3536114" version="1" timestamp="2010-12-27T22:42:16Z" changeset="6783140" uid="12294" user="izzor"/>
  <node id="1068482172" lat="56.6601679" lon="16.3529075" version="1" timestamp="2010-12-27T22:42:17Z" changeset="6783140" uid="12294" user="izzor"/>
  <node id="1068482174" lat="56.6593198" lon="16.3525954" version="1" timestamp="2010-12-27T22:42:17Z" changeset="6783140" uid="12294" user="izzor"/>
  <node id="1068482185" lat="56.6601968" lon="16.3530740" version="1" timestamp="2010-12-27T22:42:18Z" changeset="6783140" uid="12294" user="izzor"/>
  <node id="1068482189" lat="56.6595254" lon="16.3522549" version="2" timestamp="2011-01-04T07:26:39Z" changeset="6857750" uid="324579" user="HaH"/>
  <node id="1068482191" lat="56.6605047" lon="16.3541596" version="1" timestamp="2010-12-27T22:42:19Z" changeset="6783140" uid="12294" user="izzor"/>
  <node id="1068482205" lat="56.6597716" lon="16.3527744" version="1" timestamp="2010-12-27T22:42:20Z" changeset="6783140" uid="12294" user="izzor"/>
  <node id="1068482208" lat="56.6605150" lon="16.3540816" version="1" timestamp="2010-12-27T22:42:20Z" changeset="6783140" uid="12294" user="izzor"/>
  <node id="1068482232" lat="56.6596301" lon="16.3524516" version="3" timestamp="2018-09-21T09:39:25Z" changeset="62790323" uid="12294" user="izzor">
    <tag k="addr:city" v="Kalmar"/>
    <tag k="addr:country" v="SE"/>
    <tag k="addr:housenumber" v="1A"/>
    <tag k="addr:postcode" v="39233"/>
    <tag k="addr:street" v="Slottsvägen"/>
  </node>
  <node id="1068482258" lat="56.6602237" lon="16.3528540" version="1" timestamp="2010-12-27T22:42:23Z" changeset="6783140" uid="12294" user="izzor"/>
  <node id="1068482273" lat="56.6601343" lon="16.3531125" version="1" timestamp="2010-12-27T22:42:24Z" changeset="6783140" uid="12294" user="izzor"/>
  <node id="1068482278" lat="56.6596911" lon="16.3528148" version="1" timestamp="2010-12-27T22:42:24Z" changeset="6783140" uid="12294" user="izzor"/>
  <node id="1068482280" lat="56.6605190" lon="16.3541403" version="1" timestamp="2010-12-27T22:42:25Z" changeset="6783140" uid="12294" user="izzor"/>
  <node id="1068482290" lat="56.6604936" lon="16.3539990" version="1" timestamp="2010-12-27T22:42:25Z" changeset="6783140" uid="12294" user="izzor"/>
  <node id="1068482295" lat="56.6597673" lon="16.3527893" version="1" timestamp="2010-12-27T22:42:25Z" changeset="6783140" uid="12294" user="izzor"/>
  <node id="1068482302" lat="56.6600211" lon="16.3528020" version="1" timestamp="2010-12-27T22:42:26Z" changeset="6783140" uid="12294" user="izzor"/>
  <node id="1068482312" lat="56.6600794" lon="16.3537396" version="1" timestamp="2010-12-27T22:42:27Z" changeset="6783140" uid="12294" user="izzor"/>
  <node id="1068482323" lat="56.6594828" lon="16.3527900" version="1" timestamp="2010-12-27T22:42:27Z" changeset="6783140" uid="12294" user="izzor"/>
  <node id="1068482335" lat="56.6601511" lon="16.3530663" version="1" timestamp="2010-12-27T22:42:28Z" changeset="6783140" uid="12294" user="izzor"/>
  <node id="1068482340" lat="56.6598965" lon="16.3521303" version="1" timestamp="2010-12-27T22:42:28Z" changeset="6783140" uid="12294" user="izzor"/>
  <node id="1068482355" lat="56.6604455" lon="16.3539385" version="1" timestamp="2010-12-27T22:42:30Z" changeset="6783140" uid="12294" user="izzor"/>
  <node id="1068482387" lat="56.6593774" lon="16.3524358" version="1" timestamp="2010-12-27T22:42:33Z" changeset="6783140" uid="12294" user="izzor"/>
  <node id="1068482406" lat="56.6597899" lon="16.3528508" version="1" timestamp="2010-12-27T22:42:35Z" changeset="6783140" uid="12294" user="izzor"/>
  <node id="1068482418" lat="56.6604553" lon="16.3539096" version="1" timestamp="2010-12-27T22:42:35Z" changeset="6783140" uid="12294" user="izzor"/>
  <node id="1068482422" lat="56.6598624" lon="16.3528815" version="1" timestamp="2010-12-27T22:42:36Z" changeset="6783140" uid="12294" user="izzor"/>
  <node id="1068482442" lat="56.6601277" lon="16.3528591" version="1" timestamp="2010-12-27T22:42:37Z" changeset="6783140" uid="12294" user="izzor"/>
  <node id="1068482452" lat="56.6596203" lon="16.3519872" version="2" timestamp="2011-01-04T07:26:38Z" changeset="6857750" uid="324579" user="HaH"/>
  <node id="1068482453" lat="56.6603122" lon="16.3532130" version="1" timestamp="2010-12-27T22:42:38Z" changeset="6783140" uid="12294" user="izzor"/>
  <node id="1068482457" lat="56.6596138" lon="16.3523586" version="2" timestamp="2011-01-04T07:26:38Z" changeset="6857750" uid="324579" user="HaH"/>
  <node id="1068482480" lat="56.6598044" lon="16.3528490" version="1" timestamp="2010-12-27T22:42:39Z" changeset="6783140" uid="12294" user="izzor"/>
  <node id="1068482520" lat="56.6601368" lon="16.3538012" version="1" timestamp="2010-12-27T22:42:40Z" changeset="6783140" uid="12294" user="izzor"/>
  <node id="1077770558" lat="56.6544267" lon="16.3506628" version="2" timestamp="2020-11-18T16:22:00Z" changeset="94379232" uid="159302" user="osmium"/>
  <node id="1077770580" lat="56.6560289" lon="16.3484823" version="1" timestamp="2011-01-02T00:12:50Z" changeset="6834042" uid="352480" user="dannioni"/>
  <node id="1077770582" lat="56.6560201" lon="16.3486217" version="1" timestamp="2011-01-02T00:12:50Z" changeset="6834042" uid="352480" user="dannioni"/>
  <node id="1077770585" lat="56.6560555" lon="16.3490241" version="1" timestamp="2011-01-02T00:12:50Z" changeset="6834042" uid="352480" user="dannioni"/>
  <node id="1077770586" lat="56.6560319" lon="16.3487934" version="1" timestamp="2011-01-02T00:12:50Z" changeset="6834042" uid="352480" user="dannioni"/>
  <node id="1077770589" lat="56.6560879" lon="16.3492601" version="1" timestamp="2011-01-02T00:12:51Z" changeset="6834042" uid="352480" user="dannioni"/>
  <node id="1077770591" lat="56.6561439" lon="16.3494532" version="1" timestamp="2011-01-02T00:12:51Z" changeset="6834042" uid="352480" user="dannioni"/>
  <node id="1077770594" lat="56.6562324" lon="16.3496463" version="1" timestamp="2011-01-02T00:12:51Z" changeset="6834042" uid="352480" user="dannioni"/>
  <node id="1077770596" lat="56.6563267" lon="16.3498609" version="1" timestamp="2011-01-02T00:12:51Z" changeset="6834042" uid="352480" user="dannioni"/>
  <node id="1077770601" lat="56.6563946" lon="16.3500379" version="1" timestamp="2011-01-02T00:12:51Z" changeset="6834042" uid="352480" user="dannioni"/>
  <node id="1077770615" lat="56.6564417" lon="16.3501613" version="1" timestamp="2011-01-02T00:12:51Z" changeset="6834042" uid="352480" user="dannioni"/>
  <node id="1077770616" lat="56.6564712" lon="16.3503115" version="1" timestamp="2011-01-02T00:12:51Z" changeset="6834042" uid="352480" user="dannioni"/>
  <node id="1077770619" lat="56.6565037" lon="16.3504832" version="1" timestamp="2011-01-02T00:12:51Z" changeset="6834042" uid="352480" user="dannioni"/>
  <node id="1077770620" lat="56.6565273" lon="16.3506870" version="1" timestamp="2011-01-02T00:12:51Z" changeset="6834042" uid="352480" user="dannioni"/>
  <node id="1077770630" lat="56.6565899" lon="16.3509070" version="2" timestamp="2016-09-12T09:19:12Z" changeset="42095383" uid="812740" user="westis"/>
  <node id="1077770636" lat="56.6546600" lon="16.3502180" version="2" timestamp="2016-09-09T19:30:13Z" changeset="42044590" uid="812740" user="westis"/>
  <node id="1077770639" lat="56.6544032" lon="16.3505945" version="1" timestamp="2011-01-02T00:12:51Z" changeset="6834042" uid="352480" user="dannioni"/>
  <node id="1077770745" lat="56.6565611" lon="16.3508319" version="2" timestamp="2016-09-12T09:19:12Z" changeset="42095383" uid="812740" user="westis"/>
  <node id="1080411497" lat="56.6650616" lon="16.3726342" version="1" timestamp="2011-01-03T11:38:26Z" changeset="6848501" uid="324579" user="HaH"/>
  <node id="1080411590" lat="56.6649922" lon="16.3723325" version="1" timestamp="2011-01-03T11:38:30Z" changeset="6848501" uid="324579" user="HaH"/>
  <node id="1080438596" lat="56.6668248" lon="16.3712143" version="1" timestamp="2011-01-03T12:13:52Z" changeset="6848863" uid="324579" user="HaH"/>
  <node id="1080438711" lat="56.6667857" lon="16.3710636" version="1" timestamp="2011-01-03T12:13:57Z" changeset="6848863" uid="324579" user="HaH"/>
  <node id="1080438719" lat="56.6646679" lon="16.3720571" version="4" timestamp="2017-08-28T09:30:04Z" changeset="51502606" uid="12294" user="izzor"/>
  <node id="1080438928" lat="56.6668167" lon="16.3710046" version="1" timestamp="2011-01-03T12:14:11Z" changeset="6848863" uid="324579" user="HaH"/>
  <node id="1080770787" lat="56.6608433" lon="16.3477614" version="1" timestamp="2011-01-03T18:18:26Z" changeset="6852706" uid="324579" user="HaH"/>
  <node id="1080770988" lat="56.6603052" lon="16.3493056" version="2" timestamp="2025-11-25T10:17:04Z" changeset="175102533" uid="66965" user="urk"/>
  <node id="1080771041" lat="56.6600991" lon="16.3498034" version="2" timestamp="2011-01-04T07:06:45Z" changeset="6857686" uid="324579" user="HaH"/>
  <node id="1081565661" lat="56.6601546" lon="16.3498691" version="2" timestamp="2011-01-04T07:06:44Z" changeset="6857686" uid="324579" user="HaH"/>
  <node id="1081565683" lat="56.6613370" lon="16.3497704" version="2" timestamp="2012-02-06T20:00:43Z" changeset="10606411" uid="12294" user="izzor"/>
  <node id="1081565769" lat="56.6612555" lon="16.3499958" version="2" timestamp="2012-02-06T20:00:43Z" changeset="10606411" uid="12294" user="izzor"/>
  <node id="1081609778" lat="56.6600275" lon="16.3513851" version="1" timestamp="2011-01-04T07:06:21Z" changeset="6857686" uid="324579" user="HaH"/>
  <node id="1081609784" lat="56.6600613" lon="16.3515459" version="1" timestamp="2011-01-04T07:06:21Z" changeset="6857686" uid="324579" user="HaH"/>
  <node id="1081609789" lat="56.6607156" lon="16.3508163" version="1" timestamp="2011-01-04T07:06:22Z" changeset="6857686" uid="324579" user="HaH"/>
  <node id="1081609792" lat="56.6597047" lon="16.3514082" version="1" timestamp="2011-01-04T07:06:22Z" changeset="6857686" uid="324579" user="HaH"/>
  <node id="1081609795" lat="56.6600814" lon="16.3507870" version="1" timestamp="2011-01-04T07:06:22Z" changeset="6857686" uid="324579" user="HaH"/>
  <node id="1081609809" lat="56.6605298" lon="16.3511475" version="1" timestamp="2011-01-04T07:06:22Z" changeset="6857686" uid="324579" user="HaH"/>
  <node id="1081609811" lat="56.6599168" lon="16.3510892" version="1" timestamp="2011-01-04T07:06:22Z" changeset="6857686" uid="324579" user="HaH"/>
  <node id="1081609816" lat="56.6598563" lon="16.3517863" version="2" timestamp="2024-11-07T15:32:34Z" changeset="158860883" uid="20795476" user="WWMapper101"/>
  <node id="1081609822" lat="56.6598478" lon="16.3514810" version="1" timestamp="2011-01-04T07:06:22Z" changeset="6857686" uid="324579" user="HaH"/>
  <node id="1081609824" lat="56.6597829" lon="16.3505451" version="1" timestamp="2011-01-04T07:06:22Z" changeset="6857686" uid="324579" user="HaH"/>
  <node id="1081609826" lat="56.6603860" lon="16.3505806" version="1" timestamp="2011-01-04T07:06:22Z" changeset="6857686" uid="324579" user="HaH"/>
  <node id="1081609832" lat="56.6602328" lon="16.3506224" version="1" timestamp="2011-01-04T07:06:22Z" changeset="6857686" uid="324579" user="HaH"/>
  <node id="1081609841" lat="56.6600136" lon="16.3512746" version="1" timestamp="2011-01-04T07:06:22Z" changeset="6857686" uid="324579" user="HaH"/>
  <node id="1081609842" lat="56.6605540" lon="16.3506904" version="1" timestamp="2011-01-04T07:06:23Z" changeset="6857686" uid="324579" user="HaH"/>
  <node id="1081609843" lat="56.6598259" lon="16.3504219" version="1" timestamp="2011-01-04T07:06:23Z" changeset="6857686" uid="324579" user="HaH"/>
  <node id="1081609850" lat="56.6598001" lon="16.3515183" version="1" timestamp="2011-01-04T07:06:23Z" changeset="6857686" uid="324579" user="HaH"/>
  <node id="1081609852" lat="56.6598776" lon="16.3514097" version="1" timestamp="2011-01-04T07:06:23Z" changeset="6857686" uid="324579" user="HaH"/>
  <node id="1081609856" lat="56.6599342" lon="16.3518252" version="2" timestamp="2024-11-07T15:32:34Z" changeset="158860883" uid="20795476" user="WWMapper101"/>
  <node id="1081609858" lat="56.6600067" lon="16.3509160" version="1" timestamp="2011-01-04T07:06:23Z" changeset="6857686" uid="324579" user="HaH"/>
  <node id="1081609861" lat="56.6599795" lon="16.3516027" version="1" timestamp="2011-01-04T07:06:23Z" changeset="6857686" uid="324579" user="HaH"/>
  <node id="1081609864" lat="56.6596418" lon="16.3505868" version="1" timestamp="2011-01-04T07:06:23Z" changeset="6857686" uid="324579" user="HaH"/>
  <node id="1081609866" lat="56.6599929" lon="16.3514158" version="1" timestamp="2011-01-04T07:06:23Z" changeset="6857686" uid="324579" user="HaH"/>
  <node id="1081609869" lat="56.6605278" lon="16.3510519" version="1" timestamp="2011-01-04T07:06:23Z" changeset="6857686" uid="324579" user="HaH"/>
  <node id="1081609871" lat="56.6599780" lon="16.3511632" version="1" timestamp="2011-01-04T07:06:23Z" changeset="6857686" uid="324579" user="HaH"/>
  <node id="1081609875" lat="56.6599842" lon="16.3510955" version="1" timestamp="2011-01-04T07:06:23Z" changeset="6857686" uid="324579" user="HaH"/>
  <node id="1081609877" lat="56.6594444" lon="16.3511305" version="1" timestamp="2011-01-04T07:06:23Z" changeset="6857686" uid="324579" user="HaH"/>
  <node id="1081609878" lat="56.6601175" lon="16.3504236" version="1" timestamp="2011-01-04T07:06:23Z" changeset="6857686" uid="324579" user="HaH"/>
  <node id="1081609879" lat="56.6600381" lon="16.3512830" version="1" timestamp="2011-01-04T07:06:23Z" changeset="6857686" uid="324579" user="HaH"/>
  <node id="1081609889" lat="56.6608084" lon="16.3509395" version="1" timestamp="2011-01-04T07:06:24Z" changeset="6857686" uid="324579" user="HaH"/>
  <node id="1081609892" lat="56.6596578" lon="16.3513556" version="1" timestamp="2011-01-04T07:06:24Z" changeset="6857686" uid="324579" user="HaH"/>
  <node id="1081609895" lat="56.6604872" lon="16.3511505" version="1" timestamp="2011-01-04T07:06:24Z" changeset="6857686" uid="324579" user="HaH"/>
  <node id="1081609897" lat="56.6599112" lon="16.3516996" version="1" timestamp="2011-01-04T07:06:24Z" changeset="6857686" uid="324579" user="HaH"/>
  <node id="1081609898" lat="56.6604801" lon="16.3503953" version="1" timestamp="2011-01-04T07:06:24Z" changeset="6857686" uid="324579" user="HaH"/>
  <node id="1081609901" lat="56.6608649" lon="16.3510089" version="1" timestamp="2011-01-04T07:06:24Z" changeset="6857686" uid="324579" user="HaH"/>
  <node id="1081609902" lat="56.6596928" lon="16.3504408" version="1" timestamp="2011-01-04T07:06:24Z" changeset="6857686" uid="324579" user="HaH"/>
  <node id="1081609904" lat="56.6604700" lon="16.3507219" version="1" timestamp="2011-01-04T07:06:24Z" changeset="6857686" uid="324579" user="HaH"/>
  <node id="1081609905" lat="56.6600269" lon="16.3507546" version="1" timestamp="2011-01-04T07:06:24Z" changeset="6857686" uid="324579" user="HaH"/>
  <node id="1081609908" lat="56.6602168" lon="16.3506110" version="1" timestamp="2011-01-04T07:06:24Z" changeset="6857686" uid="324579" user="HaH"/>
  <node id="1081609910" lat="56.6600365" lon="16.3510528" version="1" timestamp="2011-01-04T07:06:24Z" changeset="6857686" uid="324579" user="HaH"/>
  <node id="1081609913" lat="56.6600188" lon="16.3516125" version="1" timestamp="2011-01-04T07:06:25Z" changeset="6857686" uid="324579" user="HaH"/>
  <node id="1081609915" lat="56.6598701" lon="16.3517266" version="1" timestamp="2011-01-04T07:06:25Z" changeset="6857686" uid="324579" user="HaH"/>
  <node id="1081609916" lat="56.6606591" lon="16.3509264" version="1" timestamp="2011-01-04T07:06:25Z" changeset="6857686" uid="324579" user="HaH"/>
  <node id="1081609918" lat="56.6599831" lon="16.3505500" version="1" timestamp="2011-01-04T07:06:25Z" changeset="6857686" uid="324579" user="HaH"/>
  <node id="1081609925" lat="56.6600672" lon="16.3514241" version="1" timestamp="2011-01-04T07:06:25Z" changeset="6857686" uid="324579" user="HaH"/>
  <node id="1081609929" lat="56.6597835" lon="16.3514759" version="1" timestamp="2011-01-04T07:06:25Z" changeset="6857686" uid="324579" user="HaH"/>
  <node id="1081609931" lat="56.6607130" lon="16.3511962" version="1" timestamp="2011-01-04T07:06:25Z" changeset="6857686" uid="324579" user="HaH"/>
  <node id="1081609934" lat="56.6599068" lon="16.3508747" version="1" timestamp="2011-01-04T07:06:25Z" changeset="6857686" uid="324579" user="HaH"/>
  <node id="1081609935" lat="56.6599642" lon="16.3513689" version="1" timestamp="2011-01-04T07:06:25Z" changeset="6857686" uid="324579" user="HaH"/>
  <node id="1081609936" lat="56.6597319" lon="16.3506909" version="1" timestamp="2011-01-04T07:06:25Z" changeset="6857686" uid="324579" user="HaH"/>
  <node id="1081609938" lat="56.6601812" lon="16.3508590" version="1" timestamp="2011-01-04T07:06:25Z" changeset="6857686" uid="324579" user="HaH"/>
  <node id="1081609941" lat="56.6599897" lon="16.3515114" version="1" timestamp="2011-01-04T07:06:26Z" changeset="6857686" uid="324579" user="HaH"/>
  <node id="1081609945" lat="56.6599137" lon="16.3511528" version="1" timestamp="2011-01-04T07:06:26Z" changeset="6857686" uid="324579" user="HaH"/>
  <node id="1081609951" lat="56.6601170" lon="16.3513099" version="1" timestamp="2011-01-04T07:06:26Z" changeset="6857686" uid="324579" user="HaH"/>
  <node id="1081609959" lat="56.6607449" lon="16.3508653" version="1" timestamp="2011-01-04T07:06:26Z" changeset="6857686" uid="324579" user="HaH"/>
  <node id="1081609962" lat="56.6599655" lon="16.3517878" version="1" timestamp="2011-01-04T07:06:26Z" changeset="6857686" uid="324579" user="HaH"/>
  <node id="1081609968" lat="56.6599113" lon="16.3516950" version="1" timestamp="2011-01-04T07:06:26Z" changeset="6857686" uid="324579" user="HaH"/>
  <node id="1081609984" lat="56.6598337" lon="16.3516345" version="1" timestamp="2011-01-04T07:06:27Z" changeset="6857686" uid="324579" user="HaH"/>
  <node id="1081609986" lat="56.6596582" lon="16.3517174" version="1" timestamp="2011-01-04T07:06:27Z" changeset="6857686" uid="324579" user="HaH"/>
  <node id="1081609987" lat="56.6597105" lon="16.3512199" version="1" timestamp="2011-01-04T07:06:27Z" changeset="6857686" uid="324579" user="HaH"/>
  <node id="1081609991" lat="56.6598509" lon="16.3516439" version="1" timestamp="2011-01-04T07:06:27Z" changeset="6857686" uid="324579" user="HaH"/>
  <node id="1081609999" lat="56.6605430" lon="16.3507291" version="1" timestamp="2011-01-04T07:06:27Z" changeset="6857686" uid="324579" user="HaH"/>
  <node id="1081610001" lat="56.6599769" lon="16.3511739" version="1" timestamp="2011-01-04T07:06:27Z" changeset="6857686" uid="324579" user="HaH"/>
  <node id="1081610004" lat="56.6605422" lon="16.3504998" version="1" timestamp="2011-01-04T07:06:27Z" changeset="6857686" uid="324579" user="HaH"/>
  <node id="1081610007" lat="56.6600545" lon="16.3506242" version="1" timestamp="2011-01-04T07:06:27Z" changeset="6857686" uid="324579" user="HaH"/>
  <node id="1081610011" lat="56.6604852" lon="16.3510549" version="1" timestamp="2011-01-04T07:06:27Z" changeset="6857686" uid="324579" user="HaH"/>
  <node id="1081610014" lat="56.6599542" lon="16.3515147" version="1" timestamp="2011-01-04T07:06:27Z" changeset="6857686" uid="324579" user="HaH"/>
  <node id="1081610019" lat="56.6599332" lon="16.3517819" version="1" timestamp="2011-01-04T07:06:27Z" changeset="6857686" uid="324579" user="HaH"/>
  <node id="1081610020" lat="56.6600441" lon="16.3516144" version="1" timestamp="2011-01-04T07:06:27Z" changeset="6857686" uid="324579" user="HaH"/>
  <node id="1081610024" lat="56.6599134" lon="16.3513579" version="1" timestamp="2011-01-04T07:06:27Z" changeset="6857686" uid="324579" user="HaH"/>
  <node id="1081610034" lat="56.6605217" lon="16.3506201" version="1" timestamp="2011-01-04T07:06:28Z" changeset="6857686" uid="324579" user="HaH"/>
  <node id="1081610044" lat="56.6594612" lon="16.3508119" version="1" timestamp="2011-01-04T07:06:28Z" changeset="6857686" uid="324579" user="HaH"/>
  <node id="1081610049" lat="56.6601065" lon="16.3514120" version="1" timestamp="2011-01-04T07:06:28Z" changeset="6857686" uid="324579" user="HaH"/>
  <node id="1081610053" lat="56.6599832" lon="16.3515302" version="1" timestamp="2011-01-04T07:06:28Z" changeset="6857686" uid="324579" user="HaH"/>
  <node id="1081610055" lat="56.6607694" lon="16.3512656" version="1" timestamp="2011-01-04T07:06:28Z" changeset="6857686" uid="324579" user="HaH"/>
  <node id="1081610060" lat="56.6599270" lon="16.3507132" version="1" timestamp="2011-01-04T07:06:28Z" changeset="6857686" uid="324579" user="HaH"/>
  <node id="1081610062" lat="56.6597444" lon="16.3512910" version="1" timestamp="2011-01-04T07:06:28Z" changeset="6857686" uid="324579" user="HaH"/>
  <node id="1081610068" lat="56.6600085" lon="16.3517908" version="1" timestamp="2011-01-04T07:06:28Z" changeset="6857686" uid="324579" user="HaH"/>
  <node id="1081610073" lat="56.6600640" lon="16.3515197" version="1" timestamp="2011-01-04T07:06:29Z" changeset="6857686" uid="324579" user="HaH"/>
  <node id="1081610078" lat="56.6599004" lon="16.3518787" version="2" timestamp="2024-11-07T15:32:34Z" changeset="158860883" uid="20795476" user="WWMapper101"/>
  <node id="1081610080" lat="56.6597018" lon="16.3512457" version="1" timestamp="2011-01-04T07:06:29Z" changeset="6857686" uid="324579" user="HaH"/>
  <node id="1081610085" lat="56.6602074" lon="16.3503257" version="1" timestamp="2011-01-04T07:06:29Z" changeset="6857686" uid="324579" user="HaH"/>
  <node id="1081610086" lat="56.6600929" lon="16.3513017" version="1" timestamp="2011-01-04T07:06:29Z" changeset="6857686" uid="324579" user="HaH"/>
  <node id="1081610093" lat="56.6598807" lon="16.3515855" version="1" timestamp="2011-01-04T07:06:29Z" changeset="6857686" uid="324579" user="HaH"/>
  <node id="1081610095" lat="56.6596209" lon="16.3493373" version="1" timestamp="2011-01-04T07:06:29Z" changeset="6857686" uid="324579" user="HaH"/>
  <node id="1081610099" lat="56.6598290" lon="16.3514809" version="1" timestamp="2011-01-04T07:06:29Z" changeset="6857686" uid="324579" user="HaH"/>
  <node id="1081610103" lat="56.6599220" lon="16.3517996" version="2" timestamp="2024-11-07T15:32:34Z" changeset="158860883" uid="20795476" user="WWMapper101"/>
  <node id="1081610104" lat="56.6605947" lon="16.3506110" version="1" timestamp="2011-01-04T07:06:30Z" changeset="6857686" uid="324579" user="HaH"/>
  <node id="1081610105" lat="56.6593731" lon="16.3509032" version="1" timestamp="2011-01-04T07:06:30Z" changeset="6857686" uid="324579" user="HaH"/>
  <node id="1081610111" lat="56.6598008" lon="16.3515300" version="1" timestamp="2011-01-04T07:06:30Z" changeset="6857686" uid="324579" user="HaH"/>
  <node id="1081610113" lat="56.6599329" lon="16.3513807" version="1" timestamp="2011-01-04T07:06:30Z" changeset="6857686" uid="324579" user="HaH"/>
  <node id="1081610116" lat="56.6597358" lon="16.3503177" version="1" timestamp="2011-01-04T07:06:30Z" changeset="6857686" uid="324579" user="HaH"/>
  <node id="1081610118" lat="56.6604998" lon="16.3505832" version="1" timestamp="2011-01-04T07:06:30Z" changeset="6857686" uid="324579" user="HaH"/>
  <node id="1081610119" lat="56.6597477" lon="16.3512616" version="1" timestamp="2011-01-04T07:06:30Z" changeset="6857686" uid="324579" user="HaH"/>
  <node id="1081610120" lat="56.6601359" lon="16.3505533" version="1" timestamp="2011-01-04T07:06:30Z" changeset="6857686" uid="324579" user="HaH"/>
  <node id="1081610124" lat="56.6599811" lon="16.3510996" version="1" timestamp="2011-01-04T07:06:30Z" changeset="6857686" uid="324579" user="HaH"/>
  <node id="1081610125" lat="56.6598921" lon="16.3516122" version="1" timestamp="2011-01-04T07:06:30Z" changeset="6857686" uid="324579" user="HaH"/>
  <node id="1081610132" lat="56.6605587" lon="16.3506984" version="1" timestamp="2011-01-04T07:06:31Z" changeset="6857686" uid="324579" user="HaH"/>
  <node id="1081610134" lat="56.6598843" lon="16.3510541" version="1" timestamp="2011-01-04T07:06:31Z" changeset="6857686" uid="324579" user="HaH"/>
  <node id="1081610136" lat="56.6595324" lon="16.3510392" version="1" timestamp="2011-01-04T07:06:31Z" changeset="6857686" uid="324579" user="HaH"/>
  <node id="1081610138" lat="56.6598988" lon="16.3515438" version="1" timestamp="2011-01-04T07:06:31Z" changeset="6857686" uid="324579" user="HaH"/>
  <node id="1081610141" lat="56.6601158" lon="16.3510799" version="1" timestamp="2011-01-04T07:06:31Z" changeset="6857686" uid="324579" user="HaH"/>
  <node id="1081610145" lat="56.6599262" lon="16.3511629" version="1" timestamp="2011-01-04T07:06:31Z" changeset="6857686" uid="324579" user="HaH"/>
  <node id="1081610147" lat="56.6596969" lon="16.3512402" version="1" timestamp="2011-01-04T07:06:31Z" changeset="6857686" uid="324579" user="HaH"/>
  <node id="1081610153" lat="56.6598125" lon="16.3514385" version="1" timestamp="2011-01-04T07:06:31Z" changeset="6857686" uid="324579" user="HaH"/>
  <node id="1081610156" lat="56.6597396" lon="16.3512856" version="1" timestamp="2011-01-04T07:06:32Z" changeset="6857686" uid="324579" user="HaH"/>
  <node id="1081610158" lat="56.6600460" lon="16.3503494" version="1" timestamp="2011-01-04T07:06:32Z" changeset="6857686" uid="324579" user="HaH"/>
  <node id="1081610160" lat="56.6602821" lon="16.3504033" version="1" timestamp="2011-01-04T07:06:32Z" changeset="6857686" uid="324579" user="HaH"/>
  <node id="1081644565" lat="56.6579351" lon="16.3532760" version="2" timestamp="2022-08-05T23:49:13Z" changeset="124542851" uid="39001" user="antonr"/>
  <node id="1081644569" lat="56.6584721" lon="16.3505812" version="1" timestamp="2011-01-04T07:26:22Z" changeset="6857750" uid="324579" user="HaH"/>
  <node id="1081644580" lat="56.6585535" lon="16.3506485" version="1" timestamp="2011-01-04T07:26:22Z" changeset="6857750" uid="324579" user="HaH"/>
  <node id="1081644582" lat="56.6591997" lon="16.3512887" version="1" timestamp="2011-01-04T07:26:22Z" changeset="6857750" uid="324579" user="HaH"/>
  <node id="1081644586" lat="56.6592805" lon="16.3514596" version="1" timestamp="2011-01-04T07:26:23Z" changeset="6857750" uid="324579" user="HaH"/>
  <node id="1081644591" lat="56.6583760" lon="16.3537277" version="1" timestamp="2011-01-04T07:26:23Z" changeset="6857750" uid="324579" user="HaH"/>
  <node id="1081644593" lat="56.6583126" lon="16.3504603" version="1" timestamp="2011-01-04T07:26:23Z" changeset="6857750" uid="324579" user="HaH"/>
  <node id="1081644594" lat="56.6593441" lon="16.3517036" version="1" timestamp="2011-01-04T07:26:23Z" changeset="6857750" uid="324579" user="HaH"/>
  <node id="1081644595" lat="56.6590273" lon="16.3507967" version="1" timestamp="2011-01-04T07:26:23Z" changeset="6857750" uid="324579" user="HaH"/>
  <node id="1081644596" lat="56.6581671" lon="16.3529127" version="1" timestamp="2011-01-04T07:26:23Z" changeset="6857750" uid="324579" user="HaH"/>
  <node id="1081644597" lat="56.6566135" lon="16.3509395" version="3" timestamp="2016-09-12T09:19:12Z" changeset="42095383" uid="812740" user="westis"/>
  <node id="1081644598" lat="56.6559273" lon="16.3528788" version="1" timestamp="2011-01-04T07:26:23Z" changeset="6857750" uid="324579" user="HaH"/>
  <node id="1081644610" lat="56.6587034" lon="16.3506498" version="1" timestamp="2011-01-04T07:26:23Z" changeset="6857750" uid="324579" user="HaH"/>
  <node id="1081644611" lat="56.6586395" lon="16.3505282" version="1" timestamp="2011-01-04T07:26:23Z" changeset="6857750" uid="324579" user="HaH"/>
  <node id="1081644612" lat="56.6571820" lon="16.3525110" version="1" timestamp="2011-01-04T07:26:23Z" changeset="6857750" uid="324579" user="HaH"/>
  <node id="1081644613" lat="56.6590567" lon="16.3513591" version="1" timestamp="2011-01-04T07:26:23Z" changeset="6857750" uid="324579" user="HaH"/>
  <node id="1081644615" lat="56.6575510" lon="16.3531581" version="1" timestamp="2011-01-04T07:26:23Z" changeset="6857750" uid="324579" user="HaH"/>
  <node id="1081644618" lat="56.6585936" lon="16.3503665" version="1" timestamp="2011-01-04T07:26:23Z" changeset="6857750" uid="324579" user="HaH"/>
  <node id="1081644620" lat="56.6581011" lon="16.3529584" version="1" timestamp="2011-01-04T07:26:23Z" changeset="6857750" uid="324579" user="HaH"/>
  <node id="1081644629" lat="56.6587984" lon="16.3509901" version="1" timestamp="2011-01-04T07:26:24Z" changeset="6857750" uid="324579" user="HaH"/>
  <node id="1081644631" lat="56.6591677" lon="16.3511922" version="1" timestamp="2011-01-04T07:26:24Z" changeset="6857750" uid="324579" user="HaH"/>
  <node id="1081644632" lat="56.6585075" lon="16.3530918" version="2" timestamp="2022-08-05T23:49:13Z" changeset="124542851" uid="39001" user="antonr"/>
  <node id="1081644633" lat="56.6578217" lon="16.3529780" version="1" timestamp="2011-01-04T07:26:24Z" changeset="6857750" uid="324579" user="HaH"/>
  <node id="1081644634" lat="56.6561373" lon="16.3544730" version="1" timestamp="2011-01-04T07:26:24Z" changeset="6857750" uid="324579" user="HaH"/>
  <node id="1081644635" lat="56.6592690" lon="16.3515017" version="1" timestamp="2011-01-04T07:26:24Z" changeset="6857750" uid="324579" user="HaH"/>
  <node id="1081644637" lat="56.6582588" lon="16.3537677" version="1" timestamp="2011-01-04T07:26:24Z" changeset="6857750" uid="324579" user="HaH"/>
  <node id="1081644638" lat="56.6558058" lon="16.3510100" version="1" timestamp="2011-01-04T07:26:24Z" changeset="6857750" uid="324579" user="HaH"/>
  <node id="1081644640" lat="56.6591408" lon="16.3512749" version="1" timestamp="2011-01-04T07:26:24Z" changeset="6857750" uid="324579" user="HaH"/>
  <node id="1081644642" lat="56.6567329" lon="16.3533627" version="2" timestamp="2022-08-05T23:49:13Z" changeset="124542851" uid="39001" user="antonr"/>
  <node id="1081644651" lat="56.6585917" lon="16.3505271" version="1" timestamp="2011-01-04T07:26:24Z" changeset="6857750" uid="324579" user="HaH"/>
  <node id="1081644654" lat="56.6570160" lon="16.3531568" version="1" timestamp="2011-01-04T07:26:24Z" changeset="6857750" uid="324579" user="HaH"/>
  <node id="1081644655" lat="56.6591307" lon="16.3513591" version="1" timestamp="2011-01-04T07:26:24Z" changeset="6857750" uid="324579" user="HaH"/>
  <node id="1081644656" lat="56.6590497" lon="16.3512894" version="1" timestamp="2011-01-04T07:26:24Z" changeset="6857750" uid="324579" user="HaH"/>
  <node id="1081644659" lat="56.6585039" lon="16.3504804" version="1" timestamp="2011-01-04T07:26:24Z" changeset="6857750" uid="324579" user="HaH"/>
  <node id="1081644660" lat="56.6564576" lon="16.3511659" version="2" timestamp="2011-01-04T14:24:31Z" changeset="6861129" uid="324579" user="HaH"/>
  <node id="1081644662" lat="56.6558912" lon="16.3538341" version="1" timestamp="2011-01-04T07:26:24Z" changeset="6857750" uid="324579" user="HaH"/>
  <node id="1081644670" lat="56.6584012" lon="16.3503035" version="1" timestamp="2011-01-04T07:26:24Z" changeset="6857750" uid="324579" user="HaH"/>
  <node id="1081644672" lat="56.6586391" lon="16.3505898" version="1" timestamp="2011-01-04T07:26:25Z" changeset="6857750" uid="324579" user="HaH"/>
  <node id="1081644674" lat="56.6590480" lon="16.3505246" version="1" timestamp="2011-01-04T07:26:25Z" changeset="6857750" uid="324579" user="HaH"/>
  <node id="1081644676" lat="56.6571672" lon="16.3522628" version="1" timestamp="2011-01-04T07:26:25Z" changeset="6857750" uid="324579" user="HaH"/>
  <node id="1081644677" lat="56.6578177" lon="16.3526725" version="1" timestamp="2011-01-04T07:26:25Z" changeset="6857750" uid="324579" user="HaH"/>
  <node id="1081644678" lat="56.6590398" lon="16.3513361" version="1" timestamp="2011-01-04T07:26:25Z" changeset="6857750" uid="324579" user="HaH"/>
  <node id="1081644680" lat="56.6593270" lon="16.3515541" version="1" timestamp="2011-01-04T07:26:25Z" changeset="6857750" uid="324579" user="HaH"/>
  <node id="1081644681" lat="56.6573668" lon="16.3531043" version="1" timestamp="2011-01-04T07:26:25Z" changeset="6857750" uid="324579" user="HaH"/>
  <node id="1081644683" lat="56.6581374" lon="16.3529996" version="1" timestamp="2011-01-04T07:26:25Z" changeset="6857750" uid="324579" user="HaH"/>
  <node id="1081644692" lat="56.6583544" lon="16.3505044" version="1" timestamp="2011-01-04T07:26:25Z" changeset="6857750" uid="324579" user="HaH"/>
  <node id="1081644694" lat="56.6562850" lon="16.3543118" version="1" timestamp="2011-01-04T07:26:25Z" changeset="6857750" uid="324579" user="HaH"/>
  <node id="1081644696" lat="56.6593385" lon="16.3515120" version="1" timestamp="2011-01-04T07:26:25Z" changeset="6857750" uid="324579" user="HaH"/>
  <node id="1081644699" lat="56.6583472" lon="16.3538416" version="1" timestamp="2011-01-04T07:26:25Z" changeset="6857750" uid="324579" user="HaH"/>
  <node id="1081644700" lat="56.6591282" lon="16.3512397" version="1" timestamp="2011-01-04T07:26:25Z" changeset="6857750" uid="324579" user="HaH"/>
  <node id="1081644701" lat="56.6587921" lon="16.3534683" version="2" timestamp="2022-08-05T23:49:13Z" changeset="124542851" uid="39001" user="antonr"/>
  <node id="1081644702" lat="56.6585444" lon="16.3505227" version="1" timestamp="2011-01-04T07:26:25Z" changeset="6857750" uid="324579" user="HaH"/>
  <node id="1081644709" lat="56.6584380" lon="16.3531118" version="1" timestamp="2011-01-04T07:26:26Z" changeset="6857750" uid="324579" user="HaH"/>
  <node id="1081644713" lat="56.6589751" lon="16.3503238" version="1" timestamp="2011-01-04T07:26:26Z" changeset="6857750" uid="324579" user="HaH"/>
  <node id="1081644718" lat="56.6577261" lon="16.3525604" version="1" timestamp="2011-01-04T07:26:26Z" changeset="6857750" uid="324579" user="HaH"/>
  <node id="1081644722" lat="56.6592364" lon="16.3514722" version="1" timestamp="2011-01-04T07:26:26Z" changeset="6857750" uid="324579" user="HaH"/>
  <node id="1081644724" lat="56.6591672" lon="16.3509037" version="1" timestamp="2011-01-04T07:26:26Z" changeset="6857750" uid="324579" user="HaH"/>
  <node id="1081644727" lat="56.6558682" lon="16.3513683" version="1" timestamp="2011-01-04T07:26:26Z" changeset="6857750" uid="324579" user="HaH"/>
  <node id="1081644729" lat="56.6589760" lon="16.3506112" version="1" timestamp="2011-01-04T07:26:26Z" changeset="6857750" uid="324579" user="HaH"/>
  <node id="1081644731" lat="56.6586069" lon="16.3505430" version="1" timestamp="2011-01-04T07:26:26Z" changeset="6857750" uid="324579" user="HaH"/>
  <node id="1081644733" lat="56.6570861" lon="16.3529255" version="2" timestamp="2022-08-05T23:49:13Z" changeset="124542851" uid="39001" user="antonr"/>
  <node id="1081644735" lat="56.6577729" lon="16.3527938" version="1" timestamp="2011-01-04T07:26:26Z" changeset="6857750" uid="324579" user="HaH"/>
  <node id="1081644736" lat="56.6591038" lon="16.3514510" version="1" timestamp="2011-01-04T07:26:26Z" changeset="6857750" uid="324579" user="HaH"/>
  <node id="1081644748" lat="56.6587778" lon="16.3508390" version="1" timestamp="2011-01-04T07:26:27Z" changeset="6857750" uid="324579" user="HaH"/>
  <node id="1081644750" lat="56.6587615" lon="16.3532538" version="2" timestamp="2022-08-05T23:49:13Z" changeset="124542851" uid="39001" user="antonr"/>
  <node id="1081644752" lat="56.6583907" lon="16.3503907" version="1" timestamp="2011-01-04T07:26:27Z" changeset="6857750" uid="324579" user="HaH"/>
  <node id="1081644753" lat="56.6568662" lon="16.3531943" version="2" timestamp="2022-08-05T23:49:13Z" changeset="124542851" uid="39001" user="antonr"/>
  <node id="1081644754" lat="56.6579944" lon="16.3530339" version="1" timestamp="2011-01-04T07:26:27Z" changeset="6857750" uid="324579" user="HaH"/>
  <node id="1081644755" lat="56.6562782" lon="16.3511650" version="1" timestamp="2011-01-04T07:26:27Z" changeset="6857750" uid="324579" user="HaH"/>
  <node id="1081644756" lat="56.6558813" lon="16.3541207" version="1" timestamp="2011-01-04T07:26:27Z" changeset="6857750" uid="324579" user="HaH"/>
  <node id="1081644757" lat="56.6579955" lon="16.3532283" version="1" timestamp="2011-01-04T07:26:27Z" changeset="6857750" uid="324579" user="HaH"/>
  <node id="1081644762" lat="56.6590752" lon="16.3512428" version="1" timestamp="2011-01-04T07:26:27Z" changeset="6857750" uid="324579" user="HaH"/>
  <node id="1081644764" lat="56.6593734" lon="16.3515960" version="1" timestamp="2011-01-04T07:26:27Z" changeset="6857750" uid="324579" user="HaH"/>
  <node id="1081644765" lat="56.6572714" lon="16.3531238" version="1" timestamp="2011-01-04T07:26:27Z" changeset="6857750" uid="324579" user="HaH"/>
  <node id="1081644766" lat="56.6585168" lon="16.3506103" version="1" timestamp="2011-01-04T07:26:27Z" changeset="6857750" uid="324579" user="HaH"/>
  <node id="1081644767" lat="56.6590295" lon="16.3511234" version="1" timestamp="2011-01-04T07:26:28Z" changeset="6857750" uid="324579" user="HaH"/>
  <node id="1081644768" lat="56.6581847" lon="16.3531707" version="1" timestamp="2011-01-04T07:26:28Z" changeset="6857750" uid="324579" user="HaH"/>
  <node id="1081644769" lat="56.6586665" lon="16.3504425" version="1" timestamp="2011-01-04T07:26:28Z" changeset="6857750" uid="324579" user="HaH"/>
  <node id="1081644771" lat="56.6563698" lon="16.3539356" version="2" timestamp="2020-11-18T16:22:00Z" changeset="94379232" uid="159302" user="osmium"/>
  <node id="1081644772" lat="56.6592071" lon="16.3515798" version="1" timestamp="2011-01-04T07:26:28Z" changeset="6857750" uid="324579" user="HaH"/>
  <node id="1081644776" lat="56.6585127" lon="16.3506235" version="1" timestamp="2011-01-04T07:26:28Z" changeset="6857750" uid="324579" user="HaH"/>
  <node id="1081644778" lat="56.6559535" lon="16.3521444" version="1" timestamp="2011-01-04T07:26:28Z" changeset="6857750" uid="324579" user="HaH"/>
  <node id="1081644782" lat="56.6587385" lon="16.3505253" version="1" timestamp="2011-01-04T07:26:28Z" changeset="6857750" uid="324579" user="HaH"/>
  <node id="1081644784" lat="56.6591082" lon="16.3507136" version="1" timestamp="2011-01-04T07:26:28Z" changeset="6857750" uid="324579" user="HaH"/>
  <node id="1081644786" lat="56.6586185" lon="16.3505063" version="1" timestamp="2011-01-04T07:26:28Z" changeset="6857750" uid="324579" user="HaH"/>
  <node id="1081644791" lat="56.6571392" lon="16.3527352" version="1" timestamp="2011-01-04T07:26:28Z" changeset="6857750" uid="324579" user="HaH"/>
  <node id="1081644793" lat="56.6578579" lon="16.3528750" version="1" timestamp="2011-01-04T07:26:28Z" changeset="6857750" uid="324579" user="HaH"/>
  <node id="1081644795" lat="56.6590491" lon="16.3513897" version="1" timestamp="2011-01-04T07:26:28Z" changeset="6857750" uid="324579" user="HaH"/>
  <node id="1081644806" lat="56.6579224" lon="16.3532287" version="2" timestamp="2022-08-05T23:49:13Z" changeset="124542851" uid="39001" user="antonr"/>
  <node id="1081644810" lat="56.6581308" lon="16.3528716" version="1" timestamp="2011-01-04T07:26:29Z" changeset="6857750" uid="324579" user="HaH"/>
  <node id="1081644812" lat="56.6583723" lon="16.3502730" version="1" timestamp="2011-01-04T07:26:29Z" changeset="6857750" uid="324579" user="HaH"/>
  <node id="1081644814" lat="56.6590862" lon="16.3509868" version="1" timestamp="2011-01-04T07:26:29Z" changeset="6857750" uid="324579" user="HaH"/>
  <node id="1081644815" lat="56.6579581" lon="16.3531370" version="1" timestamp="2011-01-04T07:26:29Z" changeset="6857750" uid="324579" user="HaH"/>
  <node id="1081644816" lat="56.6588290" lon="16.3508917" version="1" timestamp="2011-01-04T07:26:29Z" changeset="6857750" uid="324579" user="HaH"/>
  <node id="1081644818" lat="56.6559896" lon="16.3511222" version="1" timestamp="2011-01-04T07:26:29Z" changeset="6857750" uid="324579" user="HaH"/>
  <node id="1081644820" lat="56.6559535" lon="16.3544133" version="1" timestamp="2011-01-04T07:26:29Z" changeset="6857750" uid="324579" user="HaH"/>
  <node id="1081644821" lat="56.6590849" lon="16.3511850" version="1" timestamp="2011-01-04T07:26:29Z" changeset="6857750" uid="324579" user="HaH"/>
  <node id="1081644835" lat="56.6589031" lon="16.3504104" version="1" timestamp="2011-01-04T07:26:29Z" changeset="6857750" uid="324579" user="HaH"/>
  <node id="1081644838" lat="56.6582876" lon="16.3536538" version="1" timestamp="2011-01-04T07:26:29Z" changeset="6857750" uid="324579" user="HaH"/>
  <node id="1081644840" lat="56.6576813" lon="16.3526818" version="1" timestamp="2011-01-04T07:26:29Z" changeset="6857750" uid="324579" user="HaH"/>
  <node id="1081644844" lat="56.6591231" lon="16.3512933" version="1" timestamp="2011-01-04T07:26:29Z" changeset="6857750" uid="324579" user="HaH"/>
  <node id="1081644847" lat="56.6587472" lon="16.3509375" version="1" timestamp="2011-01-04T07:26:29Z" changeset="6857750" uid="324579" user="HaH"/>
  <node id="1081644853" lat="56.6589944" lon="16.3512278" version="1" timestamp="2011-01-04T07:26:29Z" changeset="6857750" uid="324579" user="HaH"/>
  <node id="1081644856" lat="56.6587133" lon="16.3531882" version="1" timestamp="2011-01-04T07:26:29Z" changeset="6857750" uid="324579" user="HaH"/>
  <node id="1081644863" lat="56.6583778" lon="16.3503771" version="1" timestamp="2011-01-04T07:26:30Z" changeset="6857750" uid="324579" user="HaH"/>
  <node id="1081644866" lat="56.6586742" lon="16.3504653" version="1" timestamp="2011-01-04T07:26:30Z" changeset="6857750" uid="324579" user="HaH"/>
  <node id="1081644874" lat="56.6565442" lon="16.3536669" version="1" timestamp="2011-01-04T07:26:30Z" changeset="6857750" uid="324579" user="HaH"/>
  <node id="1081829748" lat="56.6607936" lon="16.3542806" version="1" timestamp="2011-01-04T09:41:44Z" changeset="6858551" uid="324579" user="HaH"/>
  <node id="1081829850" lat="56.6606476" lon="16.3541593" version="1" timestamp="2011-01-04T09:41:46Z" changeset="6858551" uid="324579" user="HaH"/>
  <node id="1081829958" lat="56.6606984" lon="16.3542192" version="1" timestamp="2011-01-04T09:41:48Z" changeset="6858551" uid="324579" user="HaH"/>
  <node id="1081830024" lat="56.6608467" lon="16.3541318" version="1" timestamp="2011-01-04T09:41:51Z" changeset="6858551" uid="324579" user="HaH"/>
  <node id="1081830050" lat="56.6607112" lon="16.3541834" version="1" timestamp="2011-01-04T09:41:53Z" changeset="6858551" uid="324579" user="HaH"/>
  <node id="1081830083" lat="56.6607134" lon="16.3539746" version="1" timestamp="2011-01-04T09:41:54Z" changeset="6858551" uid="324579" user="HaH"/>
  <node id="1082128505" lat="56.6574351" lon="16.3484603" version="1" timestamp="2011-01-04T14:24:22Z" changeset="6861129" uid="324579" user="HaH"/>
  <node id="1082128560" lat="56.6568997" lon="16.3515853" version="1" timestamp="2011-01-04T14:24:23Z" changeset="6861129" uid="324579" user="HaH"/>
  <node id="1083645315" lat="56.6578098" lon="16.3513642" version="1" timestamp="2011-01-05T16:05:20Z" changeset="6873267" uid="12294" user="izzor"/>
  <node id="1083645323" lat="56.6577690" lon="16.3511376" version="2" timestamp="2016-09-05T14:07:54Z" changeset="41931830" uid="12294" user="izzor"/>
  <node id="1083645339" lat="56.6578431" lon="16.3514096" version="1" timestamp="2011-01-05T16:05:21Z" changeset="6873267" uid="12294" user="izzor"/>
  <node id="1083645342" lat="56.6579748" lon="16.3513667" version="2" timestamp="2016-09-05T14:07:54Z" changeset="41931830" uid="12294" user="izzor"/>
  <node id="1083645385" lat="56.6579548" lon="16.3514407" version="2" timestamp="2016-09-05T14:07:54Z" changeset="41931830" uid="12294" user="izzor"/>
  <node id="1083645400" lat="56.6578546" lon="16.3510769" version="2" timestamp="2016-09-05T14:07:54Z" changeset="41931830" uid="12294" user="izzor"/>
  <node id="1083645427" lat="56.6579270" lon="16.3514905" version="2" timestamp="2016-09-05T14:07:54Z" changeset="41931830" uid="12294" user="izzor"/>
  <node id="1083645449" lat="56.6578014" lon="16.3512993" version="1" timestamp="2011-01-05T16:05:27Z" changeset="6873267" uid="12294" user="izzor"/>
  <node id="1083645456" lat="56.6578087" lon="16.3510925" version="2" timestamp="2016-09-05T14:07:54Z" changeset="41931830" uid="12294" user="izzor"/>
  <node id="1083645464" lat="56.6577413" lon="16.3512061" version="2" timestamp="2016-09-05T14:07:54Z" changeset="41931830" uid="12294" user="izzor"/>
  <node id="1083645471" lat="56.6578228" lon="16.3512322" version="1" timestamp="2011-01-05T16:05:28Z" changeset="6873267" uid="12294" user="izzor"/>
  <node id="1083645473" lat="56.6578966" lon="16.3512495" version="1" timestamp="2011-01-05T16:05:28Z" changeset="6873267" uid="12294" user="izzor"/>
  <node id="1083645483" lat="56.6575514" lon="16.3521138" version="2" timestamp="2022-08-05T23:49:13Z" changeset="124542851" uid="39001" user="antonr"/>
  <node id="1083645504" lat="56.6578609" lon="16.3512214" version="1" timestamp="2011-01-05T16:05:30Z" changeset="6873267" uid="12294" user="izzor"/>
  <node id="1083645510" lat="56.6578535" lon="16.3515329" version="2" timestamp="2016-09-05T14:07:54Z" changeset="41931830" uid="12294" user="izzor"/>
  <node id="1083645525" lat="56.6577380" lon="16.3513904" version="2" timestamp="2016-09-05T14:07:54Z" changeset="41931830" uid="12294" user="izzor"/>
  <node id="1083645539" lat="56.6579006" lon="16.3510930" version="2" timestamp="2016-09-05T14:07:54Z" changeset="41931830" uid="12294" user="izzor"/>
  <node id="1083645553" lat="56.6578883" lon="16.3513902" version="1" timestamp="2011-01-05T16:05:32Z" changeset="6873267" uid="12294" user="izzor"/>
  <node id="1083645559" lat="56.6579790" lon="16.3512846" version="2" timestamp="2016-09-05T14:07:54Z" changeset="41931830" uid="12294" user="izzor"/>
  <node id="1083645563" lat="56.6579400" lon="16.3511387" version="2" timestamp="2016-09-05T14:07:54Z" changeset="41931830" uid="12294" user="izzor"/>
  <node id="1083645569" lat="56.6578921" lon="16.3515222" version="2" timestamp="2016-09-05T14:07:54Z" changeset="41931830" uid="12294" user="izzor"/>
  <node id="1083645582" lat="56.6577554" lon="16.3514450" version="2" timestamp="2016-09-05T14:07:54Z" changeset="41931830" uid="12294" user="izzor"/>
  <node id="1083645605" lat="56.6591007" lon="16.3527088" version="1" timestamp="2011-01-05T16:05:35Z" changeset="6873267" uid="12294" user="izzor"/>
  <node id="1083645617" lat="56.6579061" lon="16.3513209" version="1" timestamp="2011-01-05T16:05:35Z" changeset="6873267" uid="12294" user="izzor"/>
  <node id="1083645630" lat="56.6579669" lon="16.3512051" version="2" timestamp="2016-09-05T14:07:54Z" changeset="41931830" uid="12294" user="izzor"/>
  <node id="1083645633" lat="56.6577803" lon="16.3514889" version="2" timestamp="2016-09-05T14:07:54Z" changeset="41931830" uid="12294" user="izzor"/>
  <node id="1083645667" lat="56.6577307" lon="16.3512662" version="2" timestamp="2016-09-05T14:07:54Z" changeset="41931830" uid="12294" user="izzor"/>
  <node id="1083645679" lat="56.6578150" lon="16.3515214" version="2" timestamp="2016-09-05T14:07:54Z" changeset="41931830" uid="12294" user="izzor"/>
  <node id="1083645733" lat="56.6577296" lon="16.3513292" version="2" timestamp="2016-09-05T14:07:54Z" changeset="41931830" uid="12294" user="izzor"/>
  <node id="1085293906" lat="56.6498027" lon="16.3331992" version="1" timestamp="2011-01-06T08:05:30Z" changeset="6879246" uid="324579" user="HaH"/>
  <node id="1085293921" lat="56.6498712" lon="16.3334259" version="1" timestamp="2011-01-06T08:05:30Z" changeset="6879246" uid="324579" user="HaH"/>
  <node id="1085293934" lat="56.6498486" lon="16.3332895" version="1" timestamp="2011-01-06T08:05:31Z" changeset="6879246" uid="324579" user="HaH"/>
  <node id="1085293962" lat="56.6498014" lon="16.3333619" version="1" timestamp="2011-01-06T08:05:31Z" changeset="6879246" uid="324579" user="HaH"/>
  <node id="1085293973" lat="56.6498955" lon="16.3337575" version="1" timestamp="2011-01-06T08:05:32Z" changeset="6879246" uid="324579" user="HaH"/>
  <node id="1085293983" lat="56.6498514" lon="16.3332107" version="1" timestamp="2011-01-06T08:05:32Z" changeset="6879246" uid="324579" user="HaH"/>
  <node id="1085293999" lat="56.6498441" lon="16.3335622" version="1" timestamp="2011-01-06T08:05:32Z" changeset="6879246" uid="324579" user="HaH"/>
  <node id="1085294000" lat="56.6499365" lon="16.3336919" version="1" timestamp="2011-01-06T08:05:32Z" changeset="6879246" uid="324579" user="HaH"/>
  <node id="1417976250" lat="56.6672999" lon="16.3682769" version="2" timestamp="2012-01-23T21:41:42Z" changeset="10479605" uid="12294" user="izzor"/>
  <node id="1420028849" lat="56.6597169" lon="16.3599688" version="9" timestamp="2026-06-27T19:08:49Z" changeset="184709014" uid="83501" user="riiga"/>
  <node id="1519885194" lat="56.6599145" lon="16.3548004" version="2" timestamp="2020-11-19T20:13:43Z" changeset="94459151" uid="159302" user="osmium"/>
  <node id="1519885199" lat="56.6600317" lon="16.3547309" version="2" timestamp="2020-11-19T20:13:43Z" changeset="94459151" uid="159302" user="osmium"/>
  <node id="1519885204" lat="56.6601606" lon="16.3547352" version="2" timestamp="2020-11-19T20:13:43Z" changeset="94459151" uid="159302" user="osmium"/>
  <node id="1519885208" lat="56.6602031" lon="16.3547159" version="2" timestamp="2020-11-19T20:13:43Z" changeset="94459151" uid="159302" user="osmium"/>
  <node id="1519885213" lat="56.6602337" lon="16.3546641" version="2" timestamp="2020-11-19T20:13:43Z" changeset="94459151" uid="159302" user="osmium"/>
  <node id="1519885215" lat="56.6602755" lon="16.3545830" version="2" timestamp="2020-11-19T20:13:43Z" changeset="94459151" uid="159302" user="osmium"/>
  <node id="1619179930" lat="56.6578831" lon="16.3532143" version="1" timestamp="2012-02-05T17:49:49Z" changeset="10596213" uid="12294" user="izzor"/>
  <node id="1620458973" lat="56.6554573" lon="16.3631406" version="2" timestamp="2025-05-24T12:55:21Z" changeset="166696346" uid="20259094" user="MtbBob"/>
  <node id="1620458974" lat="56.6556695" lon="16.3623361" version="2" timestamp="2025-05-24T12:55:21Z" changeset="166696346" uid="20259094" user="MtbBob"/>
  <node id="1620458976" lat="56.6559015" lon="16.3617514" version="1" timestamp="2012-02-06T17:05:18Z" changeset="10604760" uid="306096" user="joakimfors"/>
  <node id="1620458978" lat="56.6562919" lon="16.3610847" version="2" timestamp="2025-05-24T12:55:21Z" changeset="166696346" uid="20259094" user="MtbBob"/>
  <node id="1620458983" lat="56.6577754" lon="16.3599634" version="1" timestamp="2012-02-06T17:05:18Z" changeset="10604760" uid="306096" user="joakimfors"/>
  <node id="1620458985" lat="56.6593365" lon="16.3598340" version="3" timestamp="2026-06-27T19:08:49Z" changeset="184709014" uid="83501" user="riiga"/>
  <node id="1620666494" lat="56.6604702" lon="16.3516318" version="2" timestamp="2012-02-11T15:37:03Z" changeset="10653883" uid="12294" user="izzor">
    <tag k="historic" v="memorial"/>
    <tag k="name" v="Unionsstenen"/>
  </node>
  <node id="1620666620" lat="56.6569825" lon="16.3474088" version="1" timestamp="2012-02-06T19:59:31Z" changeset="10606411" uid="12294" user="izzor"/>
  <node id="1620666627" lat="56.6570411" lon="16.3470094" version="2" timestamp="2025-07-16T07:32:38Z" changeset="168998492" uid="156646" user="archie"/>
  <node id="1620666642" lat="56.6574802" lon="16.3524456" version="1" timestamp="2012-02-06T19:59:31Z" changeset="10606411" uid="12294" user="izzor"/>
  <node id="1620666657" lat="56.6574908" lon="16.3527569" version="1" timestamp="2012-02-06T19:59:32Z" changeset="10606411" uid="12294" user="izzor"/>
  <node id="1620666660" lat="56.6574989" lon="16.3520255" version="2" timestamp="2025-11-24T17:24:51Z" changeset="175077284" uid="66965" user="urk"/>
  <node id="1620666687" lat="56.6579093" lon="16.3531736" version="1" timestamp="2012-02-06T19:59:32Z" changeset="10606411" uid="12294" user="izzor"/>
  <node id="1620666691" lat="56.6579162" lon="16.3532729" version="1" timestamp="2012-02-06T19:59:32Z" changeset="10606411" uid="12294" user="izzor"/>
  <node id="1620666763" lat="56.6599482" lon="16.3520888" version="1" timestamp="2012-02-06T19:59:34Z" changeset="10606411" uid="12294" user="izzor"/>
  <node id="1620666766" lat="56.6599656" lon="16.3520255" version="1" timestamp="2012-02-06T19:59:34Z" changeset="10606411" uid="12294" user="izzor"/>
  <node id="1620666767" lat="56.6601319" lon="16.3513927" version="1" timestamp="2012-02-06T19:59:34Z" changeset="10606411" uid="12294" user="izzor"/>
  <node id="1620666775" lat="56.6602021" lon="16.3521175" version="1" timestamp="2012-02-06T19:59:34Z" changeset="10606411" uid="12294" user="izzor"/>
  <node id="1620666790" lat="56.6602817" lon="16.3522093" version="2" timestamp="2017-06-16T12:58:28Z" changeset="49591108" uid="12294" user="izzor"/>
  <node id="1620666802" lat="56.6603359" lon="16.3523533" version="2" timestamp="2017-06-16T12:58:28Z" changeset="49591108" uid="12294" user="izzor"/>
  <node id="1620666804" lat="56.6605074" lon="16.3525481" version="1" timestamp="2012-02-06T19:59:35Z" changeset="10606411" uid="12294" user="izzor"/>
  <node id="1620666806" lat="56.6605645" lon="16.3512086" version="1" timestamp="2012-02-06T19:59:35Z" changeset="10606411" uid="12294" user="izzor"/>
  <node id="1620666817" lat="56.6606624" lon="16.3527234" version="1" timestamp="2012-02-06T19:59:35Z" changeset="10606411" uid="12294" user="izzor"/>
  <node id="1620666838" lat="56.6608783" lon="16.3530869" version="2" timestamp="2017-06-16T12:58:28Z" changeset="49591108" uid="12294" user="izzor"/>
  <node id="1620666849" lat="56.6608119" lon="16.3530554" version="1" timestamp="2012-02-06T19:59:35Z" changeset="10606411" uid="12294" user="izzor"/>
  <node id="1620666860" lat="56.6609977" lon="16.3531739" version="2" timestamp="2017-06-16T12:58:28Z" changeset="49591108" uid="12294" user="izzor"/>
  <node id="1620666874" lat="56.6609416" lon="16.3515026" version="1" timestamp="2012-02-06T19:59:36Z" changeset="10606411" uid="12294" user="izzor"/>
  <node id="1620666890" lat="56.6610624" lon="16.3532105" version="1" timestamp="2012-02-06T19:59:36Z" changeset="10606411" uid="12294" user="izzor"/>
  <node id="1620666894" lat="56.6610714" lon="16.3551194" version="1" timestamp="2012-02-06T19:59:36Z" changeset="10606411" uid="12294" user="izzor"/>
  <node id="1620666915" lat="56.6610852" lon="16.3530441" version="1" timestamp="2012-02-06T19:59:36Z" changeset="10606411" uid="12294" user="izzor"/>
  <node id="1620666926" lat="56.6613402" lon="16.3533621" version="1" timestamp="2012-02-06T19:59:37Z" changeset="10606411" uid="12294" user="izzor"/>
  <node id="1674642172" lat="56.6592518" lon="16.3550247" version="1" timestamp="2012-03-14T15:18:48Z" changeset="10978886" uid="12294" user="izzor"/>
  <node id="1674642173" lat="56.6592869" lon="16.3548928" version="1" timestamp="2012-03-14T15:18:49Z" changeset="10978886" uid="12294" user="izzor"/>
  <node id="1674642174" lat="56.6602101" lon="16.3564667" version="1" timestamp="2012-03-14T15:18:49Z" changeset="10978886" uid="12294" user="izzor"/>
  <node id="1674642175" lat="56.6623342" lon="16.3579434" version="7" timestamp="2018-02-28T08:08:52Z" changeset="56746844" uid="12294" user="izzor"/>
  <node id="1804176206" lat="56.6593815" lon="16.3548624" version="3" timestamp="2020-11-19T20:13:43Z" changeset="94459151" uid="159302" user="osmium"/>
  <node id="1804176207" lat="56.6593932" lon="16.3548147" version="3" timestamp="2020-11-19T20:13:43Z" changeset="94459151" uid="159302" user="osmium"/>
  <node id="1804176208" lat="56.6594387" lon="16.3548563" version="3" timestamp="2020-11-19T20:13:43Z" changeset="94459151" uid="159302" user="osmium"/>
  <node id="1804176209" lat="56.6595715" lon="16.3548297" version="2" timestamp="2020-08-18T16:51:31Z" changeset="89587235" uid="812740" user="westis"/>
  <node id="1804176210" lat="56.6597428" lon="16.3551636" version="2" timestamp="2020-11-19T20:13:43Z" changeset="94459151" uid="159302" user="osmium"/>
  <node id="1804176211" lat="56.6597449" lon="16.3552372" version="2" timestamp="2020-11-19T20:13:43Z" changeset="94459151" uid="159302" user="osmium"/>
  <node id="1804176212" lat="56.6597982" lon="16.3549999" version="1" timestamp="2012-06-27T17:49:46Z" changeset="12039134" uid="324579" user="HaH"/>
  <node id="1804176213" lat="56.6598017" lon="16.3553785" version="2" timestamp="2020-11-19T20:13:43Z" changeset="94459151" uid="159302" user="osmium"/>
  <node id="1804176215" lat="56.6598437" lon="16.3554067" version="2" timestamp="2020-11-19T20:13:43Z" changeset="94459151" uid="159302" user="osmium"/>
  <node id="1804176217" lat="56.6599762" lon="16.3554667" version="2" timestamp="2020-11-19T20:13:43Z" changeset="94459151" uid="159302" user="osmium"/>
  <node id="1804176219" lat="56.6600184" lon="16.3554640" version="2" timestamp="2020-11-19T20:13:43Z" changeset="94459151" uid="159302" user="osmium"/>
  <node id="1804176221" lat="56.6600791" lon="16.3553975" version="2" timestamp="2020-11-19T20:13:43Z" changeset="94459151" uid="159302" user="osmium"/>
  <node id="1804176224" lat="56.6600968" lon="16.3553500" version="2" timestamp="2020-11-19T20:13:43Z" changeset="94459151" uid="159302" user="osmium"/>
  <node id="1804176227" lat="56.6601294" lon="16.3551411" version="2" timestamp="2020-11-19T20:13:43Z" changeset="94459151" uid="159302" user="osmium"/>
  <node id="1804176229" lat="56.6603148" lon="16.3549701" version="2" timestamp="2020-11-19T20:13:43Z" changeset="94459151" uid="159302" user="osmium"/>
  <node id="1804176231" lat="56.6603510" lon="16.3548451" version="2" timestamp="2020-11-19T20:13:43Z" changeset="94459151" uid="159302" user="osmium"/>
  <node id="1804176234" lat="56.6603067" lon="16.3552423" version="2" timestamp="2020-11-19T20:13:43Z" changeset="94459151" uid="159302" user="osmium"/>
  <node id="1804176244" lat="56.6603868" lon="16.3548394" version="2" timestamp="2020-11-19T20:13:43Z" changeset="94459151" uid="159302" user="osmium"/>
  <node id="1804176245" lat="56.6603800" lon="16.3550890" version="2" timestamp="2020-11-19T20:13:43Z" changeset="94459151" uid="159302" user="osmium"/>
  <node id="1804176247" lat="56.6604357" lon="16.3548672" version="2" timestamp="2020-11-19T20:13:43Z" changeset="94459151" uid="159302" user="osmium"/>
  <node id="1804176250" lat="56.6604310" lon="16.3552581" version="2" timestamp="2020-11-19T20:13:43Z" changeset="94459151" uid="159302" user="osmium"/>
  <node id="1804176252" lat="56.6604331" lon="16.3551661" version="2" timestamp="2020-11-19T20:13:43Z" changeset="94459151" uid="159302" user="osmium"/>
  <node id="1804176254" lat="56.6604753" lon="16.3551292" version="2" timestamp="2020-11-19T20:13:43Z" changeset="94459151" uid="159302" user="osmium"/>
  <node id="1804176257" lat="56.6605147" lon="16.3549608" version="2" timestamp="2020-11-19T20:13:43Z" changeset="94459151" uid="159302" user="osmium"/>
  <node id="1804176262" lat="56.6605458" lon="16.3549492" version="2" timestamp="2020-11-19T20:13:43Z" changeset="94459151" uid="159302" user="osmium"/>
  <node id="1804176265" lat="56.6605951" lon="16.3555539" version="2" timestamp="2020-11-19T20:13:43Z" changeset="94459151" uid="159302" user="osmium"/>
  <node id="1804176267" lat="56.6606064" lon="16.3553450" version="2" timestamp="2020-11-19T20:13:43Z" changeset="94459151" uid="159302" user="osmium"/>
  <node id="1804176270" lat="56.6605932" lon="16.3548644" version="2" timestamp="2020-11-19T20:13:43Z" changeset="94459151" uid="159302" user="osmium"/>
  <node id="1804176272" lat="56.6606503" lon="16.3551926" version="2" timestamp="2020-11-19T20:13:43Z" changeset="94459151" uid="159302" user="osmium"/>
  <node id="1804176274" lat="56.6606805" lon="16.3549369" version="2" timestamp="2020-11-19T20:13:43Z" changeset="94459151" uid="159302" user="osmium"/>
  <node id="1860708692" lat="56.6656274" lon="16.3723426" version="1" timestamp="2012-08-10T20:06:13Z" changeset="12684244" uid="766574" user="Marcus Bengtsson"/>
  <node id="1860708693" lat="56.6666185" lon="16.3718410" version="1" timestamp="2012-08-10T20:06:13Z" changeset="12684244" uid="766574" user="Marcus Bengtsson"/>
  <node id="1865920780" lat="56.6595200" lon="16.3515283" version="1" timestamp="2012-08-14T16:07:07Z" changeset="12728704" uid="766574" user="Marcus Bengtsson"/>
  <node id="1865920781" lat="56.6594958" lon="16.3515973" version="1" timestamp="2012-08-14T16:07:07Z" changeset="12728704" uid="766574" user="Marcus Bengtsson"/>
  <node id="2016924647" lat="56.6665143" lon="16.3621700" version="1" timestamp="2012-11-16T18:28:51Z" changeset="13897370" uid="12294" user="izzor"/>
  <node id="2038740155" lat="56.6582521" lon="16.3774435" version="1" timestamp="2012-11-28T18:53:48Z" changeset="14077343" uid="324579" user="HaH"/>
  <node id="2038740158" lat="56.6583164" lon="16.3772549" version="2" timestamp="2025-06-28T20:06:51Z" changeset="168241394" uid="20259094" user="MtbBob"/>
  <node id="2038740163" lat="56.6587053" lon="16.3781331" version="2" timestamp="2025-06-28T20:06:51Z" changeset="168241394" uid="20259094" user="MtbBob"/>
  <node id="2038740164" lat="56.6587594" lon="16.3780152" version="2" timestamp="2025-06-28T20:06:51Z" changeset="168241394" uid="20259094" user="MtbBob"/>
  <node id="2038740166" lat="56.6590302" lon="16.3782962" version="1" timestamp="2012-11-28T18:53:48Z" changeset="14077343" uid="324579" user="HaH"/>
  <node id="2038740168" lat="56.6591277" lon="16.3770336" version="2" timestamp="2025-06-28T20:06:51Z" changeset="168241394" uid="20259094" user="MtbBob"/>
  <node id="2038740170" lat="56.6591646" lon="16.3781940" version="1" timestamp="2012-11-28T18:53:48Z" changeset="14077343" uid="324579" user="HaH"/>
  <node id="2038740172" lat="56.6591865" lon="16.3779031" version="1" timestamp="2012-11-28T18:53:48Z" changeset="14077343" uid="324579" user="HaH"/>
  <node id="2038740174" lat="56.6592008" lon="16.3772797" version="1" timestamp="2012-11-28T18:53:48Z" changeset="14077343" uid="324579" user="HaH"/>
  <node id="2038740186" lat="56.6596296" lon="16.3785419" version="2" timestamp="2025-06-28T20:06:51Z" changeset="168241394" uid="20259094" user="MtbBob"/>
  <node id="2038740193" lat="56.6597473" lon="16.3775179" version="2" timestamp="2025-06-28T20:06:51Z" changeset="168241394" uid="20259094" user="MtbBob"/>
  <node id="2170908913" lat="56.6584123" lon="16.3537460" version="1" timestamp="2013-02-24T10:03:36Z" changeset="15145476" uid="76269" user="Snusmumriken"/>
  <node id="2170908914" lat="56.6584671" lon="16.3536153" version="1" timestamp="2013-02-24T10:03:36Z" changeset="15145476" uid="76269" user="Snusmumriken"/>
  <node id="2188687839" lat="56.6517212" lon="16.3423547" version="1" timestamp="2013-03-06T17:18:34Z" changeset="15272982" uid="233008" user="runf"/>
  <node id="2188687882" lat="56.6666673" lon="16.3692822" version="1" timestamp="2013-03-06T17:18:35Z" changeset="15272982" uid="233008" user="runf"/>
  <node id="2188687920" lat="56.6666068" lon="16.3699723" version="1" timestamp="2013-03-06T17:18:36Z" changeset="15272982" uid="233008" user="runf"/>
  <node id="2188688041" lat="56.6672610" lon="16.3687589" version="1" timestamp="2013-03-06T17:18:39Z" changeset="15272982" uid="233008" user="runf"/>
  <node id="2188688045" lat="56.6516668" lon="16.3426594" version="1" timestamp="2013-03-06T17:18:39Z" changeset="15272982" uid="233008" user="runf"/>
  <node id="3102499388" lat="56.6602570" lon="16.3603940" version="3" timestamp="2026-06-27T19:08:49Z" changeset="184709014" uid="83501" user="riiga"/>
  <node id="3102499389" lat="56.6605645" lon="16.3611202" version="3" timestamp="2026-06-27T19:08:49Z" changeset="184709014" uid="83501" user="riiga"/>
  <node id="3906085507" lat="56.6602172" lon="16.3530627" version="3" timestamp="2018-09-21T09:41:10Z" changeset="62790323" uid="12294" user="izzor">
    <tag k="addr:city" v="Kalmar"/>
    <tag k="addr:country" v="SE"/>
    <tag k="addr:housenumber" v="3A"/>
    <tag k="addr:postcode" v="39233"/>
    <tag k="addr:street" v="Slottsvägen"/>
  </node>
  <node id="3906085508" lat="56.6603353" lon="16.3531076" version="4" timestamp="2018-09-21T09:41:10Z" changeset="62790323" uid="12294" user="izzor">
    <tag k="addr:city" v="Kalmar"/>
    <tag k="addr:country" v="SE"/>
    <tag k="addr:housenumber" v="3B"/>
    <tag k="addr:postcode" v="39233"/>
    <tag k="addr:street" v="Slottsvägen"/>
  </node>
  <node id="3906085509" lat="56.6604737" lon="16.3527145" version="2" timestamp="2018-09-21T09:41:10Z" changeset="62790323" uid="12294" user="izzor">
    <tag k="addr:city" v="Kalmar"/>
    <tag k="addr:country" v="SE"/>
    <tag k="addr:housenumber" v="3C"/>
    <tag k="addr:postcode" v="39233"/>
    <tag k="addr:street" v="Slottsvägen"/>
  </node>
  <node id="3906085510" lat="56.6600242" lon="16.3533635" version="2" timestamp="2018-09-21T09:41:11Z" changeset="62790323" uid="12294" user="izzor">
    <tag k="addr:city" v="Kalmar"/>
    <tag k="addr:country" v="SE"/>
    <tag k="addr:housenumber" v="3D"/>
    <tag k="addr:postcode" v="39233"/>
    <tag k="addr:street" v="Slottsvägen"/>
  </node>
  <node id="3906085511" lat="56.6601157" lon="16.3533831" version="2" timestamp="2018-09-21T09:41:11Z" changeset="62790323" uid="12294" user="izzor">
    <tag k="addr:city" v="Kalmar"/>
    <tag k="addr:country" v="SE"/>
    <tag k="addr:housenumber" v="3E"/>
    <tag k="addr:postcode" v="39233"/>
    <tag k="addr:street" v="Slottsvägen"/>
  </node>
  <node id="3906085518" lat="56.6602066" lon="16.3540947" version="1" timestamp="2015-12-23T08:53:11Z" changeset="36120755" uid="12294" user="izzor"/>
  <node id="3906085519" lat="56.6602351" lon="16.3539868" version="1" timestamp="2015-12-23T08:53:11Z" changeset="36120755" uid="12294" user="izzor"/>
  <node id="3906085520" lat="56.6602412" lon="16.3533260" version="2" timestamp="2015-12-23T10:08:51Z" changeset="36122008" uid="12294" user="izzor"/>
  <node id="3906085521" lat="56.6602647" lon="16.3537253" version="1" timestamp="2015-12-23T08:53:11Z" changeset="36120755" uid="12294" user="izzor"/>
  <node id="3906085522" lat="56.6602657" lon="16.3535345" version="1" timestamp="2015-12-23T08:53:11Z" changeset="36120755" uid="12294" user="izzor"/>
  <node id="3906173397" lat="56.6602649" lon="16.3534153" version="2" timestamp="2017-06-16T12:58:28Z" changeset="49591108" uid="12294" user="izzor"/>
  <node id="4309189912" lat="56.6525830" lon="16.3631263" version="1" timestamp="2016-07-18T14:39:09Z" changeset="40820421" uid="12294" user="izzor"/>
  <node id="4309189913" lat="56.6530198" lon="16.3553582" version="1" timestamp="2016-07-18T14:39:09Z" changeset="40820421" uid="12294" user="izzor"/>
  <node id="4309189914" lat="56.6546123" lon="16.3524869" version="1" timestamp="2016-07-18T14:39:09Z" changeset="40820421" uid="12294" user="izzor"/>
  <node id="4309189915" lat="56.6554719" lon="16.3578963" version="1" timestamp="2016-07-18T14:39:10Z" changeset="40820421" uid="12294" user="izzor"/>
  <node id="4309189916" lat="56.6565293" lon="16.3511068" version="1" timestamp="2016-07-18T14:39:10Z" changeset="40820421" uid="12294" user="izzor"/>
  <node id="4309189917" lat="56.6569234" lon="16.3566657" version="1" timestamp="2016-07-18T14:39:10Z" changeset="40820421" uid="12294" user="izzor"/>
  <node id="4309189918" lat="56.6574448" lon="16.3484362" version="1" timestamp="2016-07-18T14:39:10Z" changeset="40820421" uid="12294" user="izzor"/>
  <node id="4309189919" lat="56.6582198" lon="16.3572041" version="1" timestamp="2016-07-18T14:39:10Z" changeset="40820421" uid="12294" user="izzor"/>
  <node id="4309189920" lat="56.6588035" lon="16.3429259" version="1" timestamp="2016-07-18T14:39:10Z" changeset="40820421" uid="12294" user="izzor"/>
  <node id="4309189921" lat="56.6590230" lon="16.3425397" version="1" timestamp="2016-07-18T14:39:10Z" changeset="40820421" uid="12294" user="izzor"/>
  <node id="4309189922" lat="56.6593861" lon="16.3571330" version="1" timestamp="2016-07-18T14:39:10Z" changeset="40820421" uid="12294" user="izzor"/>
  <node id="4309189923" lat="56.6597687" lon="16.3604050" version="1" timestamp="2016-07-18T14:39:10Z" changeset="40820421" uid="12294" user="izzor"/>
  <node id="4309189924" lat="56.6598550" lon="16.3613886" version="1" timestamp="2016-07-18T14:39:10Z" changeset="40820421" uid="12294" user="izzor"/>
  <node id="4309189925" lat="56.6600728" lon="16.3610935" version="1" timestamp="2016-07-18T14:39:10Z" changeset="40820421" uid="12294" user="izzor"/>
  <node id="4309189926" lat="56.6601072" lon="16.3647689" version="1" timestamp="2016-07-18T14:39:10Z" changeset="40820421" uid="12294" user="izzor"/>
  <node id="4309189927" lat="56.6602981" lon="16.3659592" version="1" timestamp="2016-07-18T14:39:10Z" changeset="40820421" uid="12294" user="izzor"/>
  <node id="4309189929" lat="56.6604595" lon="16.3628456" version="1" timestamp="2016-07-18T14:39:10Z" changeset="40820421" uid="12294" user="izzor"/>
  <node id="4309189937" lat="56.6615569" lon="16.3569617" version="1" timestamp="2016-07-18T14:39:10Z" changeset="40820421" uid="12294" user="izzor"/>
  <node id="4309189938" lat="56.6618144" lon="16.3701752" version="1" timestamp="2016-07-18T14:39:10Z" changeset="40820421" uid="12294" user="izzor"/>
  <node id="4309189939" lat="56.6618833" lon="16.3571144" version="1" timestamp="2016-07-18T14:39:10Z" changeset="40820421" uid="12294" user="izzor"/>
  <node id="4309189948" lat="56.6641255" lon="16.3724637" version="1" timestamp="2016-07-18T14:39:10Z" changeset="40820421" uid="12294" user="izzor"/>
  <node id="4309189955" lat="56.6651392" lon="16.3730310" version="1" timestamp="2016-07-18T14:39:10Z" changeset="40820421" uid="12294" user="izzor"/>
  <node id="4309189957" lat="56.6657225" lon="16.3735862" version="1" timestamp="2016-07-18T14:39:10Z" changeset="40820421" uid="12294" user="izzor"/>
  <node id="4365887754" lat="56.6601514" lon="16.3597038" version="2" timestamp="2026-06-27T19:08:49Z" changeset="184709014" uid="83501" user="riiga"/>
  <node id="4365887755" lat="56.6607022" lon="16.3599327" version="1" timestamp="2016-08-25T07:10:09Z" changeset="41680261" uid="12294" user="izzor"/>
  <node id="4385379141" lat="56.6572958" lon="16.3520784" version="1" timestamp="2016-09-05T14:07:30Z" changeset="41931830" uid="12294" user="izzor"/>
  <node id="4393924678" lat="56.6541439" lon="16.3486617" version="1" timestamp="2016-09-09T19:30:01Z" changeset="42044590" uid="812740" user="westis"/>
  <node id="4393924679" lat="56.6541720" lon="16.3488816" version="1" timestamp="2016-09-09T19:30:01Z" changeset="42044590" uid="812740" user="westis"/>
  <node id="4393924680" lat="56.6541882" lon="16.3484256" version="1" timestamp="2016-09-09T19:30:01Z" changeset="42044590" uid="812740" user="westis"/>
  <node id="4393924681" lat="56.6542029" lon="16.3485517" version="1" timestamp="2016-09-09T19:30:01Z" changeset="42044590" uid="812740" user="westis"/>
  <node id="4393924682" lat="56.6542280" lon="16.3490050" version="1" timestamp="2016-09-09T19:30:01Z" changeset="42044590" uid="812740" user="westis"/>
  <node id="4393924683" lat="56.6542306" lon="16.3483680" version="1" timestamp="2016-09-09T19:30:01Z" changeset="42044590" uid="812740" user="westis"/>
  <node id="4393924684" lat="56.6542678" lon="16.3483988" version="1" timestamp="2016-09-09T19:30:01Z" changeset="42044590" uid="812740" user="westis"/>
  <node id="4393924686" lat="56.6546530" lon="16.3502857" version="1" timestamp="2016-09-09T19:30:01Z" changeset="42044590" uid="812740" user="westis"/>
  <node id="4396237894" lat="56.6607236" lon="16.3530971" version="2" timestamp="2017-06-16T12:58:28Z" changeset="49591108" uid="12294" user="izzor"/>
  <node id="4397188361" lat="56.6559336" lon="16.3527011" version="1" timestamp="2016-09-12T09:19:10Z" changeset="42095383" uid="812740" user="westis"/>
  <node id="4397188362" lat="56.6559858" lon="16.3527682" version="1" timestamp="2016-09-12T09:19:10Z" changeset="42095383" uid="812740" user="westis"/>
  <node id="4397188363" lat="56.6560757" lon="16.3528701" version="1" timestamp="2016-09-12T09:19:10Z" changeset="42095383" uid="812740" user="westis"/>
  <node id="4397188364" lat="56.6562114" lon="16.3529855" version="1" timestamp="2016-09-12T09:19:10Z" changeset="42095383" uid="812740" user="westis"/>
  <node id="4397188365" lat="56.6563831" lon="16.3530780" version="1" timestamp="2016-09-12T09:19:10Z" changeset="42095383" uid="812740" user="westis"/>
  <node id="4397188366" lat="56.6565070" lon="16.3511348" version="1" timestamp="2016-09-12T09:19:10Z" changeset="42095383" uid="812740" user="westis"/>
  <node id="4397188367" lat="56.6565166" lon="16.3531545" version="1" timestamp="2016-09-12T09:19:10Z" changeset="42095383" uid="812740" user="westis"/>
  <node id="4397188368" lat="56.6565394" lon="16.3510757" version="1" timestamp="2016-09-12T09:19:10Z" changeset="42095383" uid="812740" user="westis"/>
  <node id="4397188369" lat="56.6566456" lon="16.3510838" version="1" timestamp="2016-09-12T09:19:10Z" changeset="42095383" uid="812740" user="westis"/>
  <node id="4397188370" lat="56.6566559" lon="16.3532282" version="1" timestamp="2016-09-12T09:19:10Z" changeset="42095383" uid="812740" user="westis"/>
  <node id="4397188371" lat="56.6567471" lon="16.3532384" version="2" timestamp="2022-08-05T23:49:13Z" changeset="124542851" uid="39001" user="antonr"/>
  <node id="4918988037" lat="56.6575782" lon="16.3483010" version="4" timestamp="2025-11-24T17:24:51Z" changeset="175077284" uid="66965" user="urk"/>
  <node id="4918988046" lat="56.6599382" lon="16.3518748" version="1" timestamp="2017-06-16T12:58:27Z" changeset="49591108" uid="12294" user="izzor"/>
  <node id="4918988047" lat="56.6600109" lon="16.3519149" version="1" timestamp="2017-06-16T12:58:27Z" changeset="49591108" uid="12294" user="izzor"/>
  <node id="4918988048" lat="56.6600639" lon="16.3519545" version="1" timestamp="2017-06-16T12:58:27Z" changeset="49591108" uid="12294" user="izzor"/>
  <node id="4918988049" lat="56.6602364" lon="16.3519518" version="1" timestamp="2017-06-16T12:58:27Z" changeset="49591108" uid="12294" user="izzor"/>
  <node id="4918988050" lat="56.6602246" lon="16.3519049" version="1" timestamp="2017-06-16T12:58:27Z" changeset="49591108" uid="12294" user="izzor"/>
  <node id="4918988051" lat="56.6602099" lon="16.3518700" version="1" timestamp="2017-06-16T12:58:27Z" changeset="49591108" uid="12294" user="izzor"/>
  <node id="4918988052" lat="56.6601704" lon="16.3517989" version="1" timestamp="2017-06-16T12:58:27Z" changeset="49591108" uid="12294" user="izzor"/>
  <node id="4918988053" lat="56.6601417" lon="16.3517426" version="1" timestamp="2017-06-16T12:58:27Z" changeset="49591108" uid="12294" user="izzor"/>
  <node id="4918988054" lat="56.6601494" lon="16.3517687" version="1" timestamp="2017-06-16T12:58:27Z" changeset="49591108" uid="12294" user="izzor"/>
  <node id="4918988055" lat="56.6601612" lon="16.3517781" version="1" timestamp="2017-06-16T12:58:27Z" changeset="49591108" uid="12294" user="izzor"/>
  <node id="4918988056" lat="56.6601786" lon="16.3517627" version="1" timestamp="2017-06-16T12:58:27Z" changeset="49591108" uid="12294" user="izzor"/>
  <node id="4918988057" lat="56.6601830" lon="16.3517292" version="1" timestamp="2017-06-16T12:58:27Z" changeset="49591108" uid="12294" user="izzor"/>
  <node id="4918988058" lat="56.6601756" lon="16.3517024" version="1" timestamp="2017-06-16T12:58:27Z" changeset="49591108" uid="12294" user="izzor"/>
  <node id="4918988059" lat="56.6601601" lon="16.3516977" version="1" timestamp="2017-06-16T12:58:27Z" changeset="49591108" uid="12294" user="izzor"/>
  <node id="4918988060" lat="56.6601461" lon="16.3517104" version="1" timestamp="2017-06-16T12:58:27Z" changeset="49591108" uid="12294" user="izzor"/>
  <node id="4918988061" lat="56.6603522" lon="16.3524960" version="1" timestamp="2017-06-16T12:58:27Z" changeset="49591108" uid="12294" user="izzor"/>
  <node id="4918988062" lat="56.6602062" lon="16.3528862" version="1" timestamp="2017-06-16T12:58:27Z" changeset="49591108" uid="12294" user="izzor"/>
  <node id="4918988063" lat="56.6601811" lon="16.3528581" version="1" timestamp="2017-06-16T12:58:27Z" changeset="49591108" uid="12294" user="izzor"/>
  <node id="4918988064" lat="56.6601675" lon="16.3528949" version="1" timestamp="2017-06-16T12:58:27Z" changeset="49591108" uid="12294" user="izzor"/>
  <node id="4918988065" lat="56.6598019" lon="16.3524936" version="1" timestamp="2017-06-16T12:58:27Z" changeset="49591108" uid="12294" user="izzor"/>
  <node id="4918988066" lat="56.6603507" lon="16.3531712" version="1" timestamp="2017-06-16T12:58:27Z" changeset="49591108" uid="12294" user="izzor"/>
  <node id="4918988067" lat="56.6605077" lon="16.3527380" version="1" timestamp="2017-06-16T12:58:27Z" changeset="49591108" uid="12294" user="izzor"/>
  <node id="4918988068" lat="56.6601036" lon="16.3531679" version="1" timestamp="2017-06-16T12:58:27Z" changeset="49591108" uid="12294" user="izzor"/>
  <node id="4918988069" lat="56.6604538" lon="16.3531323" version="1" timestamp="2017-06-16T12:58:27Z" changeset="49591108" uid="12294" user="izzor"/>
  <node id="4918988070" lat="56.6605644" lon="16.3531135" version="1" timestamp="2017-06-16T12:58:27Z" changeset="49591108" uid="12294" user="izzor"/>
  <node id="4918988071" lat="56.6606683" lon="16.3531216" version="1" timestamp="2017-06-16T12:58:27Z" changeset="49591108" uid="12294" user="izzor"/>
  <node id="4918988072" lat="56.6607759" lon="16.3529083" version="1" timestamp="2017-06-16T12:58:27Z" changeset="49591108" uid="12294" user="izzor"/>
  <node id="4918988073" lat="56.6604295" lon="16.3524504" version="1" timestamp="2017-06-16T12:58:27Z" changeset="49591108" uid="12294" user="izzor"/>
  <node id="4918988074" lat="56.6601115" lon="16.3520099" version="1" timestamp="2017-06-16T12:58:27Z" changeset="49591108" uid="12294" user="izzor"/>
  <node id="5063733448" lat="56.6619923" lon="16.3552954" version="2" timestamp="2026-06-27T19:08:49Z" changeset="184709014" uid="83501" user="riiga"/>
  <node id="5063733457" lat="56.6619233" lon="16.3555127" version="2" timestamp="2026-06-27T19:08:49Z" changeset="184709014" uid="83501" user="riiga"/>
  <node id="5366006567" lat="56.6622566" lon="16.3579717" version="2" timestamp="2018-01-28T07:12:41Z" changeset="55822133" uid="150201" user="plamen"/>
  <node id="5928695561" lat="56.6549653" lon="16.3490346" version="1" timestamp="2018-09-25T11:48:27Z" changeset="62910552" uid="12294" user="izzor"/>
  <node id="5928695562" lat="56.6556925" lon="16.3508626" version="1" timestamp="2018-09-25T11:48:27Z" changeset="62910552" uid="12294" user="izzor"/>
  <node id="5928695563" lat="56.6557331" lon="16.3512620" version="1" timestamp="2018-09-25T11:48:27Z" changeset="62910552" uid="12294" user="izzor"/>
  <node id="5928695564" lat="56.6553982" lon="16.3499828" version="1" timestamp="2018-09-25T11:48:27Z" changeset="62910552" uid="12294" user="izzor"/>
  <node id="5928695565" lat="56.6556071" lon="16.3503618" version="1" timestamp="2018-09-25T11:48:27Z" changeset="62910552" uid="12294" user="izzor"/>
  <node id="5928695566" lat="56.6556611" lon="16.3506426" version="1" timestamp="2018-09-25T11:48:27Z" changeset="62910552" uid="12294" user="izzor"/>
  <node id="5928695567" lat="56.6548295" lon="16.3487743" version="1" timestamp="2018-09-25T11:48:27Z" changeset="62910552" uid="12294" user="izzor"/>
  <node id="5928695568" lat="56.6552230" lon="16.3496588" version="1" timestamp="2018-09-25T11:48:27Z" changeset="62910552" uid="12294" user="izzor"/>
  <node id="5928695569" lat="56.6546747" lon="16.3485624" version="1" timestamp="2018-09-25T11:48:27Z" changeset="62910552" uid="12294" user="izzor"/>
  <node id="5928695571" lat="56.6549156" lon="16.3489452" version="1" timestamp="2018-09-25T11:48:27Z" changeset="62910552" uid="12294" user="izzor"/>
  <node id="5928695572" lat="56.6547735" lon="16.3486509" version="1" timestamp="2018-09-25T11:48:27Z" changeset="62910552" uid="12294" user="izzor"/>
  <node id="5928695573" lat="56.6555584" lon="16.3501558" version="1" timestamp="2018-09-25T11:48:27Z" changeset="62910552" uid="12294" user="izzor"/>
  <node id="5928695574" lat="56.6550441" lon="16.3491513" version="1" timestamp="2018-09-25T11:48:27Z" changeset="62910552" uid="12294" user="izzor"/>
  <node id="5928695575" lat="56.6557244" lon="16.3510690" version="1" timestamp="2018-09-25T11:48:27Z" changeset="62910552" uid="12294" user="izzor"/>
  <node id="5928695576" lat="56.6551237" lon="16.3493666" version="1" timestamp="2018-09-25T11:48:27Z" changeset="62910552" uid="12294" user="izzor"/>
  <node id="5930131043" lat="56.6576731" lon="16.3554009" version="2" timestamp="2022-08-05T23:49:13Z" changeset="124542851" uid="39001" user="antonr"/>
  <node id="5930131044" lat="56.6578826" lon="16.3549721" version="2" timestamp="2022-08-05T23:49:13Z" changeset="124542851" uid="39001" user="antonr"/>
  <node id="5930131045" lat="56.6581394" lon="16.3559753" version="2" timestamp="2022-08-05T23:49:13Z" changeset="124542851" uid="39001" user="antonr"/>
  <node id="5930131046" lat="56.6580456" lon="16.3559999" version="2" timestamp="2022-08-05T23:49:13Z" changeset="124542851" uid="39001" user="antonr"/>
  <node id="5930131047" lat="56.6580927" lon="16.3559343" version="2" timestamp="2022-08-05T23:49:13Z" changeset="124542851" uid="39001" user="antonr"/>
  <node id="5930131048" lat="56.6581214" lon="16.3559473" version="2" timestamp="2022-08-05T23:49:13Z" changeset="124542851" uid="39001" user="antonr"/>
  <node id="5930131049" lat="56.6580652" lon="16.3559542" version="2" timestamp="2022-08-05T23:49:13Z" changeset="124542851" uid="39001" user="antonr"/>
  <node id="5930131050" lat="56.6583701" lon="16.3553606" version="2" timestamp="2022-08-05T23:49:13Z" changeset="124542851" uid="39001" user="antonr"/>
  <node id="5930131051" lat="56.6583580" lon="16.3552983" version="2" timestamp="2022-08-05T23:49:13Z" changeset="124542851" uid="39001" user="antonr"/>
  <node id="5930131052" lat="56.6583602" lon="16.3553333" version="2" timestamp="2022-08-05T23:49:13Z" changeset="124542851" uid="39001" user="antonr"/>
  <node id="5930131053" lat="56.6576626" lon="16.3555142" version="2" timestamp="2022-08-05T23:49:13Z" changeset="124542851" uid="39001" user="antonr"/>
  <node id="5930131054" lat="56.6578413" lon="16.3549881" version="2" timestamp="2022-08-05T23:49:13Z" changeset="124542851" uid="39001" user="antonr"/>
  <node id="5930131055" lat="56.6576757" lon="16.3554588" version="2" timestamp="2022-08-05T23:49:13Z" changeset="124542851" uid="39001" user="antonr"/>
  <node id="5930131056" lat="56.6577860" lon="16.3551103" version="4" timestamp="2025-12-06T18:05:08Z" changeset="175595940" uid="10460104" user="simer_lkpg">
    <tag k="amenity" v="place_of_worship"/>
    <tag k="check_date" v="2024-05-02"/>
    <tag k="denomination" v="lutheran"/>
    <tag k="name" v="Kalmar slottskyrka"/>
    <tag k="operator" v="Svenska kyrkan"/>
    <tag k="religion" v="christian"/>
    <tag k="wikidata" v="Q10542830"/>
    <tag k="wikipedia" v="sv:Kalmar slottskyrka"/>
  </node>
  <node id="5930135804" lat="56.6580044" lon="16.3552647" version="1" timestamp="2018-09-25T21:24:51Z" changeset="62927990" uid="113813" user="AndersAndersson"/>
  <node id="5930135805" lat="56.6581298" lon="16.3553799" version="1" timestamp="2018-09-25T21:24:51Z" changeset="62927990" uid="113813" user="AndersAndersson"/>
  <node id="6687615976" lat="56.6598658" lon="16.3646541" version="2" timestamp="2025-05-31T13:16:47Z" changeset="167011811" uid="20259094" user="MtbBob"/>
  <node id="6687615977" lat="56.6589260" lon="16.3650797" version="2" timestamp="2020-02-27T11:07:12Z" changeset="81545254" uid="3301825" user="Grauer Elefant"/>
  <node id="6690368335" lat="56.6505464" lon="16.3370233" version="1" timestamp="2019-08-07T07:21:50Z" changeset="73096040" uid="12294" user="izzor"/>
  <node id="6698078416" lat="56.6599074" lon="16.3609889" version="10" timestamp="2026-06-27T19:08:50Z" changeset="184709014" uid="83501" user="riiga">
    <tag k="bench" v="no"/>
    <tag k="bin" v="no"/>
    <tag k="bus" v="yes"/>
    <tag k="highway" v="platform"/>
    <tag k="lit" v="no"/>
    <tag k="name" v="B"/>
    <tag k="network" v="Kalmar länstrafik"/>
    <tag k="public_transport" v="platform"/>
    <tag k="ref" v="B"/>
    <tag k="shelter" v="no"/>
    <tag k="tactile_paving" v="no"/>
  </node>
  <node id="6865935805" lat="56.6581429" lon="16.3552089" version="8" timestamp="2026-03-20T07:51:40Z" changeset="180145365" uid="10054290" user="mws1367">
    <tag k="amenity" v="restaurant"/>
    <tag k="check_date" v="2023-04-24"/>
    <tag k="email" v="slottsrestaurangen@postgatan.nu"/>
    <tag k="name" v="Slottsrestaurangen Kalmar"/>
    <tag k="opening_hours" v="PH,We-Mo 11:00-15:00; Tu 11:00-19:00"/>
    <tag k="payment:cash" v="no"/>
    <tag k="website" v="https://kalmarslott.se/besok-restaurang/"/>
  </node>
  <node id="6869021940" lat="56.6700968" lon="16.3592033" version="1" timestamp="2019-10-11T06:17:42Z" changeset="75544386" uid="12294" user="izzor"/>
  <node id="6869021941" lat="56.6701582" lon="16.3598640" version="1" timestamp="2019-10-11T06:17:42Z" changeset="75544386" uid="12294" user="izzor"/>
  <node id="6869021942" lat="56.6701740" lon="16.3596884" version="1" timestamp="2019-10-11T06:17:42Z" changeset="75544386" uid="12294" user="izzor"/>
  <node id="6869021943" lat="56.6703476" lon="16.3580768" version="1" timestamp="2019-10-11T06:17:42Z" changeset="75544386" uid="12294" user="izzor"/>
  <node id="6869021944" lat="56.6703879" lon="16.3582842" version="1" timestamp="2019-10-11T06:17:42Z" changeset="75544386" uid="12294" user="izzor"/>
  <node id="6869021945" lat="56.6702757" lon="16.3586704" version="1" timestamp="2019-10-11T06:17:42Z" changeset="75544386" uid="12294" user="izzor"/>
  <node id="6869021946" lat="56.6701845" lon="16.3588651" version="1" timestamp="2019-10-11T06:17:42Z" changeset="75544386" uid="12294" user="izzor"/>
  <node id="6869021947" lat="56.6701968" lon="16.3589512" version="1" timestamp="2019-10-11T06:17:42Z" changeset="75544386" uid="12294" user="izzor"/>
  <node id="6869021948" lat="56.6703108" lon="16.3584055" version="1" timestamp="2019-10-11T06:17:42Z" changeset="75544386" uid="12294" user="izzor"/>
  <node id="6869021962" lat="56.6665964" lon="16.3621985" version="2" timestamp="2021-07-29T14:26:43Z" changeset="108831557" uid="159302" user="osmium"/>
  <node id="6869021963" lat="56.6669430" lon="16.3648871" version="2" timestamp="2021-07-29T14:26:43Z" changeset="108831557" uid="159302" user="osmium"/>
  <node id="6869021964" lat="56.6667822" lon="16.3643041" version="2" timestamp="2021-07-29T14:26:43Z" changeset="108831557" uid="159302" user="osmium"/>
  <node id="6869021965" lat="56.6682151" lon="16.3629422" version="2" timestamp="2021-07-29T14:26:43Z" changeset="108831557" uid="159302" user="osmium"/>
  <node id="6869021966" lat="56.6683117" lon="16.3630012" version="2" timestamp="2021-07-29T14:26:43Z" changeset="108831557" uid="159302" user="osmium"/>
  <node id="6869021967" lat="56.6684340" lon="16.3629985" version="2" timestamp="2021-07-29T14:26:43Z" changeset="108831557" uid="159302" user="osmium"/>
  <node id="6869021968" lat="56.6689664" lon="16.3623621" version="2" timestamp="2021-07-29T14:26:43Z" changeset="108831557" uid="159302" user="osmium"/>
  <node id="6869021969" lat="56.6693013" lon="16.3618800" version="2" timestamp="2021-07-29T14:26:43Z" changeset="108831557" uid="159302" user="osmium"/>
  <node id="6869021970" lat="56.6695725" lon="16.3617137" version="2" timestamp="2021-07-29T14:26:43Z" changeset="108831557" uid="159302" user="osmium"/>
  <node id="6869021971" lat="56.6697457" lon="16.3615742" version="2" timestamp="2021-07-29T14:26:43Z" changeset="108831557" uid="159302" user="osmium"/>
  <node id="7247198575" lat="56.6585885" lon="16.3612282" version="3" timestamp="2020-03-10T10:27:36Z" changeset="82003563" uid="3301825" user="Grauer Elefant"/>
  <node id="7247260547" lat="56.6590904" lon="16.3662871" version="1" timestamp="2020-02-27T11:07:12Z" changeset="81545254" uid="3301825" user="Grauer Elefant"/>
  <node id="7247260551" lat="56.6597981" lon="16.3646876" version="1" timestamp="2020-02-27T11:07:12Z" changeset="81545254" uid="3301825" user="Grauer Elefant"/>
  <node id="7247260562" lat="56.6596400" lon="16.3602893" version="1" timestamp="2020-02-27T11:07:12Z" changeset="81545254" uid="3301825" user="Grauer Elefant"/>
  <node id="7247260566" lat="56.6589259" lon="16.3650826" version="1" timestamp="2020-02-27T11:07:12Z" changeset="81545254" uid="3301825" user="Grauer Elefant"/>
  <node id="7282030697" lat="56.6587165" lon="16.3630367" version="1" timestamp="2020-03-10T10:27:36Z" changeset="82003563" uid="3301825" user="Grauer Elefant"/>
  <node id="7300481153" lat="56.6660277" lon="16.3723813" version="1" timestamp="2020-03-16T22:51:23Z" changeset="82276283" uid="156646" user="archie"/>
  <node id="7300481159" lat="56.6660537" lon="16.3723044" version="1" timestamp="2020-03-16T22:51:23Z" changeset="82276283" uid="156646" user="archie"/>
  <node id="7707545596" lat="56.6592398" lon="16.3593436" version="2" timestamp="2021-08-04T20:40:35Z" changeset="109163995" uid="159302" user="osmium"/>
  <node id="7707545597" lat="56.6593164" lon="16.3594333" version="2" timestamp="2021-08-04T20:40:35Z" changeset="109163995" uid="159302" user="osmium"/>
  <node id="7823774112" lat="56.6597149" lon="16.3536409" version="2" timestamp="2021-08-04T20:40:35Z" changeset="109163995" uid="159302" user="osmium"/>
  <node id="7823774113" lat="56.6596239" lon="16.3538079" version="1" timestamp="2020-08-18T16:51:31Z" changeset="89587235" uid="812740" user="westis"/>
  <node id="7823774114" lat="56.6595410" lon="16.3538562" version="2" timestamp="2020-11-19T20:13:43Z" changeset="94459151" uid="159302" user="osmium"/>
  <node id="7823774115" lat="56.6594775" lon="16.3538756" version="2" timestamp="2020-11-19T20:13:43Z" changeset="94459151" uid="159302" user="osmium"/>
  <node id="7823774116" lat="56.6594910" lon="16.3548513" version="2" timestamp="2020-11-19T20:13:43Z" changeset="94459151" uid="159302" user="osmium"/>
  <node id="7823774117" lat="56.6593950" lon="16.3546928" version="2" timestamp="2020-11-19T20:13:43Z" changeset="94459151" uid="159302" user="osmium"/>
  <node id="7823774118" lat="56.6594670" lon="16.3547521" version="1" timestamp="2020-08-18T16:51:31Z" changeset="89587235" uid="812740" user="westis"/>
  <node id="7823774119" lat="56.6595236" lon="16.3545294" version="1" timestamp="2020-08-18T16:51:31Z" changeset="89587235" uid="812740" user="westis"/>
  <node id="7823774120" lat="56.6594531" lon="16.3544680" version="2" timestamp="2020-11-19T20:13:43Z" changeset="94459151" uid="159302" user="osmium"/>
  <node id="7823774121" lat="56.6594352" lon="16.3544476" version="1" timestamp="2020-08-18T16:51:31Z" changeset="89587235" uid="812740" user="westis"/>
  <node id="7823774122" lat="56.6593530" lon="16.3543329" version="2" timestamp="2020-11-19T20:13:43Z" changeset="94459151" uid="159302" user="osmium"/>
  <node id="7823774123" lat="56.6593065" lon="16.3542162" version="2" timestamp="2020-11-19T20:13:43Z" changeset="94459151" uid="159302" user="osmium"/>
  <node id="7823774124" lat="56.6592469" lon="16.3537113" version="2" timestamp="2020-11-19T20:13:43Z" changeset="94459151" uid="159302" user="osmium"/>
  <node id="7823774125" lat="56.6592863" lon="16.3537173" version="2" timestamp="2020-11-19T20:13:43Z" changeset="94459151" uid="159302" user="osmium"/>
  <node id="7823774126" lat="56.6593202" lon="16.3537543" version="2" timestamp="2020-11-19T20:13:43Z" changeset="94459151" uid="159302" user="osmium"/>
  <node id="7823774127" lat="56.6593567" lon="16.3538864" version="2" timestamp="2020-11-19T20:13:43Z" changeset="94459151" uid="159302" user="osmium"/>
  <node id="7823774128" lat="56.6593371" lon="16.3540043" version="2" timestamp="2020-11-19T20:13:43Z" changeset="94459151" uid="159302" user="osmium"/>
  <node id="7823774129" lat="56.6593154" lon="16.3540566" version="2" timestamp="2020-11-19T20:13:43Z" changeset="94459151" uid="159302" user="osmium"/>
  <node id="7823774130" lat="56.6592915" lon="16.3540761" version="2" timestamp="2020-11-19T20:13:43Z" changeset="94459151" uid="159302" user="osmium"/>
  <node id="7823774131" lat="56.6592428" lon="16.3540412" version="2" timestamp="2020-11-19T20:13:43Z" changeset="94459151" uid="159302" user="osmium"/>
  <node id="7823774132" lat="56.6592067" lon="16.3539775" version="2" timestamp="2020-11-19T20:13:43Z" changeset="94459151" uid="159302" user="osmium"/>
  <node id="7823774133" lat="56.6591838" lon="16.3538817" version="1" timestamp="2020-08-18T16:51:31Z" changeset="89587235" uid="812740" user="westis"/>
  <node id="7823774134" lat="56.6591794" lon="16.3537851" version="1" timestamp="2020-08-18T16:51:31Z" changeset="89587235" uid="812740" user="westis"/>
  <node id="7823774135" lat="56.6591595" lon="16.3537435" version="1" timestamp="2020-08-18T16:51:31Z" changeset="89587235" uid="812740" user="westis"/>
  <node id="7823774136" lat="56.6590622" lon="16.3536336" version="1" timestamp="2020-08-18T16:51:31Z" changeset="89587235" uid="812740" user="westis"/>
  <node id="7823774137" lat="56.6589785" lon="16.3535214" version="2" timestamp="2020-11-19T20:13:43Z" changeset="94459151" uid="159302" user="osmium"/>
  <node id="7823774138" lat="56.6596563" lon="16.3537596" version="1" timestamp="2020-08-18T16:51:31Z" changeset="89587235" uid="812740" user="westis"/>
  <node id="7823774139" lat="56.6595811" lon="16.3536550" version="1" timestamp="2020-08-18T16:51:31Z" changeset="89587235" uid="812740" user="westis"/>
  <node id="7823774140" lat="56.6594831" lon="16.3535383" version="1" timestamp="2020-08-18T16:51:31Z" changeset="89587235" uid="812740" user="westis"/>
  <node id="7823774141" lat="56.6593792" lon="16.3534310" version="1" timestamp="2020-08-18T16:51:31Z" changeset="89587235" uid="812740" user="westis"/>
  <node id="7823774142" lat="56.6593298" lon="16.3533935" version="1" timestamp="2020-08-18T16:51:31Z" changeset="89587235" uid="812740" user="westis"/>
  <node id="7823774143" lat="56.6592661" lon="16.3533452" version="2" timestamp="2020-11-19T20:13:43Z" changeset="94459151" uid="159302" user="osmium"/>
  <node id="7823774144" lat="56.6592108" lon="16.3533204" version="2" timestamp="2020-11-19T20:13:43Z" changeset="94459151" uid="159302" user="osmium"/>
  <node id="7823774145" lat="56.6591683" lon="16.3533110" version="2" timestamp="2020-11-19T20:13:43Z" changeset="94459151" uid="159302" user="osmium"/>
  <node id="7823774146" lat="56.6591326" lon="16.3533352" version="2" timestamp="2020-11-19T20:13:43Z" changeset="94459151" uid="159302" user="osmium"/>
  <node id="7823774147" lat="56.6590651" lon="16.3533700" version="2" timestamp="2020-11-19T20:13:43Z" changeset="94459151" uid="159302" user="osmium"/>
  <node id="7823774148" lat="56.6590172" lon="16.3534036" version="2" timestamp="2020-11-19T20:13:43Z" changeset="94459151" uid="159302" user="osmium"/>
  <node id="7823774149" lat="56.6589929" lon="16.3534525" version="2" timestamp="2020-11-19T20:13:43Z" changeset="94459151" uid="159302" user="osmium"/>
  <node id="7823774150" lat="56.6589671" lon="16.3536108" version="2" timestamp="2020-11-19T20:13:43Z" changeset="94459151" uid="159302" user="osmium"/>
  <node id="8138190399" lat="56.6566246" lon="16.3507690" version="1" timestamp="2020-11-18T16:22:00Z" changeset="94379232" uid="159302" user="osmium"/>
  <node id="8138190400" lat="56.6565836" lon="16.3507416" version="1" timestamp="2020-11-18T16:22:00Z" changeset="94379232" uid="159302" user="osmium"/>
  <node id="8138190401" lat="56.6565534" lon="16.3507355" version="1" timestamp="2020-11-18T16:22:00Z" changeset="94379232" uid="159302" user="osmium"/>
  <node id="8138190415" lat="56.6559019" lon="16.3535513" version="1" timestamp="2020-11-18T16:22:00Z" changeset="94379232" uid="159302" user="osmium"/>
  <node id="8138202920" lat="56.6564476" lon="16.3537744" version="1" timestamp="2020-11-18T16:22:00Z" changeset="94379232" uid="159302" user="osmium"/>
  <node id="8138202921" lat="56.6570285" lon="16.3525674" version="1" timestamp="2020-11-18T16:22:00Z" changeset="94379232" uid="159302" user="osmium"/>
  <node id="8138202922" lat="56.6570565" lon="16.3524950" version="1" timestamp="2020-11-18T16:22:00Z" changeset="94379232" uid="159302" user="osmium"/>
  <node id="8138202923" lat="56.6570801" lon="16.3523716" version="1" timestamp="2020-11-18T16:22:00Z" changeset="94379232" uid="159302" user="osmium"/>
  <node id="8138202924" lat="56.6570845" lon="16.3522348" version="1" timestamp="2020-11-18T16:22:00Z" changeset="94379232" uid="159302" user="osmium"/>
  <node id="8138202925" lat="56.6570550" lon="16.3521087" version="1" timestamp="2020-11-18T16:22:00Z" changeset="94379232" uid="159302" user="osmium"/>
  <node id="8138202926" lat="56.6569961" lon="16.3519692" version="1" timestamp="2020-11-18T16:22:00Z" changeset="94379232" uid="159302" user="osmium"/>
  <node id="8138202927" lat="56.6567617" lon="16.3515106" version="1" timestamp="2020-11-18T16:22:00Z" changeset="94379232" uid="159302" user="osmium"/>
  <node id="8138202928" lat="56.6566821" lon="16.3513792" version="1" timestamp="2020-11-18T16:22:00Z" changeset="94379232" uid="159302" user="osmium"/>
  <node id="8138202929" lat="56.6566157" lon="16.3514006" version="1" timestamp="2020-11-18T16:22:00Z" changeset="94379232" uid="159302" user="osmium"/>
  <node id="8138202930" lat="56.6565523" lon="16.3513872" version="1" timestamp="2020-11-18T16:22:00Z" changeset="94379232" uid="159302" user="osmium"/>
  <node id="8138202931" lat="56.6564948" lon="16.3512611" version="1" timestamp="2020-11-18T16:22:00Z" changeset="94379232" uid="159302" user="osmium"/>
  <node id="8138202932" lat="56.6564462" lon="16.3513765" version="1" timestamp="2020-11-18T16:22:00Z" changeset="94379232" uid="159302" user="osmium"/>
  <node id="8138202933" lat="56.6563518" lon="16.3515535" version="1" timestamp="2020-11-18T16:22:00Z" changeset="94379232" uid="159302" user="osmium"/>
  <node id="8138202934" lat="56.6562353" lon="16.3517386" version="1" timestamp="2020-11-18T16:22:00Z" changeset="94379232" uid="159302" user="osmium"/>
  <node id="8138202935" lat="56.6560717" lon="16.3519853" version="1" timestamp="2020-11-18T16:22:00Z" changeset="94379232" uid="159302" user="osmium"/>
  <node id="8138202936" lat="56.6560584" lon="16.3521409" version="1" timestamp="2020-11-18T16:22:00Z" changeset="94379232" uid="159302" user="osmium"/>
  <node id="8138202937" lat="56.6560761" lon="16.3523152" version="1" timestamp="2020-11-18T16:22:00Z" changeset="94379232" uid="159302" user="osmium"/>
  <node id="8138202938" lat="56.6561144" lon="16.3524628" version="1" timestamp="2020-11-18T16:22:00Z" changeset="94379232" uid="159302" user="osmium"/>
  <node id="8138202939" lat="56.6562073" lon="16.3525620" version="1" timestamp="2020-11-18T16:22:00Z" changeset="94379232" uid="159302" user="osmium"/>
  <node id="8138202940" lat="56.6563489" lon="16.3526720" version="1" timestamp="2020-11-18T16:22:00Z" changeset="94379232" uid="159302" user="osmium"/>
  <node id="8138202941" lat="56.6564933" lon="16.3527793" version="1" timestamp="2020-11-18T16:22:00Z" changeset="94379232" uid="159302" user="osmium"/>
  <node id="8138202942" lat="56.6566128" lon="16.3528007" version="1" timestamp="2020-11-18T16:22:00Z" changeset="94379232" uid="159302" user="osmium"/>
  <node id="8138202943" lat="56.6567587" lon="16.3527900" version="1" timestamp="2020-11-18T16:22:00Z" changeset="94379232" uid="159302" user="osmium"/>
  <node id="8138202944" lat="56.6568767" lon="16.3527256" version="1" timestamp="2020-11-18T16:22:00Z" changeset="94379232" uid="159302" user="osmium"/>
  <node id="8138202945" lat="56.6569931" lon="16.3526130" version="1" timestamp="2020-11-18T16:22:00Z" changeset="94379232" uid="159302" user="osmium"/>
  <node id="8143356956" lat="56.6550421" lon="16.3506515" version="1" timestamp="2020-11-19T17:37:00Z" changeset="94452387" uid="159302" user="osmium"/>
  <node id="8143806421" lat="56.6600989" lon="16.3565825" version="1" timestamp="2020-11-19T20:13:43Z" changeset="94459151" uid="159302" user="osmium"/>
  <node id="8143806422" lat="56.6601474" lon="16.3554021" version="1" timestamp="2020-11-19T20:13:43Z" changeset="94459151" uid="159302" user="osmium">
    <tag k="amenity" v="bench"/>
  </node>
  <node id="8143806423" lat="56.6601533" lon="16.3554417" version="1" timestamp="2020-11-19T20:13:43Z" changeset="94459151" uid="159302" user="osmium">
    <tag k="amenity" v="bench"/>
  </node>
  <node id="8143806424" lat="56.6602430" lon="16.3550887" version="1" timestamp="2020-11-19T20:13:43Z" changeset="94459151" uid="159302" user="osmium"/>
  <node id="8143806425" lat="56.6602563" lon="16.3550860" version="1" timestamp="2020-11-19T20:13:43Z" changeset="94459151" uid="159302" user="osmium"/>
  <node id="8143806426" lat="56.6602651" lon="16.3550659" version="1" timestamp="2020-11-19T20:13:43Z" changeset="94459151" uid="159302" user="osmium"/>
  <node id="8143806427" lat="56.6602644" lon="16.3550343" version="1" timestamp="2020-11-19T20:13:43Z" changeset="94459151" uid="159302" user="osmium"/>
  <node id="8143806428" lat="56.6602567" lon="16.3550035" version="1" timestamp="2020-11-19T20:13:43Z" changeset="94459151" uid="159302" user="osmium"/>
  <node id="8143806429" lat="56.6602533" lon="16.3549599" version="1" timestamp="2020-11-19T20:13:43Z" changeset="94459151" uid="159302" user="osmium"/>
  <node id="8143806430" lat="56.6602474" lon="16.3549130" version="1" timestamp="2020-11-19T20:13:43Z" changeset="94459151" uid="159302" user="osmium"/>
  <node id="8143806431" lat="56.6602349" lon="16.3548694" version="1" timestamp="2020-11-19T20:13:43Z" changeset="94459151" uid="159302" user="osmium"/>
  <node id="8143806432" lat="56.6602165" lon="16.3548553" version="1" timestamp="2020-11-19T20:13:43Z" changeset="94459151" uid="159302" user="osmium"/>
  <node id="8143806433" lat="56.6601966" lon="16.3548412" version="1" timestamp="2020-11-19T20:13:43Z" changeset="94459151" uid="159302" user="osmium"/>
  <node id="8143806434" lat="56.6601866" lon="16.3548084" version="1" timestamp="2020-11-19T20:13:43Z" changeset="94459151" uid="159302" user="osmium"/>
  <node id="8143806435" lat="56.6601826" lon="16.3547661" version="1" timestamp="2020-11-19T20:13:43Z" changeset="94459151" uid="159302" user="osmium"/>
  <node id="8143806436" lat="56.6601601" lon="16.3547688" version="1" timestamp="2020-11-19T20:13:43Z" changeset="94459151" uid="159302" user="osmium"/>
  <node id="8143806437" lat="56.6601612" lon="16.3548171" version="1" timestamp="2020-11-19T20:13:43Z" changeset="94459151" uid="159302" user="osmium"/>
  <node id="8143806438" lat="56.6601572" lon="16.3548587" version="1" timestamp="2020-11-19T20:13:43Z" changeset="94459151" uid="159302" user="osmium"/>
  <node id="8143806439" lat="56.6601487" lon="16.3549123" version="1" timestamp="2020-11-19T20:13:43Z" changeset="94459151" uid="159302" user="osmium"/>
  <node id="8143806440" lat="56.6601542" lon="16.3549532" version="1" timestamp="2020-11-19T20:13:43Z" changeset="94459151" uid="159302" user="osmium"/>
  <node id="8143806441" lat="56.6601678" lon="16.3549612" version="1" timestamp="2020-11-19T20:13:43Z" changeset="94459151" uid="159302" user="osmium"/>
  <node id="8143806442" lat="56.6601859" lon="16.3549619" version="1" timestamp="2020-11-19T20:13:43Z" changeset="94459151" uid="159302" user="osmium"/>
  <node id="8143806443" lat="56.6601848" lon="16.3549874" version="1" timestamp="2020-11-19T20:13:43Z" changeset="94459151" uid="159302" user="osmium"/>
  <node id="8143806444" lat="56.6601885" lon="16.3550089" version="1" timestamp="2020-11-19T20:13:43Z" changeset="94459151" uid="159302" user="osmium"/>
  <node id="8143806445" lat="56.6601973" lon="16.3550209" version="1" timestamp="2020-11-19T20:13:43Z" changeset="94459151" uid="159302" user="osmium"/>
  <node id="8143806446" lat="56.6602128" lon="16.3550504" version="1" timestamp="2020-11-19T20:13:43Z" changeset="94459151" uid="159302" user="osmium"/>
  <node id="8143806447" lat="56.6602331" lon="16.3550826" version="1" timestamp="2020-11-19T20:13:43Z" changeset="94459151" uid="159302" user="osmium"/>
  <node id="8143806448" lat="56.6602567" lon="16.3554005" version="1" timestamp="2020-11-19T20:13:43Z" changeset="94459151" uid="159302" user="osmium"/>
  <node id="8143806449" lat="56.6602357" lon="16.3554655" version="1" timestamp="2020-11-19T20:13:43Z" changeset="94459151" uid="159302" user="osmium"/>
  <node id="8143806450" lat="56.6602882" lon="16.3556087" version="2" timestamp="2024-11-07T15:32:34Z" changeset="158860883" uid="20795476" user="WWMapper101"/>
  <node id="8143806451" lat="56.6603300" lon="16.3555580" version="1" timestamp="2020-11-19T20:13:43Z" changeset="94459151" uid="159302" user="osmium"/>
  <node id="8143806452" lat="56.6603503" lon="16.3554977" version="1" timestamp="2020-11-19T20:13:43Z" changeset="94459151" uid="159302" user="osmium"/>
  <node id="8143806453" lat="56.6603536" lon="16.3554131" version="2" timestamp="2024-11-07T15:32:34Z" changeset="158860883" uid="20795476" user="WWMapper101"/>
  <node id="8143806454" lat="56.6600352" lon="16.3544248" version="1" timestamp="2020-11-19T20:13:43Z" changeset="94459151" uid="159302" user="osmium">
    <tag k="artwork_type" v="sculpture"/>
    <tag k="tourism" v="artwork"/>
  </node>
  <node id="8143806455" lat="56.6600840" lon="16.3564058" version="1" timestamp="2020-11-19T20:13:43Z" changeset="94459151" uid="159302" user="osmium"/>
  <node id="8143806456" lat="56.6600761" lon="16.3564405" version="1" timestamp="2020-11-19T20:13:43Z" changeset="94459151" uid="159302" user="osmium"/>
  <node id="8143806457" lat="56.6600853" lon="16.3564827" version="1" timestamp="2020-11-19T20:13:43Z" changeset="94459151" uid="159302" user="osmium"/>
  <node id="8143806458" lat="56.6600963" lon="16.3564908" version="1" timestamp="2020-11-19T20:13:43Z" changeset="94459151" uid="159302" user="osmium"/>
  <node id="8143806459" lat="56.6600793" lon="16.3565681" version="1" timestamp="2020-11-19T20:13:43Z" changeset="94459151" uid="159302" user="osmium"/>
  <node id="8143806460" lat="56.6601147" lon="16.3565115" version="1" timestamp="2020-11-19T20:13:43Z" changeset="94459151" uid="159302" user="osmium"/>
  <node id="8143806461" lat="56.6601269" lon="16.3565203" version="1" timestamp="2020-11-19T20:13:43Z" changeset="94459151" uid="159302" user="osmium"/>
  <node id="8143806462" lat="56.6601520" lon="16.3565055" version="1" timestamp="2020-11-19T20:13:43Z" changeset="94459151" uid="159302" user="osmium"/>
  <node id="8143806463" lat="56.6601608" lon="16.3564709" version="1" timestamp="2020-11-19T20:13:43Z" changeset="94459151" uid="159302" user="osmium"/>
  <node id="8143806464" lat="56.6597960" lon="16.3549170" version="1" timestamp="2020-11-19T20:13:43Z" changeset="94459151" uid="159302" user="osmium"/>
  <node id="8143806465" lat="56.6598406" lon="16.3548607" version="1" timestamp="2020-11-19T20:13:43Z" changeset="94459151" uid="159302" user="osmium"/>
  <node id="8143806466" lat="56.6599773" lon="16.3547621" version="1" timestamp="2020-11-19T20:13:43Z" changeset="94459151" uid="159302" user="osmium"/>
  <node id="8143806467" lat="56.6601011" lon="16.3547333" version="1" timestamp="2020-11-19T20:13:43Z" changeset="94459151" uid="159302" user="osmium"/>
  <node id="8143806469" lat="56.6592634" lon="16.3538522" version="1" timestamp="2020-11-19T20:13:43Z" changeset="94459151" uid="159302" user="osmium">
    <tag k="artwork_type" v="statue"/>
    <tag k="tourism" v="artwork"/>
  </node>
  <node id="8143806470" lat="56.6593235" lon="16.3542773" version="1" timestamp="2020-11-19T20:13:43Z" changeset="94459151" uid="159302" user="osmium"/>
  <node id="8143806471" lat="56.6593512" lon="16.3539413" version="1" timestamp="2020-11-19T20:13:43Z" changeset="94459151" uid="159302" user="osmium"/>
  <node id="8143806472" lat="56.6593416" lon="16.3538139" version="1" timestamp="2020-11-19T20:13:43Z" changeset="94459151" uid="159302" user="osmium"/>
  <node id="8143806473" lat="56.6592078" lon="16.3537368" version="1" timestamp="2020-11-19T20:13:43Z" changeset="94459151" uid="159302" user="osmium"/>
  <node id="8143806474" lat="56.6590954" lon="16.3530663" version="1" timestamp="2020-11-19T20:13:43Z" changeset="94459151" uid="159302" user="osmium"/>
  <node id="8143806475" lat="56.6591223" lon="16.3531427" version="1" timestamp="2020-11-19T20:13:43Z" changeset="94459151" uid="159302" user="osmium"/>
  <node id="8143806476" lat="56.6591544" lon="16.3532406" version="1" timestamp="2020-11-19T20:13:43Z" changeset="94459151" uid="159302" user="osmium"/>
  <node id="8143806477" lat="56.6594149" lon="16.3541925" version="1" timestamp="2020-11-19T20:13:43Z" changeset="94459151" uid="159302" user="osmium"/>
  <node id="8143806478" lat="56.6594050" lon="16.3541807" version="1" timestamp="2020-11-19T20:13:43Z" changeset="94459151" uid="159302" user="osmium"/>
  <node id="8143806479" lat="56.6593816" lon="16.3541660" version="1" timestamp="2020-11-19T20:13:43Z" changeset="94459151" uid="159302" user="osmium"/>
  <node id="8143806480" lat="56.6593545" lon="16.3541452" version="1" timestamp="2020-11-19T20:13:43Z" changeset="94459151" uid="159302" user="osmium"/>
  <node id="8143806481" lat="56.6593427" lon="16.3541432" version="1" timestamp="2020-11-19T20:13:43Z" changeset="94459151" uid="159302" user="osmium"/>
  <node id="8143806482" lat="56.6593287" lon="16.3541489" version="1" timestamp="2020-11-19T20:13:43Z" changeset="94459151" uid="159302" user="osmium"/>
  <node id="8143806483" lat="56.6593220" lon="16.3541707" version="1" timestamp="2020-11-19T20:13:43Z" changeset="94459151" uid="159302" user="osmium"/>
  <node id="8143806484" lat="56.6593244" lon="16.3541921" version="1" timestamp="2020-11-19T20:13:43Z" changeset="94459151" uid="159302" user="osmium"/>
  <node id="8143806485" lat="56.6593279" lon="16.3542163" version="1" timestamp="2020-11-19T20:13:43Z" changeset="94459151" uid="159302" user="osmium"/>
  <node id="8143806486" lat="56.6593373" lon="16.3542438" version="1" timestamp="2020-11-19T20:13:43Z" changeset="94459151" uid="159302" user="osmium"/>
  <node id="8143806487" lat="56.6593504" lon="16.3542712" version="1" timestamp="2020-11-19T20:13:43Z" changeset="94459151" uid="159302" user="osmium"/>
  <node id="8143806488" lat="56.6593644" lon="16.3542873" version="1" timestamp="2020-11-19T20:13:43Z" changeset="94459151" uid="159302" user="osmium"/>
  <node id="8143806489" lat="56.6593812" lon="16.3542954" version="1" timestamp="2020-11-19T20:13:43Z" changeset="94459151" uid="159302" user="osmium"/>
  <node id="8143806490" lat="56.6593943" lon="16.3542964" version="1" timestamp="2020-11-19T20:13:43Z" changeset="94459151" uid="159302" user="osmium"/>
  <node id="8143806491" lat="56.6594057" lon="16.3542907" version="1" timestamp="2020-11-19T20:13:43Z" changeset="94459151" uid="159302" user="osmium"/>
  <node id="8143806492" lat="56.6594136" lon="16.3542800" version="1" timestamp="2020-11-19T20:13:43Z" changeset="94459151" uid="159302" user="osmium"/>
  <node id="8143806493" lat="56.6594184" lon="16.3542612" version="1" timestamp="2020-11-19T20:13:43Z" changeset="94459151" uid="159302" user="osmium"/>
  <node id="8143806494" lat="56.6594193" lon="16.3542387" version="1" timestamp="2020-11-19T20:13:43Z" changeset="94459151" uid="159302" user="osmium"/>
  <node id="8143806495" lat="56.6594186" lon="16.3542018" version="1" timestamp="2020-11-19T20:13:43Z" changeset="94459151" uid="159302" user="osmium"/>
  <node id="8143806496" lat="56.6594572" lon="16.3545135" version="1" timestamp="2020-11-19T20:13:43Z" changeset="94459151" uid="159302" user="osmium"/>
  <node id="8143806497" lat="56.6594252" lon="16.3546270" version="1" timestamp="2020-11-19T20:13:43Z" changeset="94459151" uid="159302" user="osmium"/>
  <node id="8143806498" lat="56.6594559" lon="16.3546556" version="1" timestamp="2020-11-19T20:13:43Z" changeset="94459151" uid="159302" user="osmium"/>
  <node id="8143806499" lat="56.6594879" lon="16.3545421" version="1" timestamp="2020-11-19T20:13:43Z" changeset="94459151" uid="159302" user="osmium"/>
  <node id="8143806500" lat="56.6594923" lon="16.3546126" version="2" timestamp="2025-07-16T18:49:13Z" changeset="169028461" uid="15888636" user="nomimono">
    <tag k="amenity" v="bench"/>
    <tag k="backrest" v="yes"/>
  </node>
  <node id="8143806501" lat="56.6593884" lon="16.3549291" version="2" timestamp="2021-06-29T17:07:31Z" changeset="107161333" uid="159302" user="osmium">
    <tag k="amenity" v="bench"/>
    <tag k="backrest" v="yes"/>
  </node>
  <node id="8143806503" lat="56.6592472" lon="16.3555279" version="2" timestamp="2021-06-29T17:07:30Z" changeset="107161333" uid="159302" user="osmium">
    <tag k="amenity" v="bench"/>
    <tag k="backrest" v="yes"/>
  </node>
  <node id="8143821217" lat="56.6606716" lon="16.3556144" version="1" timestamp="2020-11-19T20:13:43Z" changeset="94459151" uid="159302" user="osmium"/>
  <node id="8143821218" lat="56.6607494" lon="16.3556271" version="1" timestamp="2020-11-19T20:13:43Z" changeset="94459151" uid="159302" user="osmium"/>
  <node id="8143821220" lat="56.6606041" lon="16.3561066" version="1" timestamp="2020-11-19T20:13:43Z" changeset="94459151" uid="159302" user="osmium"/>
  <node id="8143821221" lat="56.6605618" lon="16.3556971" version="1" timestamp="2020-11-19T20:13:43Z" changeset="94459151" uid="159302" user="osmium"/>
  <node id="8143821222" lat="56.6604673" lon="16.3556680" version="1" timestamp="2020-11-19T20:13:43Z" changeset="94459151" uid="159302" user="osmium"/>
  <node id="8143821223" lat="56.6603928" lon="16.3557793" version="1" timestamp="2020-11-19T20:13:43Z" changeset="94459151" uid="159302" user="osmium"/>
  <node id="8143821224" lat="56.6603361" lon="16.3560791" version="1" timestamp="2020-11-19T20:13:43Z" changeset="94459151" uid="159302" user="osmium"/>
  <node id="8143821225" lat="56.6605878" lon="16.3562272" version="1" timestamp="2020-11-19T20:13:43Z" changeset="94459151" uid="159302" user="osmium"/>
  <node id="8143821226" lat="56.6598560" lon="16.3552193" version="1" timestamp="2020-11-19T20:13:43Z" changeset="94459151" uid="159302" user="osmium"/>
  <node id="8143821227" lat="56.6598595" lon="16.3551940" version="1" timestamp="2020-11-19T20:13:43Z" changeset="94459151" uid="159302" user="osmium"/>
  <node id="8143821228" lat="56.6598967" lon="16.3552109" version="1" timestamp="2020-11-19T20:13:43Z" changeset="94459151" uid="159302" user="osmium"/>
  <node id="8143821229" lat="56.6598934" lon="16.3552353" version="1" timestamp="2020-11-19T20:13:43Z" changeset="94459151" uid="159302" user="osmium"/>
  <node id="8143821230" lat="56.6599573" lon="16.3552642" version="1" timestamp="2020-11-19T20:13:43Z" changeset="94459151" uid="159302" user="osmium"/>
  <node id="8143821231" lat="56.6599602" lon="16.3552427" version="1" timestamp="2020-11-19T20:13:43Z" changeset="94459151" uid="159302" user="osmium"/>
  <node id="8143821232" lat="56.6600165" lon="16.3552682" version="1" timestamp="2020-11-19T20:13:43Z" changeset="94459151" uid="159302" user="osmium"/>
  <node id="8143821233" lat="56.6600249" lon="16.3552070" version="1" timestamp="2020-11-19T20:13:43Z" changeset="94459151" uid="159302" user="osmium"/>
  <node id="8143821234" lat="56.6598345" lon="16.3551207" version="1" timestamp="2020-11-19T20:13:43Z" changeset="94459151" uid="159302" user="osmium"/>
  <node id="8143821235" lat="56.6598231" lon="16.3552044" version="1" timestamp="2020-11-19T20:13:43Z" changeset="94459151" uid="159302" user="osmium"/>
  <node id="8143821236" lat="56.6600146" lon="16.3552786" version="1" timestamp="2020-11-19T20:13:43Z" changeset="94459151" uid="159302" user="osmium"/>
  <node id="8143821237" lat="56.6599650" lon="16.3552551" version="1" timestamp="2020-11-19T20:13:43Z" changeset="94459151" uid="159302" user="osmium"/>
  <node id="8143821238" lat="56.6599616" lon="16.3552787" version="1" timestamp="2020-11-19T20:13:43Z" changeset="94459151" uid="159302" user="osmium"/>
  <node id="8143821239" lat="56.6598859" lon="16.3552430" version="1" timestamp="2020-11-19T20:13:43Z" changeset="94459151" uid="159302" user="osmium"/>
  <node id="8143821240" lat="56.6598895" lon="16.3552178" version="1" timestamp="2020-11-19T20:13:43Z" changeset="94459151" uid="159302" user="osmium"/>
  <node id="8143821241" lat="56.6598640" lon="16.3552058" version="1" timestamp="2020-11-19T20:13:43Z" changeset="94459151" uid="159302" user="osmium"/>
  <node id="8143821242" lat="56.6598602" lon="16.3552324" version="1" timestamp="2020-11-19T20:13:43Z" changeset="94459151" uid="159302" user="osmium"/>
  <node id="8143821243" lat="56.6598219" lon="16.3552143" version="1" timestamp="2020-11-19T20:13:43Z" changeset="94459151" uid="159302" user="osmium"/>
  <node id="8143821244" lat="56.6598133" lon="16.3552750" version="1" timestamp="2020-11-19T20:13:43Z" changeset="94459151" uid="159302" user="osmium"/>
  <node id="8143821245" lat="56.6600024" lon="16.3553643" version="1" timestamp="2020-11-19T20:13:43Z" changeset="94459151" uid="159302" user="osmium"/>
  <node id="8143821246" lat="56.6598351" lon="16.3554172" version="1" timestamp="2020-11-19T20:13:43Z" changeset="94459151" uid="159302" user="osmium"/>
  <node id="8143821247" lat="56.6598330" lon="16.3554326" version="1" timestamp="2020-11-19T20:13:43Z" changeset="94459151" uid="159302" user="osmium"/>
  <node id="8143821248" lat="56.6598341" lon="16.3554457" version="1" timestamp="2020-11-19T20:13:43Z" changeset="94459151" uid="159302" user="osmium"/>
  <node id="8143821249" lat="56.6598373" lon="16.3554548" version="1" timestamp="2020-11-19T20:13:43Z" changeset="94459151" uid="159302" user="osmium"/>
  <node id="8143821250" lat="56.6598430" lon="16.3554605" version="1" timestamp="2020-11-19T20:13:43Z" changeset="94459151" uid="159302" user="osmium"/>
  <node id="8143821251" lat="56.6598489" lon="16.3554625" version="1" timestamp="2020-11-19T20:13:43Z" changeset="94459151" uid="159302" user="osmium"/>
  <node id="8143821252" lat="56.6598491" lon="16.3554702" version="1" timestamp="2020-11-19T20:13:43Z" changeset="94459151" uid="159302" user="osmium"/>
  <node id="8143821253" lat="56.6598500" lon="16.3554826" version="1" timestamp="2020-11-19T20:13:43Z" changeset="94459151" uid="159302" user="osmium"/>
  <node id="8143821254" lat="56.6598546" lon="16.3554947" version="1" timestamp="2020-11-19T20:13:43Z" changeset="94459151" uid="159302" user="osmium"/>
  <node id="8143821255" lat="56.6598610" lon="16.3555037" version="1" timestamp="2020-11-19T20:13:43Z" changeset="94459151" uid="159302" user="osmium"/>
  <node id="8143821256" lat="56.6598673" lon="16.3555081" version="1" timestamp="2020-11-19T20:13:43Z" changeset="94459151" uid="159302" user="osmium"/>
  <node id="8143821257" lat="56.6598680" lon="16.3555191" version="1" timestamp="2020-11-19T20:13:43Z" changeset="94459151" uid="159302" user="osmium"/>
  <node id="8143821258" lat="56.6598714" lon="16.3555312" version="1" timestamp="2020-11-19T20:13:43Z" changeset="94459151" uid="159302" user="osmium"/>
  <node id="8143821259" lat="56.6598763" lon="16.3555413" version="1" timestamp="2020-11-19T20:13:43Z" changeset="94459151" uid="159302" user="osmium"/>
  <node id="8143821260" lat="56.6598819" lon="16.3555450" version="1" timestamp="2020-11-19T20:13:43Z" changeset="94459151" uid="159302" user="osmium"/>
  <node id="8143821261" lat="56.6598881" lon="16.3555463" version="1" timestamp="2020-11-19T20:13:43Z" changeset="94459151" uid="159302" user="osmium"/>
  <node id="8143821262" lat="56.6598948" lon="16.3555433" version="1" timestamp="2020-11-19T20:13:43Z" changeset="94459151" uid="159302" user="osmium"/>
  <node id="8143821263" lat="56.6598997" lon="16.3555376" version="1" timestamp="2020-11-19T20:13:43Z" changeset="94459151" uid="159302" user="osmium"/>
  <node id="8143821264" lat="56.6599043" lon="16.3555262" version="1" timestamp="2020-11-19T20:13:43Z" changeset="94459151" uid="159302" user="osmium"/>
  <node id="8143821265" lat="56.6599099" lon="16.3555275" version="1" timestamp="2020-11-19T20:13:43Z" changeset="94459151" uid="159302" user="osmium"/>
  <node id="8143821266" lat="56.6599159" lon="16.3555279" version="1" timestamp="2020-11-19T20:13:43Z" changeset="94459151" uid="159302" user="osmium"/>
  <node id="8143821267" lat="56.6599235" lon="16.3555235" version="1" timestamp="2020-11-19T20:13:43Z" changeset="94459151" uid="159302" user="osmium"/>
  <node id="8143821268" lat="56.6599301" lon="16.3555168" version="1" timestamp="2020-11-19T20:13:43Z" changeset="94459151" uid="159302" user="osmium"/>
  <node id="8143821269" lat="56.6599336" lon="16.3555064" version="1" timestamp="2020-11-19T20:13:43Z" changeset="94459151" uid="159302" user="osmium"/>
  <node id="8143821270" lat="56.6599386" lon="16.3555084" version="1" timestamp="2020-11-19T20:13:43Z" changeset="94459151" uid="159302" user="osmium"/>
  <node id="8143821271" lat="56.6599462" lon="16.3555108" version="1" timestamp="2020-11-19T20:13:43Z" changeset="94459151" uid="159302" user="osmium"/>
  <node id="8143821272" lat="56.6599521" lon="16.3555067" version="1" timestamp="2020-11-19T20:13:43Z" changeset="94459151" uid="159302" user="osmium"/>
  <node id="8143821273" lat="56.6599559" lon="16.3554953" version="1" timestamp="2020-11-19T20:13:43Z" changeset="94459151" uid="159302" user="osmium"/>
  <node id="8143821274" lat="56.6599589" lon="16.3554789" version="1" timestamp="2020-11-19T20:13:43Z" changeset="94459151" uid="159302" user="osmium"/>
  <node id="8143821275" lat="56.6600536" lon="16.3554360" version="1" timestamp="2020-11-19T20:13:43Z" changeset="94459151" uid="159302" user="osmium"/>
  <node id="8143821276" lat="56.6597824" lon="16.3553542" version="1" timestamp="2020-11-19T20:13:43Z" changeset="94459151" uid="159302" user="osmium"/>
  <node id="8143821277" lat="56.6597606" lon="16.3553066" version="1" timestamp="2020-11-19T20:13:43Z" changeset="94459151" uid="159302" user="osmium"/>
  <node id="8143821278" lat="56.6597477" lon="16.3550685" version="1" timestamp="2020-11-19T20:13:43Z" changeset="94459151" uid="159302" user="osmium"/>
  <node id="8148919136" lat="56.6566875" lon="16.3531719" version="1" timestamp="2020-11-21T14:56:32Z" changeset="94548012" uid="159302" user="osmium">
    <tag k="historic" v="memorial"/>
  </node>
  <node id="8148919137" lat="56.6567158" lon="16.3533566" version="1" timestamp="2020-11-21T14:56:32Z" changeset="94548012" uid="159302" user="osmium">
    <tag k="amenity" v="bench"/>
  </node>
  <node id="8613110242" lat="56.6605584" lon="16.3597866" version="1" timestamp="2021-04-09T19:44:24Z" changeset="102667383" uid="159302" user="osmium"/>
  <node id="8613110243" lat="56.6605510" lon="16.3597593" version="1" timestamp="2021-04-09T19:44:24Z" changeset="102667383" uid="159302" user="osmium"/>
  <node id="8613110244" lat="56.6599106" lon="16.3603968" version="1" timestamp="2021-04-09T19:44:24Z" changeset="102667383" uid="159302" user="osmium"/>
  <node id="8613110245" lat="56.6598933" lon="16.3604139" version="1" timestamp="2021-04-09T19:44:24Z" changeset="102667383" uid="159302" user="osmium"/>
  <node id="8613110246" lat="56.6605197" lon="16.3600737" version="1" timestamp="2021-04-09T19:44:24Z" changeset="102667383" uid="159302" user="osmium"/>
  <node id="8613110247" lat="56.6605293" lon="16.3600984" version="1" timestamp="2021-04-09T19:44:24Z" changeset="102667383" uid="159302" user="osmium"/>
  <node id="8681023750" lat="56.6690810" lon="16.3621408" version="2" timestamp="2021-07-29T14:26:43Z" changeset="108831557" uid="159302" user="osmium"/>
  <node id="8681076732" lat="56.6603385" lon="16.3656375" version="1" timestamp="2021-04-29T20:25:03Z" changeset="103868583" uid="156646" user="archie"/>
  <node id="8929402660" lat="56.6599048" lon="16.3615497" version="1" timestamp="2021-07-17T21:13:14Z" changeset="108174081" uid="350222" user="Tomas Marklund"/>
  <node id="8929402661" lat="56.6599595" lon="16.3616513" version="1" timestamp="2021-07-17T21:13:14Z" changeset="108174081" uid="350222" user="Tomas Marklund"/>
  <node id="8929402662" lat="56.6599736" lon="16.3616520" version="1" timestamp="2021-07-17T21:13:14Z" changeset="108174081" uid="350222" user="Tomas Marklund"/>
  <node id="8929402663" lat="56.6597148" lon="16.3626337" version="1" timestamp="2021-07-17T21:13:14Z" changeset="108174081" uid="350222" user="Tomas Marklund"/>
  <node id="8960238612" lat="56.6701944" lon="16.3602794" version="1" timestamp="2021-07-29T14:26:43Z" changeset="108831557" uid="159302" user="osmium"/>
  <node id="8960238613" lat="56.6702615" lon="16.3604853" version="1" timestamp="2021-07-29T14:26:43Z" changeset="108831557" uid="159302" user="osmium"/>
  <node id="8960238614" lat="56.6702239" lon="16.3605456" version="1" timestamp="2021-07-29T14:26:43Z" changeset="108831557" uid="159302" user="osmium"/>
  <node id="8960238615" lat="56.6702261" lon="16.3608440" version="1" timestamp="2021-07-29T14:26:43Z" changeset="108831557" uid="159302" user="osmium"/>
  <node id="8960238616" lat="56.6690419" lon="16.3621978" version="1" timestamp="2021-07-29T14:26:43Z" changeset="108831557" uid="159302" user="osmium"/>
  <node id="8960244117" lat="56.6688640" lon="16.3626505" version="1" timestamp="2021-07-29T14:26:43Z" changeset="108831557" uid="159302" user="osmium"/>
  <node id="8960244118" lat="56.6686554" lon="16.3630152" version="1" timestamp="2021-07-29T14:26:43Z" changeset="108831557" uid="159302" user="osmium"/>
  <node id="8960244119" lat="56.6683772" lon="16.3630186" version="1" timestamp="2021-07-29T14:26:43Z" changeset="108831557" uid="159302" user="osmium"/>
  <node id="8960244120" lat="56.6681411" lon="16.3628999" version="1" timestamp="2021-07-29T14:26:43Z" changeset="108831557" uid="159302" user="osmium"/>
  <node id="8960244121" lat="56.6680372" lon="16.3629026" version="1" timestamp="2021-07-29T14:26:43Z" changeset="108831557" uid="159302" user="osmium"/>
  <node id="8960244122" lat="56.6676949" lon="16.3633331" version="1" timestamp="2021-07-29T14:26:43Z" changeset="108831557" uid="159302" user="osmium"/>
  <node id="8960244123" lat="56.6677962" lon="16.3631366" version="1" timestamp="2021-07-29T14:26:43Z" changeset="108831557" uid="159302" user="osmium"/>
  <node id="8960244124" lat="56.6675270" lon="16.3638900" version="1" timestamp="2021-07-29T14:26:43Z" changeset="108831557" uid="159302" user="osmium"/>
  <node id="8960244125" lat="56.6672731" lon="16.3645894" version="1" timestamp="2021-07-29T14:26:43Z" changeset="108831557" uid="159302" user="osmium"/>
  <node id="8960244126" lat="56.6669949" lon="16.3649143" version="1" timestamp="2021-07-29T14:26:43Z" changeset="108831557" uid="159302" user="osmium"/>
  <node id="8960244127" lat="56.6668579" lon="16.3647483" version="1" timestamp="2021-07-29T14:26:43Z" changeset="108831557" uid="159302" user="osmium"/>
  <node id="8960244128" lat="56.6667936" lon="16.3645066" version="1" timestamp="2021-07-29T14:26:43Z" changeset="108831557" uid="159302" user="osmium"/>
  <node id="8960244129" lat="56.6667934" lon="16.3641659" version="1" timestamp="2021-07-29T14:26:43Z" changeset="108831557" uid="159302" user="osmium"/>
  <node id="8960244130" lat="56.6668085" lon="16.3640898" version="1" timestamp="2021-07-29T14:26:43Z" changeset="108831557" uid="159302" user="osmium"/>
  <node id="8960244131" lat="56.6669198" lon="16.3638900" version="1" timestamp="2021-07-29T14:26:43Z" changeset="108831557" uid="159302" user="osmium"/>
  <node id="8960244132" lat="56.6669137" lon="16.3638249" version="1" timestamp="2021-07-29T14:26:43Z" changeset="108831557" uid="159302" user="osmium"/>
  <node id="8960244133" lat="56.6665695" lon="16.3621999" version="1" timestamp="2021-07-29T14:26:43Z" changeset="108831557" uid="159302" user="osmium"/>
  <node id="8980901072" lat="56.6572171" lon="16.3600925" version="1" timestamp="2021-08-04T19:32:22Z" changeset="109162051" uid="159302" user="osmium"/>
  <node id="8980901073" lat="56.6573906" lon="16.3600212" version="1" timestamp="2021-08-04T19:32:22Z" changeset="109162051" uid="159302" user="osmium"/>
  <node id="8980901074" lat="56.6575433" lon="16.3599437" version="1" timestamp="2021-08-04T19:32:22Z" changeset="109162051" uid="159302" user="osmium"/>
  <node id="8980901075" lat="56.6576710" lon="16.3598921" version="1" timestamp="2021-08-04T19:32:22Z" changeset="109162051" uid="159302" user="osmium"/>
  <node id="8980901076" lat="56.6578346" lon="16.3598526" version="1" timestamp="2021-08-04T19:32:22Z" changeset="109162051" uid="159302" user="osmium"/>
  <node id="8981001154" lat="56.6590527" lon="16.3528810" version="2" timestamp="2025-11-24T17:37:13Z" changeset="175077728" uid="66965" user="urk"/>
  <node id="8981001155" lat="56.6597093" lon="16.3536535" version="1" timestamp="2021-08-04T20:40:35Z" changeset="109163995" uid="159302" user="osmium"/>
  <node id="8981001156" lat="56.6600171" lon="16.3540588" version="1" timestamp="2021-08-04T20:40:35Z" changeset="109163995" uid="159302" user="osmium"/>
  <node id="8981001157" lat="56.6600377" lon="16.3540300" version="2" timestamp="2025-09-29T07:43:52Z" changeset="172597868" uid="156646" user="archie"/>
  <node id="8981001158" lat="56.6607100" lon="16.3548002" version="1" timestamp="2021-08-04T20:40:35Z" changeset="109163995" uid="159302" user="osmium"/>
  <node id="8981001159" lat="56.6608653" lon="16.3549337" version="1" timestamp="2021-08-04T20:40:35Z" changeset="109163995" uid="159302" user="osmium"/>
  <node id="8981001160" lat="56.6610852" lon="16.3550793" version="1" timestamp="2021-08-04T20:40:35Z" changeset="109163995" uid="159302" user="osmium"/>
  <node id="8981001161" lat="56.6613271" lon="16.3552163" version="1" timestamp="2021-08-04T20:40:35Z" changeset="109163995" uid="159302" user="osmium"/>
  <node id="8981001162" lat="56.6617414" lon="16.3553747" version="1" timestamp="2021-08-04T20:40:35Z" changeset="109163995" uid="159302" user="osmium"/>
  <node id="8981001163" lat="56.6615744" lon="16.3553407" version="1" timestamp="2021-08-04T20:40:35Z" changeset="109163995" uid="159302" user="osmium"/>
  <node id="8981001164" lat="56.6618896" lon="16.3554057" version="1" timestamp="2021-08-04T20:40:35Z" changeset="109163995" uid="159302" user="osmium"/>
  <node id="8981001165" lat="56.6599155" lon="16.3587883" version="1" timestamp="2021-08-04T20:40:35Z" changeset="109163995" uid="159302" user="osmium">
    <tag k="amenity" v="bench"/>
    <tag k="backrest" v="yes"/>
    <tag k="material" v="wood"/>
  </node>
  <node id="8981001166" lat="56.6612655" lon="16.3576730" version="1" timestamp="2021-08-04T20:40:35Z" changeset="109163995" uid="159302" user="osmium"/>
  <node id="8981001167" lat="56.6615495" lon="16.3572372" version="1" timestamp="2021-08-04T20:40:35Z" changeset="109163995" uid="159302" user="osmium"/>
  <node id="8981001168" lat="56.6606214" lon="16.3581779" version="1" timestamp="2021-08-04T20:40:35Z" changeset="109163995" uid="159302" user="osmium">
    <tag k="amenity" v="bench"/>
    <tag k="backrest" v="yes"/>
    <tag k="material" v="wood"/>
  </node>
  <node id="8981001169" lat="56.6602816" lon="16.3584737" version="1" timestamp="2021-08-04T20:40:35Z" changeset="109163995" uid="159302" user="osmium">
    <tag k="amenity" v="bench"/>
    <tag k="backrest" v="yes"/>
    <tag k="material" v="wood"/>
  </node>
  <node id="8981001170" lat="56.6605515" lon="16.3585945" version="1" timestamp="2021-08-04T20:40:35Z" changeset="109163995" uid="159302" user="osmium"/>
  <node id="8981001171" lat="56.6604525" lon="16.3587589" version="1" timestamp="2021-08-04T20:40:35Z" changeset="109163995" uid="159302" user="osmium"/>
  <node id="8981001172" lat="56.6604761" lon="16.3588059" version="1" timestamp="2021-08-04T20:40:35Z" changeset="109163995" uid="159302" user="osmium"/>
  <node id="8981001173" lat="56.6605751" lon="16.3586415" version="1" timestamp="2021-08-04T20:40:35Z" changeset="109163995" uid="159302" user="osmium"/>
  <node id="8981001174" lat="56.6606951" lon="16.3583551" version="1" timestamp="2021-08-04T20:40:35Z" changeset="109163995" uid="159302" user="osmium"/>
  <node id="8981001175" lat="56.6605961" lon="16.3585195" version="1" timestamp="2021-08-04T20:40:35Z" changeset="109163995" uid="159302" user="osmium"/>
  <node id="8981001176" lat="56.6606197" lon="16.3585665" version="1" timestamp="2021-08-04T20:40:35Z" changeset="109163995" uid="159302" user="osmium"/>
  <node id="8981001177" lat="56.6607187" lon="16.3584021" version="1" timestamp="2021-08-04T20:40:35Z" changeset="109163995" uid="159302" user="osmium"/>
  <node id="8981001178" lat="56.6590976" lon="16.3594199" version="1" timestamp="2021-08-04T20:40:35Z" changeset="109163995" uid="159302" user="osmium"/>
  <node id="8981001179" lat="56.6571794" lon="16.3599858" version="1" timestamp="2021-08-04T20:40:35Z" changeset="109163995" uid="159302" user="osmium"/>
  <node id="8981001180" lat="56.6569613" lon="16.3601483" version="1" timestamp="2021-08-04T20:40:35Z" changeset="109163995" uid="159302" user="osmium"/>
  <node id="8981001181" lat="56.6569845" lon="16.3602512" version="1" timestamp="2021-08-04T20:40:35Z" changeset="109163995" uid="159302" user="osmium"/>
  <node id="8981001182" lat="56.6572026" lon="16.3600888" version="1" timestamp="2021-08-04T20:40:35Z" changeset="109163995" uid="159302" user="osmium"/>
  <node id="8981001183" lat="56.6572936" lon="16.3599453" version="1" timestamp="2021-08-04T20:40:35Z" changeset="109163995" uid="159302" user="osmium"/>
  <node id="8981001184" lat="56.6573714" lon="16.3599453" version="1" timestamp="2021-08-04T20:40:35Z" changeset="109163995" uid="159302" user="osmium"/>
  <node id="8981001185" lat="56.6577298" lon="16.3597313" version="1" timestamp="2021-08-04T20:40:35Z" changeset="109163995" uid="159302" user="osmium"/>
  <node id="8981001186" lat="56.6577198" lon="16.3597793" version="1" timestamp="2021-08-04T20:40:35Z" changeset="109163995" uid="159302" user="osmium"/>
  <node id="8981001187" lat="56.6577319" lon="16.3595001" version="1" timestamp="2021-08-04T20:40:35Z" changeset="109163995" uid="159302" user="osmium"/>
  <node id="8981001188" lat="56.6577034" lon="16.3588032" version="1" timestamp="2021-08-04T20:40:35Z" changeset="109163995" uid="159302" user="osmium"/>
  <node id="8981001189" lat="56.6577402" lon="16.3586978" version="1" timestamp="2021-08-04T20:40:35Z" changeset="109163995" uid="159302" user="osmium"/>
  <node id="8981001190" lat="56.6578435" lon="16.3585948" version="1" timestamp="2021-08-04T20:40:35Z" changeset="109163995" uid="159302" user="osmium"/>
  <node id="8981001191" lat="56.6578993" lon="16.3585909" version="1" timestamp="2021-08-04T20:40:35Z" changeset="109163995" uid="159302" user="osmium"/>
  <node id="8981001192" lat="56.6579529" lon="16.3585736" version="1" timestamp="2021-08-04T20:40:35Z" changeset="109163995" uid="159302" user="osmium"/>
  <node id="8981001193" lat="56.6579957" lon="16.3585342" version="1" timestamp="2021-08-04T20:40:35Z" changeset="109163995" uid="159302" user="osmium"/>
  <node id="8981001194" lat="56.6580272" lon="16.3585240" version="1" timestamp="2021-08-04T20:40:35Z" changeset="109163995" uid="159302" user="osmium"/>
  <node id="8981001195" lat="56.6580929" lon="16.3586782" version="1" timestamp="2021-08-04T20:40:35Z" changeset="109163995" uid="159302" user="osmium"/>
  <node id="8981001196" lat="56.6581184" lon="16.3587112" version="1" timestamp="2021-08-04T20:40:35Z" changeset="109163995" uid="159302" user="osmium"/>
  <node id="8981001197" lat="56.6583458" lon="16.3594057" version="1" timestamp="2021-08-04T20:40:35Z" changeset="109163995" uid="159302" user="osmium"/>
  <node id="8981001198" lat="56.6583800" lon="16.3594191" version="1" timestamp="2021-08-04T20:40:35Z" changeset="109163995" uid="159302" user="osmium"/>
  <node id="8981001199" lat="56.6595736" lon="16.3589464" version="1" timestamp="2021-08-04T20:40:35Z" changeset="109163995" uid="159302" user="osmium"/>
  <node id="8981001200" lat="56.6594369" lon="16.3590353" version="1" timestamp="2021-08-04T20:40:35Z" changeset="109163995" uid="159302" user="osmium"/>
  <node id="8981001201" lat="56.6595515" lon="16.3589338" version="1" timestamp="2021-08-04T20:40:35Z" changeset="109163995" uid="159302" user="osmium"/>
  <node id="8981001202" lat="56.6601239" lon="16.3584619" version="1" timestamp="2021-08-04T20:40:35Z" changeset="109163995" uid="159302" user="osmium"/>
  <node id="8981001203" lat="56.6604835" lon="16.3581819" version="1" timestamp="2021-08-04T20:40:35Z" changeset="109163995" uid="159302" user="osmium"/>
  <node id="8981001204" lat="56.6604974" lon="16.3581425" version="1" timestamp="2021-08-04T20:40:35Z" changeset="109163995" uid="159302" user="osmium"/>
  <node id="8981001205" lat="56.6605276" lon="16.3581001" version="1" timestamp="2021-08-04T20:40:35Z" changeset="109163995" uid="159302" user="osmium"/>
  <node id="8981001206" lat="56.6605730" lon="16.3580812" version="1" timestamp="2021-08-04T20:40:35Z" changeset="109163995" uid="159302" user="osmium"/>
  <node id="8981001207" lat="56.6609685" lon="16.3577618" version="1" timestamp="2021-08-04T20:40:35Z" changeset="109163995" uid="159302" user="osmium"/>
  <node id="8981001208" lat="56.6611661" lon="16.3575282" version="1" timestamp="2021-08-04T20:40:35Z" changeset="109163995" uid="159302" user="osmium"/>
  <node id="8981001209" lat="56.6612102" lon="16.3574362" version="1" timestamp="2021-08-04T20:40:35Z" changeset="109163995" uid="159302" user="osmium"/>
  <node id="8981001210" lat="56.6613969" lon="16.3572931" version="1" timestamp="2021-08-04T20:40:35Z" changeset="109163995" uid="159302" user="osmium"/>
  <node id="8982975124" lat="56.6604174" lon="16.3588297" version="1" timestamp="2021-08-05T10:10:11Z" changeset="109192670" uid="159302" user="osmium">
    <tag k="natural" v="shrub"/>
  </node>
  <node id="8982975125" lat="56.6603408" lon="16.3587587" version="1" timestamp="2021-08-05T10:10:11Z" changeset="109192670" uid="159302" user="osmium">
    <tag k="natural" v="shrub"/>
  </node>
  <node id="8982975126" lat="56.6587964" lon="16.3591737" version="1" timestamp="2021-08-05T10:10:11Z" changeset="109192670" uid="159302" user="osmium"/>
  <node id="8982975127" lat="56.6588042" lon="16.3592631" version="1" timestamp="2021-08-05T10:10:11Z" changeset="109192670" uid="159302" user="osmium"/>
  <node id="8982975128" lat="56.6584201" lon="16.3593566" version="1" timestamp="2021-08-05T10:10:11Z" changeset="109192670" uid="159302" user="osmium"/>
  <node id="8982975129" lat="56.6583783" lon="16.3593474" version="1" timestamp="2021-08-05T10:10:11Z" changeset="109192670" uid="159302" user="osmium"/>
  <node id="8982975130" lat="56.6583444" lon="16.3593266" version="1" timestamp="2021-08-05T10:10:11Z" changeset="109192670" uid="159302" user="osmium"/>
  <node id="8982975131" lat="56.6583145" lon="16.3592831" version="1" timestamp="2021-08-05T10:10:11Z" changeset="109192670" uid="159302" user="osmium"/>
  <node id="8982975132" lat="56.6582397" lon="16.3590318" version="1" timestamp="2021-08-05T10:10:11Z" changeset="109192670" uid="159302" user="osmium"/>
  <node id="8982975133" lat="56.6582118" lon="16.3590580" version="1" timestamp="2021-08-05T10:10:11Z" changeset="109192670" uid="159302" user="osmium"/>
  <node id="8982975134" lat="56.6588966" lon="16.3593012" version="1" timestamp="2021-08-05T10:10:11Z" changeset="109192670" uid="159302" user="osmium"/>
  <node id="8982975135" lat="56.6588850" lon="16.3591504" version="1" timestamp="2021-08-05T10:10:11Z" changeset="109192670" uid="159302" user="osmium"/>
  <node id="8982975136" lat="56.6578060" lon="16.3587120" version="1" timestamp="2021-08-05T10:10:11Z" changeset="109192670" uid="159302" user="osmium">
    <tag k="natural" v="shrub"/>
  </node>
  <node id="8982975137" lat="56.6579015" lon="16.3587429" version="1" timestamp="2021-08-05T10:10:11Z" changeset="109192670" uid="159302" user="osmium">
    <tag k="natural" v="shrub"/>
  </node>
  <node id="8982975138" lat="56.6594523" lon="16.3595128" version="1" timestamp="2021-08-05T10:10:11Z" changeset="109192670" uid="159302" user="osmium">
    <tag k="natural" v="shrub"/>
  </node>
  <node id="8982975139" lat="56.6598153" lon="16.3589057" version="1" timestamp="2021-08-05T10:10:11Z" changeset="109192670" uid="159302" user="osmium">
    <tag k="natural" v="shrub"/>
  </node>
  <node id="8982975140" lat="56.6598708" lon="16.3588556" version="1" timestamp="2021-08-05T10:10:11Z" changeset="109192670" uid="159302" user="osmium">
    <tag k="natural" v="shrub"/>
  </node>
  <node id="8982975141" lat="56.6601664" lon="16.3589558" version="1" timestamp="2021-08-05T10:10:11Z" changeset="109192670" uid="159302" user="osmium">
    <tag k="natural" v="shrub"/>
  </node>
  <node id="8982975142" lat="56.6601044" lon="16.3585208" version="1" timestamp="2021-08-05T10:10:11Z" changeset="109192670" uid="159302" user="osmium">
    <tag k="natural" v="shrub"/>
  </node>
  <node id="8982975143" lat="56.6600677" lon="16.3586869" version="1" timestamp="2021-08-05T10:10:11Z" changeset="109192670" uid="159302" user="osmium">
    <tag k="natural" v="shrub"/>
  </node>
  <node id="8982975144" lat="56.6601999" lon="16.3585725" version="1" timestamp="2021-08-05T10:10:11Z" changeset="109192670" uid="159302" user="osmium">
    <tag k="natural" v="shrub"/>
  </node>
  <node id="8982975145" lat="56.6607359" lon="16.3581133" version="1" timestamp="2021-08-05T10:10:11Z" changeset="109192670" uid="159302" user="osmium">
    <tag k="natural" v="shrub"/>
  </node>
  <node id="8982975149" lat="56.6607033" lon="16.3580414" version="1" timestamp="2021-08-05T10:10:11Z" changeset="109192670" uid="159302" user="osmium">
    <tag k="denotation" v="urban"/>
    <tag k="leaf_cycle" v="deciduous"/>
    <tag k="leaf_type" v="broadleaved"/>
    <tag k="natural" v="tree"/>
  </node>
  <node id="8982975150" lat="56.6605964" lon="16.3581216" version="1" timestamp="2021-08-05T10:10:11Z" changeset="109192670" uid="159302" user="osmium">
    <tag k="denotation" v="urban"/>
    <tag k="leaf_cycle" v="deciduous"/>
    <tag k="leaf_type" v="broadleaved"/>
    <tag k="natural" v="tree"/>
  </node>
  <node id="8982975151" lat="56.6606111" lon="16.3583153" version="1" timestamp="2021-08-05T10:10:11Z" changeset="109192670" uid="159302" user="osmium">
    <tag k="denotation" v="urban"/>
    <tag k="leaf_cycle" v="deciduous"/>
    <tag k="leaf_type" v="broadleaved"/>
    <tag k="natural" v="tree"/>
  </node>
  <node id="8982975152" lat="56.6603835" lon="16.3585124" version="1" timestamp="2021-08-05T10:10:11Z" changeset="109192670" uid="159302" user="osmium">
    <tag k="denotation" v="urban"/>
    <tag k="leaf_cycle" v="deciduous"/>
    <tag k="leaf_type" v="broadleaved"/>
    <tag k="natural" v="tree"/>
  </node>
  <node id="8982975153" lat="56.6602655" lon="16.3586777" version="1" timestamp="2021-08-05T10:10:11Z" changeset="109192670" uid="159302" user="osmium">
    <tag k="denotation" v="urban"/>
    <tag k="leaf_cycle" v="deciduous"/>
    <tag k="leaf_type" v="broadleaved"/>
    <tag k="natural" v="tree"/>
  </node>
  <node id="8982975154" lat="56.6599979" lon="16.3587905" version="1" timestamp="2021-08-05T10:10:11Z" changeset="109192670" uid="159302" user="osmium">
    <tag k="historic" v="memorial"/>
    <tag k="material" v="steel"/>
    <tag k="memorial" v="sculpture"/>
  </node>
  <node id="8982975155" lat="56.6601058" lon="16.3588005" version="1" timestamp="2021-08-05T10:10:11Z" changeset="109192670" uid="159302" user="osmium">
    <tag k="denotation" v="urban"/>
    <tag k="leaf_cycle" v="deciduous"/>
    <tag k="leaf_type" v="broadleaved"/>
    <tag k="natural" v="tree"/>
  </node>
  <node id="8982975156" lat="56.6599897" lon="16.3592222" version="1" timestamp="2021-08-05T10:10:11Z" changeset="109192670" uid="159302" user="osmium">
    <tag k="denotation" v="urban"/>
    <tag k="leaf_cycle" v="deciduous"/>
    <tag k="leaf_type" v="broadleaved"/>
    <tag k="natural" v="tree"/>
  </node>
  <node id="8982975157" lat="56.6597533" lon="16.3590176" version="1" timestamp="2021-08-05T10:10:11Z" changeset="109192670" uid="159302" user="osmium">
    <tag k="denotation" v="urban"/>
    <tag k="leaf_cycle" v="deciduous"/>
    <tag k="leaf_type" v="broadleaved"/>
    <tag k="natural" v="tree"/>
  </node>
  <node id="8982975158" lat="56.6596978" lon="16.3591487" version="1" timestamp="2021-08-05T10:10:11Z" changeset="109192670" uid="159302" user="osmium">
    <tag k="denotation" v="urban"/>
    <tag k="leaf_cycle" v="deciduous"/>
    <tag k="leaf_type" v="broadleaved"/>
    <tag k="natural" v="tree"/>
  </node>
  <node id="8982975159" lat="56.6595968" lon="16.3593508" version="1" timestamp="2021-08-05T10:10:11Z" changeset="109192670" uid="159302" user="osmium">
    <tag k="denotation" v="urban"/>
    <tag k="leaf_cycle" v="deciduous"/>
    <tag k="leaf_type" v="broadleaved"/>
    <tag k="natural" v="tree"/>
  </node>
  <node id="8982975160" lat="56.6596996" lon="16.3593416" version="1" timestamp="2021-08-05T10:10:11Z" changeset="109192670" uid="159302" user="osmium">
    <tag k="amenity" v="bench"/>
    <tag k="backrest" v="yes"/>
    <tag k="material" v="wood"/>
  </node>
  <node id="8982975161" lat="56.6597731" lon="16.3591495" version="1" timestamp="2021-08-05T10:10:11Z" changeset="109192670" uid="159302" user="osmium">
    <tag k="amenity" v="bench"/>
    <tag k="backrest" v="yes"/>
    <tag k="material" v="wood"/>
  </node>
  <node id="8982975162" lat="56.6588455" lon="16.3594042" version="1" timestamp="2021-08-05T10:10:11Z" changeset="109192670" uid="159302" user="osmium">
    <tag k="amenity" v="bench"/>
    <tag k="backrest" v="yes"/>
    <tag k="material" v="wood"/>
  </node>
  <node id="8982975163" lat="56.6587840" lon="16.3595495" version="1" timestamp="2021-08-05T10:10:11Z" changeset="109192670" uid="159302" user="osmium">
    <tag k="amenity" v="bench"/>
    <tag k="backrest" v="yes"/>
    <tag k="material" v="wood"/>
  </node>
  <node id="8982975164" lat="56.6578065" lon="16.3597800" version="1" timestamp="2021-08-05T10:10:11Z" changeset="109192670" uid="159302" user="osmium">
    <tag k="denotation" v="urban"/>
    <tag k="leaf_cycle" v="deciduous"/>
    <tag k="leaf_type" v="broadleaved"/>
    <tag k="natural" v="tree"/>
  </node>
  <node id="8982975165" lat="56.6604743" lon="16.3582327" version="1" timestamp="2021-08-05T10:10:11Z" changeset="109192670" uid="159302" user="osmium">
    <tag k="natural" v="shrub"/>
  </node>
  <node id="8982975177" lat="56.6573055" lon="16.3599953" version="1" timestamp="2021-08-05T10:10:11Z" changeset="109192670" uid="159302" user="osmium"/>
  <node id="8982975178" lat="56.6573117" lon="16.3600285" version="1" timestamp="2021-08-05T10:10:11Z" changeset="109192670" uid="159302" user="osmium"/>
  <node id="8982975179" lat="56.6572412" lon="16.3600718" version="1" timestamp="2021-08-05T10:10:11Z" changeset="109192670" uid="159302" user="osmium"/>
  <node id="8982975180" lat="56.6572351" lon="16.3600385" version="1" timestamp="2021-08-05T10:10:11Z" changeset="109192670" uid="159302" user="osmium"/>
  <node id="8982975181" lat="56.6578721" lon="16.3595245" version="1" timestamp="2021-08-05T10:10:11Z" changeset="109192670" uid="159302" user="osmium">
    <tag k="denotation" v="urban"/>
    <tag k="leaf_cycle" v="deciduous"/>
    <tag k="leaf_type" v="broadleaved"/>
    <tag k="natural" v="tree"/>
  </node>
  <node id="8982975182" lat="56.6577711" lon="16.3592431" version="1" timestamp="2021-08-05T10:10:11Z" changeset="109192670" uid="159302" user="osmium">
    <tag k="amenity" v="bench"/>
    <tag k="backrest" v="yes"/>
    <tag k="material" v="wood"/>
  </node>
  <node id="8982975183" lat="56.6577665" lon="16.3591737" version="1" timestamp="2021-08-05T10:10:11Z" changeset="109192670" uid="159302" user="osmium">
    <tag k="amenity" v="bench"/>
    <tag k="backrest" v="yes"/>
    <tag k="material" v="wood"/>
  </node>
  <node id="8982975184" lat="56.6577624" lon="16.3591103" version="1" timestamp="2021-08-05T10:10:11Z" changeset="109192670" uid="159302" user="osmium">
    <tag k="amenity" v="bench"/>
    <tag k="backrest" v="yes"/>
    <tag k="material" v="wood"/>
  </node>
  <node id="8982975185" lat="56.6578501" lon="16.3587604" version="1" timestamp="2021-08-05T10:10:11Z" changeset="109192670" uid="159302" user="osmium">
    <tag k="amenity" v="bench"/>
    <tag k="backrest" v="yes"/>
    <tag k="material" v="wood"/>
  </node>
  <node id="8982975186" lat="56.6580089" lon="16.3587621" version="1" timestamp="2021-08-05T10:10:11Z" changeset="109192670" uid="159302" user="osmium">
    <tag k="amenity" v="bench"/>
    <tag k="backrest" v="yes"/>
    <tag k="material" v="wood"/>
  </node>
  <node id="8982975187" lat="56.6581268" lon="16.3588823" version="1" timestamp="2021-08-05T10:10:11Z" changeset="109192670" uid="159302" user="osmium">
    <tag k="amenity" v="bench"/>
    <tag k="backrest" v="yes"/>
    <tag k="material" v="wood"/>
  </node>
  <node id="8982975188" lat="56.6581470" lon="16.3589508" version="1" timestamp="2021-08-05T10:10:11Z" changeset="109192670" uid="159302" user="osmium">
    <tag k="amenity" v="bench"/>
    <tag k="backrest" v="yes"/>
    <tag k="material" v="wood"/>
  </node>
  <node id="8982975189" lat="56.6581594" lon="16.3589976" version="1" timestamp="2021-08-05T10:10:11Z" changeset="109192670" uid="159302" user="osmium">
    <tag k="amenity" v="bench"/>
    <tag k="backrest" v="yes"/>
    <tag k="material" v="wood"/>
  </node>
  <node id="8982975190" lat="56.6582452" lon="16.3593103" version="1" timestamp="2021-08-05T10:10:11Z" changeset="109192670" uid="159302" user="osmium">
    <tag k="amenity" v="bench"/>
    <tag k="backrest" v="yes"/>
    <tag k="material" v="wood"/>
  </node>
  <node id="8982975191" lat="56.6579639" lon="16.3589333" version="1" timestamp="2021-08-05T10:10:11Z" changeset="109192670" uid="159302" user="osmium"/>
  <node id="8982975192" lat="56.6580217" lon="16.3589550" version="1" timestamp="2021-08-05T10:10:11Z" changeset="109192670" uid="159302" user="osmium"/>
  <node id="8982975193" lat="56.6580713" lon="16.3590285" version="1" timestamp="2021-08-05T10:10:11Z" changeset="109192670" uid="159302" user="osmium"/>
  <node id="8982975194" lat="56.6581048" lon="16.3591395" version="1" timestamp="2021-08-05T10:10:11Z" changeset="109192670" uid="159302" user="osmium"/>
  <node id="8982975195" lat="56.6581429" lon="16.3592940" version="1" timestamp="2021-08-05T10:10:11Z" changeset="109192670" uid="159302" user="osmium"/>
  <node id="8982975196" lat="56.6581566" lon="16.3594535" version="1" timestamp="2021-08-05T10:10:11Z" changeset="109192670" uid="159302" user="osmium"/>
  <node id="8982975197" lat="56.6581580" lon="16.3595812" version="1" timestamp="2021-08-05T10:10:11Z" changeset="109192670" uid="159302" user="osmium"/>
  <node id="8982975198" lat="56.6581392" lon="16.3596071" version="1" timestamp="2021-08-05T10:10:11Z" changeset="109192670" uid="159302" user="osmium"/>
  <node id="8982975199" lat="56.6580015" lon="16.3596213" version="1" timestamp="2021-08-05T10:10:11Z" changeset="109192670" uid="159302" user="osmium"/>
  <node id="8982975200" lat="56.6579735" lon="16.3595879" version="1" timestamp="2021-08-05T10:10:11Z" changeset="109192670" uid="159302" user="osmium"/>
  <node id="8982975201" lat="56.6579226" lon="16.3593975" version="1" timestamp="2021-08-05T10:10:11Z" changeset="109192670" uid="159302" user="osmium"/>
  <node id="8982975202" lat="56.6578771" lon="16.3592021" version="1" timestamp="2021-08-05T10:10:11Z" changeset="109192670" uid="159302" user="osmium"/>
  <node id="8982975203" lat="56.6578735" lon="16.3591028" version="1" timestamp="2021-08-05T10:10:11Z" changeset="109192670" uid="159302" user="osmium"/>
  <node id="8982975204" lat="56.6578941" lon="16.3590092" version="1" timestamp="2021-08-05T10:10:11Z" changeset="109192670" uid="159302" user="osmium"/>
  <node id="8982975205" lat="56.6579299" lon="16.3589650" version="1" timestamp="2021-08-05T10:10:11Z" changeset="109192670" uid="159302" user="osmium"/>
  <node id="8982975206" lat="56.6580722" lon="16.3597708" version="1" timestamp="2021-08-05T10:10:11Z" changeset="109192670" uid="159302" user="osmium">
    <tag k="denotation" v="urban"/>
    <tag k="leaf_cycle" v="deciduous"/>
    <tag k="leaf_type" v="broadleaved"/>
    <tag k="natural" v="tree"/>
  </node>
  <node id="8982975207" lat="56.6594715" lon="16.3596514" version="1" timestamp="2021-08-05T10:10:11Z" changeset="109192670" uid="159302" user="osmium">
    <tag k="denotation" v="urban"/>
    <tag k="leaf_cycle" v="deciduous"/>
    <tag k="leaf_type" v="broadleaved"/>
    <tag k="natural" v="tree"/>
  </node>
  <node id="8982975208" lat="56.6595982" lon="16.3596013" version="1" timestamp="2021-08-05T10:10:11Z" changeset="109192670" uid="159302" user="osmium">
    <tag k="denotation" v="urban"/>
    <tag k="leaf_cycle" v="deciduous"/>
    <tag k="leaf_type" v="broadleaved"/>
    <tag k="natural" v="tree"/>
  </node>
  <node id="8982975209" lat="56.6598272" lon="16.3593900" version="1" timestamp="2021-08-05T10:10:11Z" changeset="109192670" uid="159302" user="osmium">
    <tag k="denotation" v="urban"/>
    <tag k="leaf_cycle" v="deciduous"/>
    <tag k="leaf_type" v="broadleaved"/>
    <tag k="natural" v="tree"/>
  </node>
  <node id="8982975210" lat="56.6598846" lon="16.3589775" version="1" timestamp="2021-08-05T10:10:11Z" changeset="109192670" uid="159302" user="osmium">
    <tag k="denotation" v="urban"/>
    <tag k="leaf_cycle" v="deciduous"/>
    <tag k="leaf_type" v="broadleaved"/>
    <tag k="natural" v="tree"/>
  </node>
  <node id="8982975211" lat="56.6601476" lon="16.3594485" version="1" timestamp="2021-08-05T10:10:11Z" changeset="109192670" uid="159302" user="osmium">
    <tag k="denotation" v="urban"/>
    <tag k="leaf_cycle" v="deciduous"/>
    <tag k="leaf_type" v="broadleaved"/>
    <tag k="natural" v="tree"/>
  </node>
  <node id="8982975212" lat="56.6603366" lon="16.3590786" version="1" timestamp="2021-08-05T10:10:11Z" changeset="109192670" uid="159302" user="osmium">
    <tag k="denotation" v="urban"/>
    <tag k="leaf_cycle" v="deciduous"/>
    <tag k="leaf_type" v="broadleaved"/>
    <tag k="natural" v="tree"/>
  </node>
  <node id="8982975213" lat="56.6603302" lon="16.3591587" version="1" timestamp="2021-08-05T10:10:11Z" changeset="109192670" uid="159302" user="osmium">
    <tag k="denotation" v="urban"/>
    <tag k="leaf_cycle" v="deciduous"/>
    <tag k="leaf_type" v="broadleaved"/>
    <tag k="natural" v="tree"/>
  </node>
  <node id="8982975214" lat="56.6603504" lon="16.3589875" version="1" timestamp="2021-08-05T10:10:11Z" changeset="109192670" uid="159302" user="osmium">
    <tag k="denotation" v="urban"/>
    <tag k="leaf_cycle" v="deciduous"/>
    <tag k="leaf_type" v="broadleaved"/>
    <tag k="natural" v="tree"/>
  </node>
  <node id="8982975215" lat="56.6582572" lon="16.3597474" version="1" timestamp="2021-08-05T10:10:11Z" changeset="109192670" uid="159302" user="osmium">
    <tag k="denotation" v="urban"/>
    <tag k="leaf_cycle" v="deciduous"/>
    <tag k="leaf_type" v="broadleaved"/>
    <tag k="natural" v="tree"/>
  </node>
  <node id="8982975216" lat="56.6583274" lon="16.3596706" version="1" timestamp="2021-08-05T10:10:11Z" changeset="109192670" uid="159302" user="osmium">
    <tag k="denotation" v="urban"/>
    <tag k="leaf_cycle" v="deciduous"/>
    <tag k="leaf_type" v="broadleaved"/>
    <tag k="natural" v="tree"/>
  </node>
  <node id="8982980817" lat="56.6583214" lon="16.3595345" version="1" timestamp="2021-08-05T10:10:11Z" changeset="109192670" uid="159302" user="osmium">
    <tag k="denotation" v="urban"/>
    <tag k="leaf_cycle" v="deciduous"/>
    <tag k="leaf_type" v="broadleaved"/>
    <tag k="natural" v="tree"/>
  </node>
  <node id="8982980818" lat="56.6584963" lon="16.3596197" version="1" timestamp="2021-08-05T10:10:11Z" changeset="109192670" uid="159302" user="osmium">
    <tag k="denotation" v="urban"/>
    <tag k="leaf_cycle" v="deciduous"/>
    <tag k="leaf_type" v="broadleaved"/>
    <tag k="natural" v="tree"/>
  </node>
  <node id="8982980819" lat="56.6584908" lon="16.3595186" version="1" timestamp="2021-08-05T10:10:11Z" changeset="109192670" uid="159302" user="osmium">
    <tag k="denotation" v="urban"/>
    <tag k="leaf_cycle" v="deciduous"/>
    <tag k="leaf_type" v="broadleaved"/>
    <tag k="natural" v="tree"/>
  </node>
  <node id="8982980820" lat="56.6586601" lon="16.3594810" version="1" timestamp="2021-08-05T10:10:11Z" changeset="109192670" uid="159302" user="osmium">
    <tag k="denotation" v="urban"/>
    <tag k="leaf_cycle" v="deciduous"/>
    <tag k="leaf_type" v="broadleaved"/>
    <tag k="natural" v="tree"/>
  </node>
  <node id="8982980821" lat="56.6588428" lon="16.3596355" version="1" timestamp="2021-08-05T10:10:11Z" changeset="109192670" uid="159302" user="osmium">
    <tag k="denotation" v="urban"/>
    <tag k="leaf_cycle" v="deciduous"/>
    <tag k="leaf_type" v="broadleaved"/>
    <tag k="natural" v="tree"/>
  </node>
  <node id="8982980822" lat="56.6588533" lon="16.3595537" version="1" timestamp="2021-08-05T10:10:11Z" changeset="109192670" uid="159302" user="osmium">
    <tag k="denotation" v="urban"/>
    <tag k="leaf_cycle" v="deciduous"/>
    <tag k="leaf_type" v="broadleaved"/>
    <tag k="natural" v="tree"/>
  </node>
  <node id="8982980823" lat="56.6588442" lon="16.3594485" version="1" timestamp="2021-08-05T10:10:11Z" changeset="109192670" uid="159302" user="osmium">
    <tag k="denotation" v="urban"/>
    <tag k="leaf_cycle" v="deciduous"/>
    <tag k="leaf_type" v="broadleaved"/>
    <tag k="natural" v="tree"/>
  </node>
  <node id="8982980824" lat="56.6590433" lon="16.3594986" version="1" timestamp="2021-08-05T10:10:11Z" changeset="109192670" uid="159302" user="osmium">
    <tag k="denotation" v="urban"/>
    <tag k="leaf_cycle" v="deciduous"/>
    <tag k="leaf_type" v="broadleaved"/>
    <tag k="natural" v="tree"/>
  </node>
  <node id="8982980825" lat="56.6590309" lon="16.3593984" version="1" timestamp="2021-08-05T10:10:11Z" changeset="109192670" uid="159302" user="osmium">
    <tag k="denotation" v="urban"/>
    <tag k="leaf_cycle" v="deciduous"/>
    <tag k="leaf_type" v="broadleaved"/>
    <tag k="natural" v="tree"/>
  </node>
  <node id="8982980826" lat="56.6592912" lon="16.3595036" version="1" timestamp="2021-08-05T10:10:11Z" changeset="109192670" uid="159302" user="osmium">
    <tag k="denotation" v="urban"/>
    <tag k="leaf_cycle" v="deciduous"/>
    <tag k="leaf_type" v="broadleaved"/>
    <tag k="natural" v="tree"/>
  </node>
  <node id="8982980827" lat="56.6591989" lon="16.3593015" version="1" timestamp="2021-08-05T10:10:11Z" changeset="109192670" uid="159302" user="osmium">
    <tag k="denotation" v="urban"/>
    <tag k="leaf_cycle" v="deciduous"/>
    <tag k="leaf_type" v="broadleaved"/>
    <tag k="natural" v="tree"/>
  </node>
  <node id="8982980828" lat="56.6595578" lon="16.3591403" version="1" timestamp="2021-08-05T10:10:11Z" changeset="109192670" uid="159302" user="osmium">
    <tag k="denotation" v="urban"/>
    <tag k="leaf_cycle" v="deciduous"/>
    <tag k="leaf_type" v="broadleaved"/>
    <tag k="natural" v="tree"/>
  </node>
  <node id="8982980829" lat="56.6595367" lon="16.3590426" version="1" timestamp="2021-08-05T10:10:11Z" changeset="109192670" uid="159302" user="osmium">
    <tag k="denotation" v="urban"/>
    <tag k="leaf_cycle" v="deciduous"/>
    <tag k="leaf_type" v="broadleaved"/>
    <tag k="natural" v="tree"/>
  </node>
  <node id="8982980830" lat="56.6593628" lon="16.3591687" version="1" timestamp="2021-08-05T10:10:11Z" changeset="109192670" uid="159302" user="osmium">
    <tag k="denotation" v="urban"/>
    <tag k="leaf_cycle" v="deciduous"/>
    <tag k="leaf_type" v="broadleaved"/>
    <tag k="natural" v="tree"/>
  </node>
  <node id="8982980831" lat="56.6607937" lon="16.3583028" version="1" timestamp="2021-08-05T10:10:11Z" changeset="109192670" uid="159302" user="osmium">
    <tag k="denotation" v="urban"/>
    <tag k="leaf_cycle" v="deciduous"/>
    <tag k="leaf_type" v="broadleaved"/>
    <tag k="natural" v="tree"/>
  </node>
  <node id="9386607747" lat="56.6760905" lon="16.3625599" version="1" timestamp="2022-01-02T20:41:46Z" changeset="115685074" uid="70168" user="kd35a"/>
  <node id="9386607748" lat="56.6762636" lon="16.3631755" version="1" timestamp="2022-01-02T20:41:46Z" changeset="115685074" uid="70168" user="kd35a"/>
  <node id="9386607749" lat="56.6761015" lon="16.3627826" version="1" timestamp="2022-01-02T20:41:46Z" changeset="115685074" uid="70168" user="kd35a"/>
  <node id="9386607750" lat="56.6757398" lon="16.3623239" version="1" timestamp="2022-01-02T20:41:46Z" changeset="115685074" uid="70168" user="kd35a"/>
  <node id="9386607751" lat="56.6755607" lon="16.3617834" version="1" timestamp="2022-01-02T20:41:46Z" changeset="115685074" uid="70168" user="kd35a"/>
  <node id="9386607752" lat="56.6755423" lon="16.3615622" version="1" timestamp="2022-01-02T20:41:46Z" changeset="115685074" uid="70168" user="kd35a"/>
  <node id="9386607759" lat="56.6755567" lon="16.3599569" version="1" timestamp="2022-01-02T20:41:46Z" changeset="115685074" uid="70168" user="kd35a"/>
  <node id="9386607760" lat="56.6753662" lon="16.3592910" version="1" timestamp="2022-01-02T20:41:46Z" changeset="115685074" uid="70168" user="kd35a"/>
  <node id="9386607761" lat="56.6753987" lon="16.3593346" version="1" timestamp="2022-01-02T20:41:46Z" changeset="115685074" uid="70168" user="kd35a"/>
  <node id="9386607762" lat="56.6752587" lon="16.3591254" version="1" timestamp="2022-01-02T20:41:46Z" changeset="115685074" uid="70168" user="kd35a"/>
  <node id="9386607763" lat="56.6751784" lon="16.3590972" version="1" timestamp="2022-01-02T20:41:46Z" changeset="115685074" uid="70168" user="kd35a"/>
  <node id="9386607764" lat="56.6751021" lon="16.3591046" version="1" timestamp="2022-01-02T20:41:46Z" changeset="115685074" uid="70168" user="kd35a"/>
  <node id="9386607766" lat="56.6750052" lon="16.3587686" version="1" timestamp="2022-01-02T20:41:46Z" changeset="115685074" uid="70168" user="kd35a"/>
  <node id="9386607767" lat="56.6750314" lon="16.3588404" version="1" timestamp="2022-01-02T20:41:46Z" changeset="115685074" uid="70168" user="kd35a"/>
  <node id="9386607768" lat="56.6750299" lon="16.3589443" version="1" timestamp="2022-01-02T20:41:46Z" changeset="115685074" uid="70168" user="kd35a"/>
  <node id="9386607769" lat="56.6750667" lon="16.3590684" version="1" timestamp="2022-01-02T20:41:46Z" changeset="115685074" uid="70168" user="kd35a"/>
  <node id="9386607770" lat="56.6747724" lon="16.3585635" version="1" timestamp="2022-01-02T20:41:46Z" changeset="115685074" uid="70168" user="kd35a"/>
  <node id="9386607772" lat="56.6744556" lon="16.3584273" version="1" timestamp="2022-01-02T20:41:46Z" changeset="115685074" uid="70168" user="kd35a"/>
  <node id="9386607773" lat="56.6745337" lon="16.3584280" version="1" timestamp="2022-01-02T20:41:46Z" changeset="115685074" uid="70168" user="kd35a"/>
  <node id="9386607776" lat="56.6742367" lon="16.3584723" version="1" timestamp="2022-01-02T20:41:46Z" changeset="115685074" uid="70168" user="kd35a"/>
  <node id="9386607777" lat="56.6733699" lon="16.3585011" version="1" timestamp="2022-01-02T20:41:46Z" changeset="115685074" uid="70168" user="kd35a"/>
  <node id="9386607778" lat="56.6736443" lon="16.3582516" version="1" timestamp="2022-01-02T20:41:46Z" changeset="115685074" uid="70168" user="kd35a"/>
  <node id="9386607779" lat="56.6738186" lon="16.3581732" version="1" timestamp="2022-01-02T20:41:46Z" changeset="115685074" uid="70168" user="kd35a"/>
  <node id="9386607780" lat="56.6739590" lon="16.3582094" version="1" timestamp="2022-01-02T20:41:46Z" changeset="115685074" uid="70168" user="kd35a"/>
  <node id="9386607781" lat="56.6740242" lon="16.3582617" version="1" timestamp="2022-01-02T20:41:46Z" changeset="115685074" uid="70168" user="kd35a"/>
  <node id="9654862241" lat="56.6585913" lon="16.3599987" version="5" timestamp="2025-05-24T12:55:21Z" changeset="166696346" uid="20259094" user="MtbBob">
    <tag k="crossing:barrier" v="no"/>
    <tag k="crossing:bell" v="no"/>
    <tag k="crossing:light" v="no"/>
    <tag k="disused:railway" v="level_crossing"/>
    <tag k="note" v="The railway is disused, and partly ripped up or covered over."/>
    <tag k="railway" v="level_crossing"/>
  </node>
  <node id="9666774911" lat="56.6585921" lon="16.3600587" version="1" timestamp="2022-04-14T20:31:53Z" changeset="119728625" uid="698958" user="\Mike">
    <tag k="direction" v="backward"/>
    <tag k="highway" v="give_way"/>
  </node>
  <node id="9666774912" lat="56.6599337" lon="16.3607575" version="1" timestamp="2022-04-14T20:31:53Z" changeset="119728625" uid="698958" user="\Mike"/>
  <node id="9916326041" lat="56.6587500" lon="16.3587667" version="1" timestamp="2022-07-28T06:25:15Z" changeset="124168257" uid="156646" user="archie">
    <tag k="seamark:buoy_lateral:category" v="port"/>
    <tag k="seamark:buoy_lateral:colour" v="red"/>
    <tag k="seamark:buoy_lateral:shape" v="spar"/>
    <tag k="seamark:buoy_lateral:system" v="iala-a"/>
    <tag k="seamark:type" v="buoy_lateral"/>
    <tag k="source" v="Ufs 2022:921"/>
  </node>
  <node id="9916326042" lat="56.6585500" lon="16.3587000" version="1" timestamp="2022-07-28T06:25:15Z" changeset="124168257" uid="156646" user="archie">
    <tag k="seamark:buoy_lateral:category" v="port"/>
    <tag k="seamark:buoy_lateral:colour" v="red"/>
    <tag k="seamark:buoy_lateral:shape" v="spar"/>
    <tag k="seamark:buoy_lateral:system" v="iala-a"/>
    <tag k="seamark:type" v="buoy_lateral"/>
    <tag k="source" v="Ufs 2022:921"/>
  </node>
  <node id="9916326043" lat="56.6584667" lon="16.3581000" version="1" timestamp="2022-07-28T06:25:15Z" changeset="124168257" uid="156646" user="archie">
    <tag k="seamark:buoy_lateral:category" v="port"/>
    <tag k="seamark:buoy_lateral:colour" v="red"/>
    <tag k="seamark:buoy_lateral:shape" v="spar"/>
    <tag k="seamark:buoy_lateral:system" v="iala-a"/>
    <tag k="seamark:type" v="buoy_lateral"/>
    <tag k="source" v="Ufs 2022:921"/>
  </node>
  <node id="9916326044" lat="56.6584167" lon="16.3575167" version="1" timestamp="2022-07-28T06:25:15Z" changeset="124168257" uid="156646" user="archie">
    <tag k="seamark:buoy_lateral:category" v="port"/>
    <tag k="seamark:buoy_lateral:colour" v="red"/>
    <tag k="seamark:buoy_lateral:shape" v="spar"/>
    <tag k="seamark:buoy_lateral:system" v="iala-a"/>
    <tag k="seamark:type" v="buoy_lateral"/>
    <tag k="source" v="Ufs 2022:921"/>
  </node>
  <node id="9916326045" lat="56.6582000" lon="16.3573333" version="1" timestamp="2022-07-28T06:25:15Z" changeset="124168257" uid="156646" user="archie">
    <tag k="seamark:buoy_lateral:category" v="port"/>
    <tag k="seamark:buoy_lateral:colour" v="red"/>
    <tag k="seamark:buoy_lateral:shape" v="spar"/>
    <tag k="seamark:buoy_lateral:system" v="iala-a"/>
    <tag k="seamark:type" v="buoy_lateral"/>
    <tag k="source" v="Ufs 2022:921"/>
  </node>
  <node id="9916326046" lat="56.6575167" lon="16.3569333" version="1" timestamp="2022-07-28T06:25:15Z" changeset="124168257" uid="156646" user="archie">
    <tag k="seamark:buoy_lateral:category" v="port"/>
    <tag k="seamark:buoy_lateral:colour" v="red"/>
    <tag k="seamark:buoy_lateral:shape" v="spar"/>
    <tag k="seamark:buoy_lateral:system" v="iala-a"/>
    <tag k="seamark:type" v="buoy_lateral"/>
    <tag k="source" v="Ufs 2022:921"/>
  </node>
  <node id="9916326047" lat="56.6572000" lon="16.3565500" version="1" timestamp="2022-07-28T06:25:15Z" changeset="124168257" uid="156646" user="archie">
    <tag k="seamark:buoy_lateral:category" v="port"/>
    <tag k="seamark:buoy_lateral:colour" v="red"/>
    <tag k="seamark:buoy_lateral:shape" v="spar"/>
    <tag k="seamark:buoy_lateral:system" v="iala-a"/>
    <tag k="seamark:type" v="buoy_lateral"/>
    <tag k="source" v="Ufs 2022:921"/>
  </node>
  <node id="9916326048" lat="56.6584000" lon="16.3587500" version="1" timestamp="2022-07-28T06:25:15Z" changeset="124168257" uid="156646" user="archie">
    <tag k="seamark:buoy_lateral:category" v="starboard"/>
    <tag k="seamark:buoy_lateral:colour" v="green"/>
    <tag k="seamark:buoy_lateral:shape" v="spar"/>
    <tag k="seamark:buoy_lateral:system" v="iala-a"/>
    <tag k="seamark:type" v="buoy_lateral"/>
    <tag k="source" v="Ufs 2022:921"/>
  </node>
  <node id="9916326049" lat="56.6583833" lon="16.3579667" version="1" timestamp="2022-07-28T06:25:15Z" changeset="124168257" uid="156646" user="archie">
    <tag k="seamark:buoy_lateral:category" v="starboard"/>
    <tag k="seamark:buoy_lateral:colour" v="green"/>
    <tag k="seamark:buoy_lateral:shape" v="spar"/>
    <tag k="seamark:buoy_lateral:system" v="iala-a"/>
    <tag k="seamark:type" v="buoy_lateral"/>
    <tag k="source" v="Ufs 2022:921"/>
  </node>
  <node id="9916326050" lat="56.6579500" lon="16.3570833" version="1" timestamp="2022-07-28T06:25:15Z" changeset="124168257" uid="156646" user="archie">
    <tag k="seamark:buoy_lateral:category" v="starboard"/>
    <tag k="seamark:buoy_lateral:colour" v="green"/>
    <tag k="seamark:buoy_lateral:shape" v="spar"/>
    <tag k="seamark:buoy_lateral:system" v="iala-a"/>
    <tag k="seamark:type" v="buoy_lateral"/>
    <tag k="source" v="Ufs 2022:921"/>
  </node>
  <node id="9916326051" lat="56.6578500" lon="16.3573167" version="1" timestamp="2022-07-28T06:25:15Z" changeset="124168257" uid="156646" user="archie">
    <tag k="seamark:buoy_lateral:category" v="starboard"/>
    <tag k="seamark:buoy_lateral:colour" v="green"/>
    <tag k="seamark:buoy_lateral:shape" v="spar"/>
    <tag k="seamark:buoy_lateral:system" v="iala-a"/>
    <tag k="seamark:type" v="buoy_lateral"/>
    <tag k="source" v="Ufs 2022:921"/>
  </node>
  <node id="9916326052" lat="56.6571667" lon="16.3567000" version="1" timestamp="2022-07-28T06:25:15Z" changeset="124168257" uid="156646" user="archie">
    <tag k="seamark:buoy_lateral:category" v="starboard"/>
    <tag k="seamark:buoy_lateral:colour" v="green"/>
    <tag k="seamark:buoy_lateral:shape" v="spar"/>
    <tag k="seamark:buoy_lateral:system" v="iala-a"/>
    <tag k="seamark:type" v="buoy_lateral"/>
    <tag k="source" v="Ufs 2022:921"/>
  </node>
  <node id="9916326053" lat="56.6569167" lon="16.3564667" version="1" timestamp="2022-07-28T06:25:15Z" changeset="124168257" uid="156646" user="archie">
    <tag k="seamark:buoy_lateral:category" v="starboard"/>
    <tag k="seamark:buoy_lateral:colour" v="green"/>
    <tag k="seamark:buoy_lateral:shape" v="spar"/>
    <tag k="seamark:buoy_lateral:system" v="iala-a"/>
    <tag k="seamark:type" v="buoy_lateral"/>
    <tag k="source" v="Ufs 2022:921"/>
  </node>
  <node id="9934639170" lat="56.6577236" lon="16.3529107" version="1" timestamp="2022-08-05T23:49:13Z" changeset="124542851" uid="39001" user="antonr"/>
  <node id="9934639171" lat="56.6575615" lon="16.3527337" version="1" timestamp="2022-08-05T23:49:13Z" changeset="124542851" uid="39001" user="antonr"/>
  <node id="9934639172" lat="56.6576293" lon="16.3524896" version="1" timestamp="2022-08-05T23:49:13Z" changeset="124542851" uid="39001" user="antonr"/>
  <node id="9934639179" lat="56.6569061" lon="16.3513054" version="1" timestamp="2022-08-05T23:49:13Z" changeset="124542851" uid="39001" user="antonr"/>
  <node id="9934639180" lat="56.6566474" lon="16.3509916" version="1" timestamp="2022-08-05T23:49:13Z" changeset="124542851" uid="39001" user="antonr"/>
  <node id="9934639181" lat="56.6575552" lon="16.3484026" version="1" timestamp="2022-08-05T23:49:13Z" changeset="124542851" uid="39001" user="antonr"/>
  <node id="9934639182" lat="56.6574982" lon="16.3482422" version="1" timestamp="2022-08-05T23:49:13Z" changeset="124542851" uid="39001" user="antonr"/>
  <node id="9934639196" lat="56.6578985" lon="16.3488971" version="1" timestamp="2022-08-05T23:49:13Z" changeset="124542851" uid="39001" user="antonr"/>
  <node id="9934639197" lat="56.6575492" lon="16.3499057" version="1" timestamp="2022-08-05T23:49:13Z" changeset="124542851" uid="39001" user="antonr"/>
  <node id="9934639198" lat="56.6578140" lon="16.3502403" version="1" timestamp="2022-08-05T23:49:13Z" changeset="124542851" uid="39001" user="antonr"/>
  <node id="9934639199" lat="56.6582020" lon="16.3492709" version="1" timestamp="2022-08-05T23:49:13Z" changeset="124542851" uid="39001" user="antonr"/>
  <node id="9934639200" lat="56.6576271" lon="16.3485628" version="1" timestamp="2022-08-05T23:49:13Z" changeset="124542851" uid="39001" user="antonr"/>
  <node id="9934639201" lat="56.6572644" lon="16.3495472" version="1" timestamp="2022-08-05T23:49:13Z" changeset="124542851" uid="39001" user="antonr"/>
  <node id="9934639202" lat="56.6581357" lon="16.3505544" version="1" timestamp="2022-08-05T23:49:13Z" changeset="124542851" uid="39001" user="antonr"/>
  <node id="9934639203" lat="56.6580550" lon="16.3507826" version="1" timestamp="2022-08-05T23:49:13Z" changeset="124542851" uid="39001" user="antonr"/>
  <node id="9934639204" lat="56.6581136" lon="16.3506187" version="1" timestamp="2022-08-05T23:49:13Z" changeset="124542851" uid="39001" user="antonr"/>
  <node id="9934639205" lat="56.6572408" lon="16.3498388" version="1" timestamp="2022-08-05T23:49:13Z" changeset="124542851" uid="39001" user="antonr"/>
  <node id="9934639206" lat="56.6590776" lon="16.3519678" version="1" timestamp="2022-08-05T23:49:13Z" changeset="124542851" uid="39001" user="antonr"/>
  <node id="9934639207" lat="56.6588827" lon="16.3525398" version="1" timestamp="2022-08-05T23:49:13Z" changeset="124542851" uid="39001" user="antonr"/>
  <node id="9934639208" lat="56.6589809" lon="16.3526561" version="1" timestamp="2022-08-05T23:49:13Z" changeset="124542851" uid="39001" user="antonr"/>
  <node id="9934639209" lat="56.6590128" lon="16.3526923" version="2" timestamp="2025-11-24T17:37:13Z" changeset="175077728" uid="66965" user="urk">
    <tag k="barrier" v="gate"/>
  </node>
  <node id="9934639210" lat="56.6592244" lon="16.3519706" version="1" timestamp="2022-08-05T23:49:13Z" changeset="124542851" uid="39001" user="antonr"/>
  <node id="9934639211" lat="56.6591190" lon="16.3518465" version="1" timestamp="2022-08-05T23:49:13Z" changeset="124542851" uid="39001" user="antonr"/>
  <node id="9934639212" lat="56.6587976" lon="16.3531722" version="1" timestamp="2022-08-05T23:49:13Z" changeset="124542851" uid="39001" user="antonr"/>
  <node id="9934639213" lat="56.6587829" lon="16.3528329" version="1" timestamp="2022-08-05T23:49:13Z" changeset="124542851" uid="39001" user="antonr"/>
  <node id="9934639214" lat="56.6585544" lon="16.3525915" version="1" timestamp="2022-08-05T23:49:13Z" changeset="124542851" uid="39001" user="antonr"/>
  <node id="9934639215" lat="56.6583863" lon="16.3527283" version="1" timestamp="2022-08-05T23:49:13Z" changeset="124542851" uid="39001" user="antonr"/>
  <node id="9934639216" lat="56.6576515" lon="16.3518406" version="1" timestamp="2022-08-05T23:49:13Z" changeset="124542851" uid="39001" user="antonr"/>
  <node id="9934716317" lat="56.6568657" lon="16.3509012" version="1" timestamp="2022-08-05T23:49:13Z" changeset="124542851" uid="39001" user="antonr"/>
  <node id="9934716318" lat="56.6570536" lon="16.3503691" version="1" timestamp="2022-08-05T23:49:13Z" changeset="124542851" uid="39001" user="antonr"/>
  <node id="9934716319" lat="56.6573197" lon="16.3496156" version="1" timestamp="2022-08-05T23:49:13Z" changeset="124542851" uid="39001" user="antonr"/>
  <node id="9934716320" lat="56.6568243" lon="16.3510184" version="1" timestamp="2022-08-05T23:49:13Z" changeset="124542851" uid="39001" user="antonr"/>
  <node id="9934716321" lat="56.6578615" lon="16.3527068" version="1" timestamp="2022-08-05T23:49:13Z" changeset="124542851" uid="39001" user="antonr"/>
  <node id="9934716322" lat="56.6578217" lon="16.3525325" version="1" timestamp="2022-08-05T23:49:13Z" changeset="124542851" uid="39001" user="antonr"/>
  <node id="9934716323" lat="56.6575755" lon="16.3522120" version="1" timestamp="2022-08-05T23:49:13Z" changeset="124542851" uid="39001" user="antonr"/>
  <node id="9934716324" lat="56.6584197" lon="16.3539683" version="1" timestamp="2022-08-05T23:49:13Z" changeset="124542851" uid="39001" user="antonr"/>
  <node id="9934716325" lat="56.6584397" lon="16.3537429" version="1" timestamp="2022-08-05T23:49:13Z" changeset="124542851" uid="39001" user="antonr"/>
  <node id="9934716326" lat="56.6584512" lon="16.3536952" version="1" timestamp="2022-08-05T23:49:13Z" changeset="124542851" uid="39001" user="antonr"/>
  <node id="9934716327" lat="56.6584755" lon="16.3536597" version="1" timestamp="2022-08-05T23:49:13Z" changeset="124542851" uid="39001" user="antonr"/>
  <node id="9934716328" lat="56.6585214" lon="16.3536158" version="1" timestamp="2022-08-05T23:49:13Z" changeset="124542851" uid="39001" user="antonr"/>
  <node id="9934716329" lat="56.6583907" lon="16.3537636" version="1" timestamp="2022-08-05T23:49:13Z" changeset="124542851" uid="39001" user="antonr"/>
  <node id="9934716330" lat="56.6584099" lon="16.3536456" version="1" timestamp="2022-08-05T23:49:13Z" changeset="124542851" uid="39001" user="antonr"/>
  <node id="9934716331" lat="56.6584231" lon="16.3536161" version="1" timestamp="2022-08-05T23:49:13Z" changeset="124542851" uid="39001" user="antonr"/>
  <node id="9934716332" lat="56.6585107" lon="16.3535231" version="1" timestamp="2022-08-05T23:49:13Z" changeset="124542851" uid="39001" user="antonr"/>
  <node id="9934716333" lat="56.6583694" lon="16.3539283" version="1" timestamp="2022-08-05T23:49:13Z" changeset="124542851" uid="39001" user="antonr"/>
  <node id="9934716334" lat="56.6581828" lon="16.3534941" version="1" timestamp="2022-08-05T23:49:13Z" changeset="124542851" uid="39001" user="antonr"/>
  <node id="9934716335" lat="56.6585345" lon="16.3531212" version="1" timestamp="2022-08-05T23:49:13Z" changeset="124542851" uid="39001" user="antonr"/>
  <node id="9934716336" lat="56.6586295" lon="16.3538441" version="1" timestamp="2022-08-05T23:49:13Z" changeset="124542851" uid="39001" user="antonr"/>
  <node id="9934716337" lat="56.6585942" lon="16.3531065" version="1" timestamp="2022-08-05T23:49:13Z" changeset="124542851" uid="39001" user="antonr"/>
  <node id="9934716338" lat="56.6582617" lon="16.3566497" version="1" timestamp="2022-08-05T23:49:13Z" changeset="124542851" uid="39001" user="antonr"/>
  <node id="9934716339" lat="56.6582426" lon="16.3566215" version="1" timestamp="2022-08-05T23:49:13Z" changeset="124542851" uid="39001" user="antonr"/>
  <node id="9934716340" lat="56.6582455" lon="16.3566577" version="1" timestamp="2022-08-05T23:49:13Z" changeset="124542851" uid="39001" user="antonr"/>
  <node id="9934716341" lat="56.6585829" lon="16.3552410" version="1" timestamp="2022-08-05T23:49:13Z" changeset="124542851" uid="39001" user="antonr">
    <tag k="entrance" v="yes"/>
  </node>
  <node id="9934716342" lat="56.6579982" lon="16.3562158" version="1" timestamp="2022-08-05T23:49:13Z" changeset="124542851" uid="39001" user="antonr"/>
  <node id="9934716343" lat="56.6578906" lon="16.3561689" version="1" timestamp="2022-08-05T23:49:13Z" changeset="124542851" uid="39001" user="antonr"/>
  <node id="9934716344" lat="56.6576127" lon="16.3556982" version="1" timestamp="2022-08-05T23:49:13Z" changeset="124542851" uid="39001" user="antonr"/>
  <node id="9934716345" lat="56.6577616" lon="16.3560046" version="1" timestamp="2022-08-05T23:49:13Z" changeset="124542851" uid="39001" user="antonr"/>
  <node id="9934716346" lat="56.6579765" lon="16.3562226" version="1" timestamp="2022-08-05T23:49:13Z" changeset="124542851" uid="39001" user="antonr"/>
  <node id="9934716347" lat="56.6583193" lon="16.3557168" version="2" timestamp="2025-10-03T11:38:54Z" changeset="172786804" uid="15258988" user="physgeo">
    <tag k="noexit" v="yes"/>
  </node>
  <node id="9934716348" lat="56.6575334" lon="16.3553099" version="1" timestamp="2022-08-05T23:49:13Z" changeset="124542851" uid="39001" user="antonr"/>
  <node id="9934716349" lat="56.6575336" lon="16.3540465" version="1" timestamp="2022-08-05T23:49:13Z" changeset="124542851" uid="39001" user="antonr"/>
  <node id="9934716350" lat="56.6576404" lon="16.3543776" version="1" timestamp="2022-08-05T23:49:13Z" changeset="124542851" uid="39001" user="antonr">
    <tag k="access" v="customers"/>
    <tag k="entrance" v="yes"/>
  </node>
  <node id="9934716351" lat="56.6576937" lon="16.3544284" version="1" timestamp="2022-08-05T23:49:13Z" changeset="124542851" uid="39001" user="antonr"/>
  <node id="9934716352" lat="56.6576676" lon="16.3545375" version="1" timestamp="2022-08-05T23:49:13Z" changeset="124542851" uid="39001" user="antonr"/>
  <node id="9934716353" lat="56.6577929" lon="16.3546313" version="1" timestamp="2022-08-05T23:49:13Z" changeset="124542851" uid="39001" user="antonr"/>
  <node id="9934716354" lat="56.6578172" lon="16.3545281" version="1" timestamp="2022-08-05T23:49:13Z" changeset="124542851" uid="39001" user="antonr"/>
  <node id="9934716355" lat="56.6577129" lon="16.3552006" version="1" timestamp="2022-08-05T23:49:13Z" changeset="124542851" uid="39001" user="antonr"/>
  <node id="9934716356" lat="56.6579684" lon="16.3554695" version="1" timestamp="2022-08-05T23:49:13Z" changeset="124542851" uid="39001" user="antonr"/>
  <node id="9934716357" lat="56.6579673" lon="16.3554962" version="1" timestamp="2022-08-05T23:49:13Z" changeset="124542851" uid="39001" user="antonr"/>
  <node id="9934716358" lat="56.6579541" lon="16.3555080" version="1" timestamp="2022-08-05T23:49:13Z" changeset="124542851" uid="39001" user="antonr"/>
  <node id="9934716359" lat="56.6579419" lon="16.3554931" version="1" timestamp="2022-08-05T23:49:13Z" changeset="124542851" uid="39001" user="antonr"/>
  <node id="9934716360" lat="56.6579429" lon="16.3554664" version="1" timestamp="2022-08-05T23:49:13Z" changeset="124542851" uid="39001" user="antonr"/>
  <node id="9934716361" lat="56.6579562" lon="16.3554546" version="1" timestamp="2022-08-05T23:49:13Z" changeset="124542851" uid="39001" user="antonr"/>
  <node id="9934716362" lat="56.6580992" lon="16.3555942" version="1" timestamp="2022-08-05T23:49:13Z" changeset="124542851" uid="39001" user="antonr"/>
  <node id="9934716363" lat="56.6581117" lon="16.3556161" version="1" timestamp="2022-08-05T23:49:13Z" changeset="124542851" uid="39001" user="antonr">
    <tag k="entrance" v="yes"/>
  </node>
  <node id="9934716364" lat="56.6580412" lon="16.3557698" version="1" timestamp="2022-08-05T23:49:13Z" changeset="124542851" uid="39001" user="antonr">
    <tag k="entrance" v="yes"/>
  </node>
  <node id="9934716365" lat="56.6579418" lon="16.3556901" version="1" timestamp="2022-08-05T23:49:13Z" changeset="124542851" uid="39001" user="antonr"/>
  <node id="9934716366" lat="56.6579245" lon="16.3557349" version="1" timestamp="2022-08-05T23:49:13Z" changeset="124542851" uid="39001" user="antonr">
    <tag k="entrance" v="yes"/>
  </node>
  <node id="9934716367" lat="56.6577538" lon="16.3550203" version="1" timestamp="2022-08-05T23:49:13Z" changeset="124542851" uid="39001" user="antonr"/>
  <node id="9934716368" lat="56.6577770" lon="16.3550522" version="2" timestamp="2025-11-24T17:37:13Z" changeset="175077728" uid="66965" user="urk"/>
  <node id="9934716369" lat="56.6578411" lon="16.3551477" version="2" timestamp="2025-11-24T17:37:13Z" changeset="175077728" uid="66965" user="urk"/>
  <node id="9934716370" lat="56.6575050" lon="16.3554280" version="1" timestamp="2022-08-05T23:49:13Z" changeset="124542851" uid="39001" user="antonr"/>
  <node id="9934716371" lat="56.6582328" lon="16.3550222" version="1" timestamp="2022-08-05T23:49:13Z" changeset="124542851" uid="39001" user="antonr"/>
  <node id="9934716372" lat="56.6582762" lon="16.3549032" version="1" timestamp="2022-08-05T23:49:13Z" changeset="124542851" uid="39001" user="antonr"/>
  <node id="9934716373" lat="56.6582532" lon="16.3550504" version="1" timestamp="2022-08-05T23:49:13Z" changeset="124542851" uid="39001" user="antonr"/>
  <node id="9934716374" lat="56.6582271" lon="16.3551615" version="1" timestamp="2022-08-05T23:49:13Z" changeset="124542851" uid="39001" user="antonr"/>
  <node id="9934716375" lat="56.6582536" lon="16.3548840" version="1" timestamp="2022-08-05T23:49:13Z" changeset="124542851" uid="39001" user="antonr"/>
  <node id="9934716376" lat="56.6580306" lon="16.3552174" version="1" timestamp="2022-08-05T23:49:13Z" changeset="124542851" uid="39001" user="antonr"/>
  <node id="9934716377" lat="56.6581773" lon="16.3552992" version="1" timestamp="2022-08-05T23:49:13Z" changeset="124542851" uid="39001" user="antonr"/>
  <node id="9934716378" lat="56.6588020" lon="16.3533258" version="2" timestamp="2022-08-06T08:55:29Z" changeset="124552040" uid="156646" user="archie">
    <tag k="board:title" v="Kalmar slott"/>
    <tag k="board_type" v="history"/>
    <tag k="information" v="board"/>
    <tag k="tourism" v="information"/>
  </node>
  <node id="9934716379" lat="56.6567967" lon="16.3532269" version="1" timestamp="2022-08-05T23:49:13Z" changeset="124542851" uid="39001" user="antonr"/>
  <node id="9934716380" lat="56.6587948" lon="16.3548544" version="1" timestamp="2022-08-05T23:49:13Z" changeset="124542851" uid="39001" user="antonr"/>
  <node id="9934716381" lat="56.6588033" lon="16.3548615" version="1" timestamp="2022-08-05T23:49:13Z" changeset="124542851" uid="39001" user="antonr"/>
  <node id="9934716382" lat="56.6588220" lon="16.3548765" version="1" timestamp="2022-08-05T23:49:13Z" changeset="124542851" uid="39001" user="antonr"/>
  <node id="9934716383" lat="56.6584087" lon="16.3545883" version="1" timestamp="2022-08-05T23:49:13Z" changeset="124542851" uid="39001" user="antonr"/>
  <node id="9934716384" lat="56.6583811" lon="16.3545699" version="1" timestamp="2022-08-05T23:49:13Z" changeset="124542851" uid="39001" user="antonr"/>
  <node id="9934716385" lat="56.6583494" lon="16.3545443" version="1" timestamp="2022-08-05T23:49:13Z" changeset="124542851" uid="39001" user="antonr"/>
  <node id="9934716386" lat="56.6581340" lon="16.3537438" version="1" timestamp="2022-08-05T23:49:13Z" changeset="124542851" uid="39001" user="antonr"/>
  <node id="9934716387" lat="56.6581951" lon="16.3535001" version="1" timestamp="2022-08-05T23:49:13Z" changeset="124542851" uid="39001" user="antonr"/>
  <node id="9934716388" lat="56.6585319" lon="16.3531441" version="1" timestamp="2022-08-05T23:49:13Z" changeset="124542851" uid="39001" user="antonr"/>
  <node id="9934716389" lat="56.6586151" lon="16.3538384" version="1" timestamp="2022-08-05T23:49:13Z" changeset="124542851" uid="39001" user="antonr"/>
  <node id="9934716390" lat="56.6585566" lon="16.3540773" version="1" timestamp="2022-08-05T23:49:13Z" changeset="124542851" uid="39001" user="antonr"/>
  <node id="9934716391" lat="56.6585000" lon="16.3540300" version="1" timestamp="2022-08-05T23:49:13Z" changeset="124542851" uid="39001" user="antonr"/>
  <node id="9934716392" lat="56.6585462" lon="16.3538289" version="1" timestamp="2022-08-05T23:49:13Z" changeset="124542851" uid="39001" user="antonr"/>
  <node id="9934716393" lat="56.6584890" lon="16.3533333" version="1" timestamp="2022-08-05T23:49:13Z" changeset="124542851" uid="39001" user="antonr"/>
  <node id="9934716394" lat="56.6582465" lon="16.3535794" version="1" timestamp="2022-08-05T23:49:13Z" changeset="124542851" uid="39001" user="antonr"/>
  <node id="9934716395" lat="56.6581938" lon="16.3537852" version="1" timestamp="2022-08-05T23:49:13Z" changeset="124542851" uid="39001" user="antonr"/>
  <node id="9934716396" lat="56.6585182" lon="16.3535888" version="1" timestamp="2022-08-05T23:49:13Z" changeset="124542851" uid="39001" user="antonr"/>
  <node id="9934716397" lat="56.6584327" lon="16.3536592" version="1" timestamp="2022-08-05T23:49:13Z" changeset="124542851" uid="39001" user="antonr"/>
  <node id="9934716398" lat="56.6583625" lon="16.3536438" version="1" timestamp="2022-08-05T23:49:13Z" changeset="124542851" uid="39001" user="antonr"/>
  <node id="9934716399" lat="56.6583534" lon="16.3536462" version="1" timestamp="2022-08-05T23:49:13Z" changeset="124542851" uid="39001" user="antonr"/>
  <node id="9934716400" lat="56.6583427" lon="16.3536645" version="1" timestamp="2022-08-05T23:49:13Z" changeset="124542851" uid="39001" user="antonr"/>
  <node id="9934716401" lat="56.6583334" lon="16.3536921" version="1" timestamp="2022-08-05T23:49:13Z" changeset="124542851" uid="39001" user="antonr"/>
  <node id="9934716402" lat="56.6584191" lon="16.3537101" version="1" timestamp="2022-08-05T23:49:13Z" changeset="124542851" uid="39001" user="antonr"/>
  <node id="9934716403" lat="56.6584470" lon="16.3536338" version="1" timestamp="2022-08-05T23:49:13Z" changeset="124542851" uid="39001" user="antonr"/>
  <node id="9934716404" lat="56.6583791" lon="16.3536491" version="1" timestamp="2022-08-05T23:49:13Z" changeset="124542851" uid="39001" user="antonr"/>
  <node id="9934716405" lat="56.6584246" lon="16.3536801" version="1" timestamp="2022-08-05T23:49:13Z" changeset="124542851" uid="39001" user="antonr"/>
  <node id="9934716406" lat="56.6582800" lon="16.3546533" version="1" timestamp="2022-08-05T23:49:13Z" changeset="124542851" uid="39001" user="antonr"/>
  <node id="9934716407" lat="56.6583203" lon="16.3546273" version="1" timestamp="2022-08-05T23:49:13Z" changeset="124542851" uid="39001" user="antonr"/>
  <node id="9934716408" lat="56.6582670" lon="16.3546734" version="1" timestamp="2022-08-05T23:49:13Z" changeset="124542851" uid="39001" user="antonr"/>
  <node id="9934716409" lat="56.6583027" lon="16.3546385" version="1" timestamp="2022-08-05T23:49:13Z" changeset="124542851" uid="39001" user="antonr"/>
  <node id="9934716410" lat="56.6583316" lon="16.3546042" version="1" timestamp="2022-08-05T23:49:13Z" changeset="124542851" uid="39001" user="antonr"/>
  <node id="9934716411" lat="56.6582598" lon="16.3547107" version="1" timestamp="2022-08-05T23:49:13Z" changeset="124542851" uid="39001" user="antonr"/>
  <node id="10820218969" lat="56.6601386" lon="16.3613846" version="1" timestamp="2023-04-17T19:22:42Z" changeset="135029141" uid="17921090" user="541074"/>
  <node id="10837546567" lat="56.6578917" lon="16.3545214" version="1" timestamp="2023-04-24T16:59:13Z" changeset="135310933" uid="17921090" user="541074"/>
  <node id="11029997681" lat="56.6602442" lon="16.3620378" version="1" timestamp="2023-07-06T12:12:32Z" changeset="138186008" uid="32112" user="SverigeFan"/>
  <node id="11341496050" lat="56.6611173" lon="16.3664870" version="1" timestamp="2023-11-11T16:07:45Z" changeset="143905878" uid="19392124" user="unnerving_duck"/>
  <node id="11341496059" lat="56.6611061" lon="16.3664805" version="1" timestamp="2023-11-11T16:07:45Z" changeset="143905878" uid="19392124" user="unnerving_duck"/>
  <node id="12553870262" lat="56.6575236" lon="16.3544583" version="1" timestamp="2025-02-03T13:42:49Z" changeset="162087629" uid="2038457" user="Doaeol"/>
  <node id="12553870263" lat="56.6574514" lon="16.3549090" version="1" timestamp="2025-02-03T13:42:49Z" changeset="162087629" uid="2038457" user="Doaeol"/>
  <node id="12553870264" lat="56.6573673" lon="16.3554454" version="1" timestamp="2025-02-03T13:42:49Z" changeset="162087629" uid="2038457" user="Doaeol"/>
  <node id="12553870265" lat="56.6573909" lon="16.3555232" version="1" timestamp="2025-02-03T13:42:49Z" changeset="162087629" uid="2038457" user="Doaeol"/>
  <node id="12553870266" lat="56.6574101" lon="16.3556251" version="1" timestamp="2025-02-03T13:42:49Z" changeset="162087629" uid="2038457" user="Doaeol"/>
  <node id="12553870267" lat="56.6574145" lon="16.3556922" version="1" timestamp="2025-02-03T13:42:49Z" changeset="162087629" uid="2038457" user="Doaeol"/>
  <node id="12553870268" lat="56.6573983" lon="16.3557673" version="1" timestamp="2025-02-03T13:42:49Z" changeset="162087629" uid="2038457" user="Doaeol"/>
  <node id="12553870269" lat="56.6581325" lon="16.3565773" version="1" timestamp="2025-02-03T13:42:49Z" changeset="162087629" uid="2038457" user="Doaeol"/>
  <node id="12860723137" lat="56.6557781" lon="16.3647955" version="1" timestamp="2025-05-24T12:55:21Z" changeset="166696346" uid="20259094" user="MtbBob"/>
  <node id="12860723138" lat="56.6567564" lon="16.3642374" version="1" timestamp="2025-05-24T12:55:21Z" changeset="166696346" uid="20259094" user="MtbBob"/>
  <node id="12860723139" lat="56.6561528" lon="16.3614150" version="1" timestamp="2025-05-24T12:55:21Z" changeset="166696346" uid="20259094" user="MtbBob"/>
  <node id="12860723140" lat="56.6560231" lon="16.3616415" version="1" timestamp="2025-05-24T12:55:21Z" changeset="166696346" uid="20259094" user="MtbBob"/>
  <node id="12860723141" lat="56.6558506" lon="16.3620078" version="1" timestamp="2025-05-24T12:55:21Z" changeset="166696346" uid="20259094" user="MtbBob"/>
  <node id="12860723142" lat="56.6557245" lon="16.3623435" version="1" timestamp="2025-05-24T12:55:21Z" changeset="166696346" uid="20259094" user="MtbBob"/>
  <node id="12860723143" lat="56.6556261" lon="16.3626558" version="1" timestamp="2025-05-24T12:55:21Z" changeset="166696346" uid="20259094" user="MtbBob"/>
  <node id="12860723144" lat="56.6554861" lon="16.3632326" version="1" timestamp="2025-05-24T12:55:21Z" changeset="166696346" uid="20259094" user="MtbBob"/>
  <node id="12860723145" lat="56.6557132" lon="16.3644593" version="1" timestamp="2025-05-24T12:55:21Z" changeset="166696346" uid="20259094" user="MtbBob"/>
  <node id="12860723154" lat="56.6577276" lon="16.3600664" version="1" timestamp="2025-05-24T12:55:21Z" changeset="166696346" uid="20259094" user="MtbBob"/>
  <node id="12860723156" lat="56.6578573" lon="16.3600222" version="1" timestamp="2025-05-24T12:55:21Z" changeset="166696346" uid="20259094" user="MtbBob"/>
  <node id="12860723157" lat="56.6579257" lon="16.3600026" version="1" timestamp="2025-05-24T12:55:21Z" changeset="166696346" uid="20259094" user="MtbBob"/>
  <node id="12860723158" lat="56.6579650" lon="16.3599885" version="1" timestamp="2025-05-24T12:55:21Z" changeset="166696346" uid="20259094" user="MtbBob"/>
  <node id="12860723161" lat="56.6573305" lon="16.3602554" version="1" timestamp="2025-05-24T12:55:21Z" changeset="166696346" uid="20259094" user="MtbBob"/>
  <node id="12860723162" lat="56.6572456" lon="16.3603000" version="1" timestamp="2025-05-24T12:55:21Z" changeset="166696346" uid="20259094" user="MtbBob"/>
  <node id="12860723179" lat="56.6585371" lon="16.3601697" version="1" timestamp="2025-05-24T12:55:21Z" changeset="166696346" uid="20259094" user="MtbBob"/>
  <node id="12860723180" lat="56.6584736" lon="16.3600198" version="1" timestamp="2025-05-24T12:55:21Z" changeset="166696346" uid="20259094" user="MtbBob"/>
  <node id="12860723181" lat="56.6584439" lon="16.3599902" version="1" timestamp="2025-05-24T12:55:21Z" changeset="166696346" uid="20259094" user="MtbBob"/>
  <node id="12860723182" lat="56.6583579" lon="16.3599706" version="1" timestamp="2025-05-24T12:55:21Z" changeset="166696346" uid="20259094" user="MtbBob"/>
  <node id="12860727010" lat="56.6573253" lon="16.3601554" version="1" timestamp="2025-05-24T12:55:21Z" changeset="166696346" uid="20259094" user="MtbBob"/>
  <node id="12860727011" lat="56.6574790" lon="16.3600803" version="1" timestamp="2025-05-24T12:55:21Z" changeset="166696346" uid="20259094" user="MtbBob"/>
  <node id="12860727012" lat="56.6570638" lon="16.3603343" version="1" timestamp="2025-05-24T12:55:21Z" changeset="166696346" uid="20259094" user="MtbBob"/>
  <node id="12860727013" lat="56.6569401" lon="16.3604262" version="1" timestamp="2025-05-24T12:55:21Z" changeset="166696346" uid="20259094" user="MtbBob"/>
  <node id="12860727014" lat="56.6566986" lon="16.3606315" version="1" timestamp="2025-05-24T12:55:21Z" changeset="166696346" uid="20259094" user="MtbBob"/>
  <node id="12860727015" lat="56.6563953" lon="16.3609569" version="1" timestamp="2025-05-24T12:55:21Z" changeset="166696346" uid="20259094" user="MtbBob"/>
  <node id="12860727016" lat="56.6561655" lon="16.3612725" version="1" timestamp="2025-05-24T12:55:21Z" changeset="166696346" uid="20259094" user="MtbBob"/>
  <node id="12860727017" lat="56.6559767" lon="16.3615976" version="1" timestamp="2025-05-24T12:55:21Z" changeset="166696346" uid="20259094" user="MtbBob"/>
  <node id="12860727018" lat="56.6558181" lon="16.3619368" version="1" timestamp="2025-05-24T12:55:21Z" changeset="166696346" uid="20259094" user="MtbBob"/>
  <node id="12860727019" lat="56.6555890" lon="16.3625909" version="1" timestamp="2025-05-24T12:55:21Z" changeset="166696346" uid="20259094" user="MtbBob"/>
  <node id="12860727020" lat="56.6554172" lon="16.3633689" version="1" timestamp="2025-05-24T12:55:21Z" changeset="166696346" uid="20259094" user="MtbBob"/>
  <node id="12860727022" lat="56.6553418" lon="16.3651408" version="1" timestamp="2025-05-24T12:55:21Z" changeset="166696346" uid="20259094" user="MtbBob">
    <tag k="crossing:barrier" v="no"/>
    <tag k="crossing:bell" v="no"/>
    <tag k="crossing:light" v="no"/>
    <tag k="disused:railway" v="level_crossing"/>
    <tag k="note" v="The railway is disused, and partly ripped up or covered over."/>
    <tag k="railway" v="level_crossing"/>
  </node>
  <node id="12860727031" lat="56.6553414" lon="16.3652080" version="1" timestamp="2025-05-24T12:55:21Z" changeset="166696346" uid="20259094" user="MtbBob"/>
  <node id="12860727034" lat="56.6573401" lon="16.3603516" version="1" timestamp="2025-05-24T12:55:21Z" changeset="166696346" uid="20259094" user="MtbBob">
    <tag k="crossing:barrier" v="no"/>
    <tag k="crossing:bell" v="no"/>
    <tag k="crossing:light" v="no"/>
    <tag k="disused:railway" v="level_crossing"/>
    <tag k="note" v="The railway is disused, and partly ripped up or covered over."/>
    <tag k="railway" v="level_crossing"/>
  </node>
  <node id="12959982513" lat="56.6586278" lon="16.3765500" version="1" timestamp="2025-06-28T20:06:51Z" changeset="168241394" uid="20259094" user="MtbBob"/>
  <node id="12959982514" lat="56.6592122" lon="16.3771238" version="1" timestamp="2025-06-28T20:06:51Z" changeset="168241394" uid="20259094" user="MtbBob"/>
  <node id="12959982515" lat="56.6593728" lon="16.3784707" version="1" timestamp="2025-06-28T20:06:51Z" changeset="168241394" uid="20259094" user="MtbBob"/>
  <node id="12959982516" lat="56.6592222" lon="16.3784458" version="1" timestamp="2025-06-28T20:06:51Z" changeset="168241394" uid="20259094" user="MtbBob"/>
  <node id="12959982517" lat="56.6591035" lon="16.3783878" version="1" timestamp="2025-06-28T20:06:51Z" changeset="168241394" uid="20259094" user="MtbBob"/>
  <node id="13003710477" lat="56.6574429" lon="16.3481994" version="2" timestamp="2025-11-24T17:24:51Z" changeset="175077284" uid="66965" user="urk"/>
  <node id="13003710478" lat="56.6575456" lon="16.3478052" version="1" timestamp="2025-07-16T07:32:33Z" changeset="168998492" uid="156646" user="archie"/>
  <node id="13003710479" lat="56.6544249" lon="16.3460524" version="1" timestamp="2025-07-16T07:32:33Z" changeset="168998492" uid="156646" user="archie"/>
  <node id="13003710481" lat="56.6560014" lon="16.3482709" version="1" timestamp="2025-07-16T07:32:33Z" changeset="168998492" uid="156646" user="archie"/>
  <node id="13003710482" lat="56.6558813" lon="16.3479499" version="1" timestamp="2025-07-16T07:32:33Z" changeset="168998492" uid="156646" user="archie"/>
  <node id="13003748243" lat="56.6557778" lon="16.3475625" version="1" timestamp="2025-07-16T07:32:33Z" changeset="168998492" uid="156646" user="archie"/>
  <node id="13003748244" lat="56.6577804" lon="16.3534038" version="1" timestamp="2025-07-16T07:32:33Z" changeset="168998492" uid="156646" user="archie"/>
  <node id="13003748245" lat="56.6543990" lon="16.3483867" version="1" timestamp="2025-07-16T07:32:33Z" changeset="168998492" uid="156646" user="archie"/>
  <node id="13003748246" lat="56.6577250" lon="16.3534602" version="1" timestamp="2025-07-16T07:32:33Z" changeset="168998492" uid="156646" user="archie"/>
  <node id="13003748247" lat="56.6579162" lon="16.3532729" version="1" timestamp="2025-07-16T07:32:33Z" changeset="168998492" uid="156646" user="archie"/>
  <node id="13003748248" lat="56.6543990" lon="16.3478400" version="1" timestamp="2025-07-16T07:32:33Z" changeset="168998492" uid="156646" user="archie"/>
  <node id="13003748249" lat="56.6545214" lon="16.3482262" version="1" timestamp="2025-07-16T07:32:33Z" changeset="168998492" uid="156646" user="archie"/>
  <node id="13003748250" lat="56.6546975" lon="16.3474736" version="1" timestamp="2025-07-16T07:32:33Z" changeset="168998492" uid="156646" user="archie"/>
  <node id="13003748251" lat="56.6545981" lon="16.3471104" version="1" timestamp="2025-07-16T07:32:33Z" changeset="168998492" uid="156646" user="archie"/>
  <node id="13003748252" lat="56.6545334" lon="16.3467547" version="1" timestamp="2025-07-16T07:32:33Z" changeset="168998492" uid="156646" user="archie"/>
  <node id="13003748253" lat="56.6543586" lon="16.3457148" version="1" timestamp="2025-07-16T07:32:33Z" changeset="168998492" uid="156646" user="archie"/>
  <node id="13003748254" lat="56.6543156" lon="16.3454744" version="1" timestamp="2025-07-16T07:32:33Z" changeset="168998492" uid="156646" user="archie"/>
  <node id="13003748255" lat="56.6556502" lon="16.3470049" version="1" timestamp="2025-07-16T07:32:33Z" changeset="168998492" uid="156646" user="archie"/>
  <node id="13003748256" lat="56.6551639" lon="16.3451330" version="1" timestamp="2025-07-16T07:32:33Z" changeset="168998492" uid="156646" user="archie"/>
  <node id="13003748257" lat="56.6555002" lon="16.3462724" version="1" timestamp="2025-07-16T07:32:33Z" changeset="168998492" uid="156646" user="archie"/>
  <node id="13003748258" lat="56.6551076" lon="16.3449763" version="1" timestamp="2025-07-16T07:32:33Z" changeset="168998492" uid="156646" user="archie"/>
  <node id="13003869890" lat="56.6605562" lon="16.3487395" version="1" timestamp="2025-07-16T09:16:54Z" changeset="169002960" uid="156646" user="archie"/>
  <node id="13003869891" lat="56.6607906" lon="16.3507041" version="1" timestamp="2025-07-16T09:16:54Z" changeset="169002960" uid="156646" user="archie"/>
  <node id="13003869892" lat="56.6610092" lon="16.3505179" version="1" timestamp="2025-07-16T09:16:54Z" changeset="169002960" uid="156646" user="archie"/>
  <node id="13003869893" lat="56.6602126" lon="16.3498040" version="1" timestamp="2025-07-16T09:16:54Z" changeset="169002960" uid="156646" user="archie"/>
  <node id="13003869894" lat="56.6608175" lon="16.3499739" version="1" timestamp="2025-07-16T09:16:54Z" changeset="169002960" uid="156646" user="archie"/>
  <node id="13003869895" lat="56.6605999" lon="16.3487775" version="1" timestamp="2025-07-16T09:16:54Z" changeset="169002960" uid="156646" user="archie"/>
  <node id="13003869896" lat="56.6611045" lon="16.3494390" version="1" timestamp="2025-07-16T09:16:54Z" changeset="169002960" uid="156646" user="archie"/>
  <node id="13003869897" lat="56.6610052" lon="16.3498546" version="1" timestamp="2025-07-16T09:16:54Z" changeset="169002960" uid="156646" user="archie"/>
  <node id="13003869898" lat="56.6607797" lon="16.3494823" version="1" timestamp="2025-07-16T09:16:54Z" changeset="169002960" uid="156646" user="archie"/>
  <node id="13003869900" lat="56.6604897" lon="16.3501818" version="1" timestamp="2025-07-16T09:16:54Z" changeset="169002960" uid="156646" user="archie"/>
  <node id="13003898018" lat="56.6592093" lon="16.3509950" version="1" timestamp="2025-07-16T09:16:53Z" changeset="169002960" uid="156646" user="archie"/>
  <node id="13003898019" lat="56.6594040" lon="16.3517523" version="1" timestamp="2025-07-16T09:16:53Z" changeset="169002960" uid="156646" user="archie"/>
  <node id="13003898020" lat="56.6582607" lon="16.3505324" version="1" timestamp="2025-07-16T09:16:53Z" changeset="169002960" uid="156646" user="archie"/>
  <node id="13003898021" lat="56.6586570" lon="16.3495673" version="1" timestamp="2025-07-16T09:16:53Z" changeset="169002960" uid="156646" user="archie"/>
  <node id="13003898022" lat="56.6582607" lon="16.3504149" version="1" timestamp="2025-07-16T09:16:53Z" changeset="169002960" uid="156646" user="archie"/>
  <node id="13003898023" lat="56.6593365" lon="16.3518336" version="1" timestamp="2025-07-16T09:16:53Z" changeset="169002960" uid="156646" user="archie"/>
  <node id="13003898024" lat="56.6585885" lon="16.3496034" version="1" timestamp="2025-07-16T09:16:53Z" changeset="169002960" uid="156646" user="archie"/>
  <node id="13003898025" lat="56.6594040" lon="16.3515951" version="1" timestamp="2025-07-16T09:16:53Z" changeset="169002960" uid="156646" user="archie"/>
  <node id="13003898026" lat="56.6590752" lon="16.3505396" version="1" timestamp="2025-07-16T09:16:53Z" changeset="169002960" uid="156646" user="archie"/>
  <node id="13003898027" lat="56.6583610" lon="16.3499088" version="1" timestamp="2025-07-16T09:16:53Z" changeset="169002960" uid="156646" user="archie"/>
  <node id="13003898028" lat="56.6581420" lon="16.3504917" version="1" timestamp="2025-07-16T09:16:53Z" changeset="169002960" uid="156646" user="archie"/>
  <node id="13003898029" lat="56.6582666" lon="16.3528782" version="1" timestamp="2025-07-16T09:16:53Z" changeset="169002960" uid="156646" user="archie"/>
  <node id="13003898030" lat="56.6587251" lon="16.3527978" version="1" timestamp="2025-07-16T09:16:53Z" changeset="169002960" uid="156646" user="archie"/>
  <node id="13003898031" lat="56.6585577" lon="16.3526126" version="1" timestamp="2025-07-16T09:16:53Z" changeset="169002960" uid="156646" user="archie"/>
  <node id="13003898032" lat="56.6577511" lon="16.3485299" version="1" timestamp="2025-07-16T09:16:53Z" changeset="169002960" uid="156646" user="archie"/>
  <node id="13003898033" lat="56.6566686" lon="16.3509983" version="2" timestamp="2025-11-24T17:24:51Z" changeset="175077284" uid="66965" user="urk"/>
  <node id="13003898034" lat="56.6587991" lon="16.3532768" version="1" timestamp="2025-07-16T09:16:53Z" changeset="169002960" uid="156646" user="archie"/>
  <node id="13003898035" lat="56.6592778" lon="16.3519186" version="1" timestamp="2025-07-16T09:16:53Z" changeset="169002960" uid="156646" user="archie"/>
  <node id="13003898036" lat="56.6611937" lon="16.3531430" version="1" timestamp="2025-07-16T09:16:53Z" changeset="169002960" uid="156646" user="archie"/>
  <node id="13003898037" lat="56.6604966" lon="16.3503806" version="1" timestamp="2025-07-16T09:16:53Z" changeset="169002960" uid="156646" user="archie"/>
  <node id="13003904941" lat="56.6611234" lon="16.3492058" version="1" timestamp="2025-07-16T09:16:55Z" changeset="169002960" uid="156646" user="archie"/>
  <node id="13003904943" lat="56.6610380" lon="16.3491281" version="1" timestamp="2025-07-16T09:16:55Z" changeset="169002960" uid="156646" user="archie"/>
  <node id="13003904944" lat="56.6612754" lon="16.3497263" version="1" timestamp="2025-07-16T09:16:55Z" changeset="169002960" uid="156646" user="archie"/>
  <node id="13003904945" lat="56.6601311" lon="16.3499342" version="1" timestamp="2025-07-16T09:16:55Z" changeset="169002960" uid="156646" user="archie"/>
  <node id="13003904946" lat="56.6602433" lon="16.3500218" version="1" timestamp="2025-07-16T09:16:55Z" changeset="169002960" uid="156646" user="archie"/>
  <node id="13003904947" lat="56.6600680" lon="16.3506336" version="1" timestamp="2025-07-16T09:16:55Z" changeset="169002960" uid="156646" user="archie"/>
  <node id="13003904948" lat="56.6599133" lon="16.3505319" version="1" timestamp="2025-07-16T09:16:55Z" changeset="169002960" uid="156646" user="archie"/>
  <node id="13003904949" lat="56.6601544" lon="16.3499215" version="1" timestamp="2025-07-16T09:16:55Z" changeset="169002960" uid="156646" user="archie"/>
  <node id="13003904950" lat="56.6602424" lon="16.3500652" version="1" timestamp="2025-07-16T09:16:55Z" changeset="169002960" uid="156646" user="archie"/>
  <node id="13003904951" lat="56.6599324" lon="16.3505748" version="1" timestamp="2025-07-16T09:16:55Z" changeset="169002960" uid="156646" user="archie"/>
  <node id="13003904952" lat="56.6600452" lon="16.3506417" version="1" timestamp="2025-07-16T09:16:55Z" changeset="169002960" uid="156646" user="archie"/>
  <node id="13003904953" lat="56.6599980" lon="16.3510953" version="1" timestamp="2025-07-16T09:16:55Z" changeset="169002960" uid="156646" user="archie"/>
  <node id="13003904954" lat="56.6598947" lon="16.3515508" version="1" timestamp="2025-07-16T09:16:55Z" changeset="169002960" uid="156646" user="archie"/>
  <node id="13003904955" lat="56.6599593" lon="16.3515508" version="1" timestamp="2025-07-16T09:16:55Z" changeset="169002960" uid="156646" user="archie"/>
  <node id="13003904956" lat="56.6599126" lon="16.3515643" version="1" timestamp="2025-07-16T09:16:55Z" changeset="169002960" uid="156646" user="archie"/>
  <node id="13003904957" lat="56.6597765" lon="16.3509679" version="1" timestamp="2025-07-16T09:16:55Z" changeset="169002960" uid="156646" user="archie"/>
  <node id="13003904958" lat="56.6598962" lon="16.3506155" version="1" timestamp="2025-07-16T09:16:55Z" changeset="169002960" uid="156646" user="archie"/>
  <node id="13003904959" lat="56.6600387" lon="16.3506860" version="1" timestamp="2025-07-16T09:16:55Z" changeset="169002960" uid="156646" user="archie"/>
  <node id="13003904960" lat="56.6613096" lon="16.3532551" version="1" timestamp="2025-07-16T09:16:55Z" changeset="169002960" uid="156646" user="archie"/>
  <node id="13003907298" lat="56.6612684" lon="16.3533689" version="1" timestamp="2025-07-16T09:16:55Z" changeset="169002960" uid="156646" user="archie"/>
  <node id="13003907299" lat="56.6612664" lon="16.3534006" version="1" timestamp="2025-07-16T09:16:55Z" changeset="169002960" uid="156646" user="archie"/>
  <node id="13003907300" lat="56.6610306" lon="16.3546517" version="2" timestamp="2025-09-29T07:24:26Z" changeset="172597133" uid="311496" user="peterleth"/>
  <node id="13003911045" lat="56.6600194" lon="16.3511333" version="1" timestamp="2025-07-16T09:16:53Z" changeset="169002960" uid="156646" user="archie"/>
  <node id="13003911046" lat="56.6602789" lon="16.3500959" version="1" timestamp="2025-07-16T09:16:53Z" changeset="169002960" uid="156646" user="archie"/>
  <node id="13003911047" lat="56.6599508" lon="16.3518282" version="1" timestamp="2025-07-16T09:16:53Z" changeset="169002960" uid="156646" user="archie"/>
  <node id="13003911048" lat="56.6602543" lon="16.3501040" version="1" timestamp="2025-07-16T09:16:53Z" changeset="169002960" uid="156646" user="archie"/>
  <node id="13003911049" lat="56.6614045" lon="16.3526180" version="1" timestamp="2025-07-16T09:16:53Z" changeset="169002960" uid="156646" user="archie"/>
  <node id="13003911050" lat="56.6610921" lon="16.3530273" version="1" timestamp="2025-07-16T09:16:53Z" changeset="169002960" uid="156646" user="archie"/>
  <node id="13003911051" lat="56.6601301" lon="16.3513402" version="1" timestamp="2025-07-16T09:16:53Z" changeset="169002960" uid="156646" user="archie"/>
  <node id="13003911052" lat="56.6599990" lon="16.3518526" version="1" timestamp="2025-07-16T09:16:53Z" changeset="169002960" uid="156646" user="archie"/>
  <node id="13003911053" lat="56.6607668" lon="16.3508595" version="1" timestamp="2025-07-16T09:16:53Z" changeset="169002960" uid="156646" user="archie"/>
  <node id="13003911054" lat="56.6605602" lon="16.3511523" version="1" timestamp="2025-07-16T09:16:53Z" changeset="169002960" uid="156646" user="archie"/>
  <node id="13003911055" lat="56.6614403" lon="16.3523577" version="1" timestamp="2025-07-16T09:16:53Z" changeset="169002960" uid="156646" user="archie"/>
  <node id="13003911056" lat="56.6613270" lon="16.3532614" version="1" timestamp="2025-07-16T09:16:53Z" changeset="169002960" uid="156646" user="archie"/>
  <node id="13003911057" lat="56.6610191" lon="16.3511234" version="1" timestamp="2025-07-16T09:16:53Z" changeset="169002960" uid="156646" user="archie"/>
  <node id="13003911058" lat="56.6609481" lon="16.3514676" version="1" timestamp="2025-07-16T09:16:53Z" changeset="169002960" uid="156646" user="archie"/>
  <node id="13003911059" lat="56.6600824" lon="16.3506815" version="1" timestamp="2025-07-16T09:16:53Z" changeset="169002960" uid="156646" user="archie"/>
  <node id="13003911060" lat="56.6598517" lon="16.3514627" version="1" timestamp="2025-07-16T09:16:53Z" changeset="169002960" uid="156646" user="archie"/>
  <node id="13003911061" lat="56.6599414" lon="16.3517778" version="1" timestamp="2025-07-16T09:16:53Z" changeset="169002960" uid="156646" user="archie"/>
  <node id="13003911062" lat="56.6595967" lon="16.3515878" version="1" timestamp="2025-07-16T09:16:53Z" changeset="169002960" uid="156646" user="archie"/>
  <node id="13003911063" lat="56.6597010" lon="16.3511342" version="1" timestamp="2025-07-16T09:16:53Z" changeset="169002960" uid="156646" user="archie"/>
  <node id="13003911064" lat="56.6599007" lon="16.3519818" version="1" timestamp="2025-07-16T09:16:53Z" changeset="169002960" uid="156646" user="archie"/>
  <node id="13003913271" lat="56.6595897" lon="16.3515137" version="1" timestamp="2025-07-16T09:16:54Z" changeset="169002960" uid="156646" user="archie"/>
  <node id="13003913272" lat="56.6599385" lon="16.3518244" version="1" timestamp="2025-07-16T09:16:54Z" changeset="169002960" uid="156646" user="archie"/>
  <node id="13003913273" lat="56.6597397" lon="16.3511306" version="1" timestamp="2025-07-16T09:16:54Z" changeset="169002960" uid="156646" user="archie"/>
  <node id="13003913274" lat="56.6594487" lon="16.3513601" version="1" timestamp="2025-07-16T09:16:54Z" changeset="169002960" uid="156646" user="archie"/>
  <node id="13003913275" lat="56.6600636" lon="16.3498890" version="1" timestamp="2025-07-16T09:16:54Z" changeset="169002960" uid="156646" user="archie"/>
  <node id="13003913276" lat="56.6600412" lon="16.3497977" version="1" timestamp="2025-07-16T09:16:54Z" changeset="169002960" uid="156646" user="archie"/>
  <node id="13003913277" lat="56.6586779" lon="16.3493920" version="1" timestamp="2025-07-16T09:16:54Z" changeset="169002960" uid="156646" user="archie"/>
  <node id="13003913278" lat="56.6595133" lon="16.3514107" version="1" timestamp="2025-07-16T09:16:54Z" changeset="169002960" uid="156646" user="archie"/>
  <node id="13003913279" lat="56.6596195" lon="16.3494263" version="1" timestamp="2025-07-16T09:16:54Z" changeset="169002960" uid="156646" user="archie"/>
  <node id="13003913280" lat="56.6590841" lon="16.3503725" version="1" timestamp="2025-07-16T09:16:54Z" changeset="169002960" uid="156646" user="archie"/>
  <node id="13003913281" lat="56.6588358" lon="16.3489962" version="1" timestamp="2025-07-16T09:16:54Z" changeset="169002960" uid="156646" user="archie"/>
  <node id="13003914501" lat="56.6610688" lon="16.3494408" version="1" timestamp="2025-07-16T09:16:54Z" changeset="169002960" uid="156646" user="archie"/>
  <node id="13003914502" lat="56.6610410" lon="16.3496070" version="1" timestamp="2025-07-16T09:16:54Z" changeset="169002960" uid="156646" user="archie"/>
  <node id="13003914503" lat="56.6609764" lon="16.3492510" version="1" timestamp="2025-07-16T09:16:54Z" changeset="169002960" uid="156646" user="archie"/>
  <node id="13003914701" lat="56.6603099" lon="16.3540421" version="1" timestamp="2025-07-16T09:16:55Z" changeset="169002960" uid="156646" user="archie"/>
  <node id="13003914702" lat="56.6594010" lon="16.3519827" version="1" timestamp="2025-07-16T09:16:55Z" changeset="169002960" uid="156646" user="archie"/>
  <node id="13003914703" lat="56.6599066" lon="16.3520722" version="1" timestamp="2025-07-16T09:16:55Z" changeset="169002960" uid="156646" user="archie"/>
  <node id="13003914704" lat="56.6595798" lon="16.3516466" version="1" timestamp="2025-07-16T09:16:55Z" changeset="169002960" uid="156646" user="archie"/>
  <node id="13003914705" lat="56.6594959" lon="16.3517252" version="1" timestamp="2025-07-16T09:16:55Z" changeset="169002960" uid="156646" user="archie"/>
  <node id="13003914706" lat="56.6596578" lon="16.3517586" version="1" timestamp="2025-07-16T09:16:55Z" changeset="169002960" uid="156646" user="archie"/>
  <node id="13003914707" lat="56.6607738" lon="16.3530572" version="1" timestamp="2025-07-16T09:16:55Z" changeset="169002960" uid="156646" user="archie"/>
  <node id="13003914708" lat="56.6610149" lon="16.3547767" version="2" timestamp="2025-09-29T07:43:52Z" changeset="172597868" uid="156646" user="archie"/>
  <node id="13003914709" lat="56.6599747" lon="16.3520541" version="1" timestamp="2025-07-16T09:16:55Z" changeset="169002960" uid="156646" user="archie"/>
  <node id="13003914710" lat="56.6612823" lon="16.3535000" version="1" timestamp="2025-07-16T09:16:55Z" changeset="169002960" uid="156646" user="archie"/>
  <node id="13003914711" lat="56.6599429" lon="16.3521156" version="1" timestamp="2025-07-16T09:16:55Z" changeset="169002960" uid="156646" user="archie"/>
  <node id="13003914712" lat="56.6592078" lon="16.3526406" version="1" timestamp="2025-07-16T09:16:55Z" changeset="169002960" uid="156646" user="archie"/>
  <node id="13003914713" lat="56.6607589" lon="16.3545881" version="2" timestamp="2025-09-29T07:43:52Z" changeset="172597868" uid="156646" user="archie"/>
  <node id="13003914714" lat="56.6603463" lon="16.3525004" version="1" timestamp="2025-07-16T09:16:55Z" changeset="169002960" uid="156646" user="archie"/>
  <node id="13004784761" lat="56.6596746" lon="16.3557212" version="1" timestamp="2025-07-16T18:49:09Z" changeset="169028455" uid="15888636" user="nomimono">
    <tag k="leaf_type" v="broadleaved"/>
    <tag k="natural" v="tree"/>
  </node>
  <node id="13004877900" lat="56.6601605" lon="16.3564786" version="1" timestamp="2025-07-16T18:49:08Z" changeset="169028455" uid="15888636" user="nomimono">
    <tag k="emergency" v="life_ring"/>
  </node>
  <node id="13004877970" lat="56.6599895" lon="16.3561575" version="1" timestamp="2025-07-16T18:49:09Z" changeset="169028455" uid="15888636" user="nomimono">
    <tag k="leaf_type" v="broadleaved"/>
    <tag k="natural" v="tree"/>
  </node>
  <node id="13004885558" lat="56.6593093" lon="16.3552105" version="1" timestamp="2025-07-16T18:49:12Z" changeset="169028455" uid="15888636" user="nomimono">
    <tag k="leaf_type" v="broadleaved"/>
    <tag k="natural" v="tree"/>
  </node>
  <node id="13004889654" lat="56.6598945" lon="16.3559943" version="1" timestamp="2025-07-16T18:49:09Z" changeset="169028455" uid="15888636" user="nomimono">
    <tag k="leaf_type" v="broadleaved"/>
    <tag k="natural" v="tree"/>
  </node>
  <node id="13004893918" lat="56.6593236" lon="16.3555009" version="1" timestamp="2025-07-16T18:49:11Z" changeset="169028455" uid="15888636" user="nomimono">
    <tag k="leaf_type" v="broadleaved"/>
    <tag k="natural" v="tree"/>
  </node>
  <node id="13004898049" lat="56.6592953" lon="16.3548936" version="1" timestamp="2025-07-16T18:49:12Z" changeset="169028455" uid="15888636" user="nomimono">
    <tag k="emergency" v="life_ring"/>
  </node>
  <node id="13004898302" lat="56.6589706" lon="16.3532445" version="1" timestamp="2025-07-16T18:49:13Z" changeset="169028455" uid="15888636" user="nomimono">
    <tag k="leaf_type" v="broadleaved"/>
    <tag k="natural" v="tree"/>
  </node>
  <node id="13004900202" lat="56.6595749" lon="16.3558051" version="1" timestamp="2025-07-16T18:49:10Z" changeset="169028455" uid="15888636" user="nomimono">
    <tag k="leaf_type" v="broadleaved"/>
    <tag k="natural" v="tree"/>
  </node>
  <node id="13004900393" lat="56.6592958" lon="16.3553706" version="1" timestamp="2025-07-16T18:49:11Z" changeset="169028455" uid="15888636" user="nomimono">
    <tag k="leaf_type" v="broadleaved"/>
    <tag k="natural" v="tree"/>
  </node>
  <node id="13004908907" lat="56.6594018" lon="16.3556673" version="1" timestamp="2025-07-16T18:49:10Z" changeset="169028455" uid="15888636" user="nomimono">
    <tag k="leaf_type" v="broadleaved"/>
    <tag k="natural" v="tree"/>
  </node>
  <node id="13004914967" lat="56.6602499" lon="16.3521463" version="3" timestamp="2025-07-16T18:49:15Z" changeset="169028487" uid="15888636" user="nomimono">
    <tag k="board_type" v="history"/>
    <tag k="information" v="board"/>
    <tag k="name" v="Gamla kyrkogården"/>
    <tag k="tourism" v="information"/>
  </node>
  <node id="13004915977" lat="56.6595363" lon="16.3556446" version="1" timestamp="2025-07-16T18:49:10Z" changeset="169028455" uid="15888636" user="nomimono">
    <tag k="leaf_type" v="broadleaved"/>
    <tag k="natural" v="tree"/>
  </node>
  <node id="13077725572" lat="56.6577264" lon="16.3526429" version="1" timestamp="2025-08-18T09:39:58Z" changeset="170606216" uid="66965" user="urk">
    <tag k="amenity" v="toilets"/>
  </node>
  <node id="13077725573" lat="56.6577391" lon="16.3525638" version="1" timestamp="2025-08-18T09:40:34Z" changeset="170606244" uid="66965" user="urk">
    <tag k="emergency" v="defibrillator"/>
  </node>
  <node id="13179757084" lat="56.6607694" lon="16.3547418" version="1" timestamp="2025-09-29T07:27:53Z" changeset="172597256" uid="311496" user="peterleth"/>
  <node id="13179757085" lat="56.6607906" lon="16.3546489" version="2" timestamp="2025-09-29T07:43:52Z" changeset="172597868" uid="156646" user="archie"/>
  <node id="13179757086" lat="56.6608197" lon="16.3545188" version="1" timestamp="2025-09-29T07:27:53Z" changeset="172597256" uid="311496" user="peterleth"/>
  <node id="13179757087" lat="56.6608398" lon="16.3544335" version="2" timestamp="2025-09-29T07:43:52Z" changeset="172597868" uid="156646" user="archie"/>
  <node id="13179757088" lat="56.6606304" lon="16.3542077" version="1" timestamp="2025-09-29T07:27:53Z" changeset="172597256" uid="311496" user="peterleth"/>
  <node id="13179757089" lat="56.6607402" lon="16.3537281" version="1" timestamp="2025-09-29T07:27:53Z" changeset="172597256" uid="311496" user="peterleth"/>
  <node id="13179757090" lat="56.6606498" lon="16.3536165" version="1" timestamp="2025-09-29T07:27:53Z" changeset="172597256" uid="311496" user="peterleth"/>
  <node id="13179757091" lat="56.6605355" lon="16.3539230" version="1" timestamp="2025-09-29T07:27:53Z" changeset="172597256" uid="311496" user="peterleth"/>
  <node id="13179757092" lat="56.6606259" lon="16.3540346" version="1" timestamp="2025-09-29T07:27:53Z" changeset="172597256" uid="311496" user="peterleth"/>
  <node id="13179757093" lat="56.6605633" lon="16.3541254" version="1" timestamp="2025-09-29T07:27:53Z" changeset="172597256" uid="311496" user="peterleth"/>
  <node id="13179757094" lat="56.6605606" lon="16.3540340" version="1" timestamp="2025-09-29T07:27:53Z" changeset="172597256" uid="311496" user="peterleth"/>
  <node id="13179757095" lat="56.6605819" lon="16.3539514" version="1" timestamp="2025-09-29T07:27:53Z" changeset="172597256" uid="311496" user="peterleth"/>
  <node id="13179757096" lat="56.6606741" lon="16.3537048" version="1" timestamp="2025-09-29T07:27:53Z" changeset="172597256" uid="311496" user="peterleth"/>
  <node id="13179784401" lat="56.6615331" lon="16.3551233" version="1" timestamp="2025-09-29T07:24:26Z" changeset="172597133" uid="311496" user="peterleth"/>
  <node id="13179784461" lat="56.6611413" lon="16.3540758" version="1" timestamp="2025-09-29T07:24:26Z" changeset="172597133" uid="311496" user="peterleth"/>
  <node id="13179784462" lat="56.6611949" lon="16.3539481" version="1" timestamp="2025-09-29T07:24:26Z" changeset="172597133" uid="311496" user="peterleth"/>
  <node id="13179784463" lat="56.6611392" lon="16.3539231" version="1" timestamp="2025-09-29T07:24:26Z" changeset="172597133" uid="311496" user="peterleth"/>
  <node id="13179784464" lat="56.6611176" lon="16.3540645" version="1" timestamp="2025-09-29T07:24:26Z" changeset="172597133" uid="311496" user="peterleth"/>
  <node id="13179784473" lat="56.6608044" lon="16.3544551" version="1" timestamp="2025-09-29T07:24:26Z" changeset="172597133" uid="311496" user="peterleth"/>
  <node id="13179784474" lat="56.6607810" lon="16.3545291" version="1" timestamp="2025-09-29T07:24:26Z" changeset="172597133" uid="311496" user="peterleth"/>
  <node id="13179784475" lat="56.6605866" lon="16.3543254" version="1" timestamp="2025-09-29T07:24:26Z" changeset="172597133" uid="311496" user="peterleth"/>
  <node id="13179784476" lat="56.6606100" lon="16.3542514" version="1" timestamp="2025-09-29T07:24:26Z" changeset="172597133" uid="311496" user="peterleth"/>
  <node id="13328599328" lat="56.6575651" lon="16.3520763" version="1" timestamp="2025-11-24T17:24:51Z" changeset="175077284" uid="66965" user="urk">
    <tag k="barrier" v="entrance"/>
  </node>
  <node id="13328599329" lat="56.6582529" lon="16.3528946" version="1" timestamp="2025-11-24T17:24:51Z" changeset="175077284" uid="66965" user="urk"/>
  <node id="13328599330" lat="56.6566522" lon="16.3509902" version="1" timestamp="2025-11-24T17:24:51Z" changeset="175077284" uid="66965" user="urk"/>
  <node id="13328599331" lat="56.6575628" lon="16.3483886" version="1" timestamp="2025-11-24T17:24:51Z" changeset="175077284" uid="66965" user="urk"/>
  <node id="13328599342" lat="56.6582982" lon="16.3492553" version="1" timestamp="2025-11-24T17:24:51Z" changeset="175077284" uid="66965" user="urk"/>
  <node id="13328627895" lat="56.6576791" lon="16.3549216" version="1" timestamp="2025-11-24T17:37:13Z" changeset="175077728" uid="66965" user="urk"/>
  <node id="13328627896" lat="56.6588689" lon="16.3534044" version="1" timestamp="2025-11-24T17:37:13Z" changeset="175077728" uid="66965" user="urk"/>
  <node id="13328627897" lat="56.6588430" lon="16.3534833" version="1" timestamp="2025-11-24T17:37:13Z" changeset="175077728" uid="66965" user="urk"/>
  <node id="13328627898" lat="56.6588277" lon="16.3534876" version="1" timestamp="2025-11-24T17:37:13Z" changeset="175077728" uid="66965" user="urk"/>
  <node id="13328627899" lat="56.6589460" lon="16.3543849" version="1" timestamp="2025-11-24T17:37:13Z" changeset="175077728" uid="66965" user="urk"/>
  <node id="13328627900" lat="56.6592221" lon="16.3546163" version="1" timestamp="2025-11-24T17:37:13Z" changeset="175077728" uid="66965" user="urk"/>
  <node id="13328630901" lat="56.6593265" lon="16.3546952" version="1" timestamp="2025-11-24T17:37:13Z" changeset="175077728" uid="66965" user="urk"/>
  <node id="13328630902" lat="56.6593178" lon="16.3548495" version="1" timestamp="2025-11-24T17:37:13Z" changeset="175077728" uid="66965" user="urk"/>
  <node id="13328630903" lat="56.6593162" lon="16.3549065" version="1" timestamp="2025-11-24T17:37:13Z" changeset="175077728" uid="66965" user="urk"/>
  <node id="13328630904" lat="56.6592909" lon="16.3550014" version="1" timestamp="2025-11-24T17:37:13Z" changeset="175077728" uid="66965" user="urk"/>
  <node id="13328630905" lat="56.6593380" lon="16.3550468" version="1" timestamp="2025-11-24T17:37:13Z" changeset="175077728" uid="66965" user="urk"/>
  <node id="13328630906" lat="56.6592136" lon="16.3555157" version="1" timestamp="2025-11-24T17:37:13Z" changeset="175077728" uid="66965" user="urk"/>
  <node id="13328630907" lat="56.6592310" lon="16.3556235" version="1" timestamp="2025-11-24T17:37:13Z" changeset="175077728" uid="66965" user="urk"/>
  <node id="13328630908" lat="56.6600965" lon="16.3563569" version="1" timestamp="2025-11-24T17:37:13Z" changeset="175077728" uid="66965" user="urk"/>
  <node id="13328630909" lat="56.6601733" lon="16.3564220" version="1" timestamp="2025-11-24T17:37:13Z" changeset="175077728" uid="66965" user="urk"/>
  <node id="13328630910" lat="56.6604310" lon="16.3566404" version="1" timestamp="2025-11-24T17:37:13Z" changeset="175077728" uid="66965" user="urk"/>
  <node id="13328630911" lat="56.6615425" lon="16.3568295" version="1" timestamp="2025-11-24T17:37:13Z" changeset="175077728" uid="66965" user="urk"/>
  <node id="13328630912" lat="56.6616893" lon="16.3568574" version="1" timestamp="2025-11-24T17:37:13Z" changeset="175077728" uid="66965" user="urk"/>
  <node id="13971024333" lat="56.6597939" lon="16.3604087" version="1" timestamp="2026-06-27T19:08:49Z" changeset="184709014" uid="83501" user="riiga"/>
  <node id="13971024370" lat="56.6598828" lon="16.3609227" version="1" timestamp="2026-06-27T19:08:49Z" changeset="184709014" uid="83501" user="riiga"/>
  <node id="13971024375" lat="56.6600624" lon="16.3612234" version="1" timestamp="2026-06-27T19:08:49Z" changeset="184709014" uid="83501" user="riiga"/>
  <node id="13971024378" lat="56.6605005" lon="16.3601775" version="1" timestamp="2026-06-27T19:08:49Z" changeset="184709014" uid="83501" user="riiga"/>
  <node id="13971024380" lat="56.6606331" lon="16.3600055" version="1" timestamp="2026-06-27T19:08:49Z" changeset="184709014" uid="83501" user="riiga"/>
  <node id="13971024382" lat="56.6599682" lon="16.3608355" version="1" timestamp="2026-06-27T19:08:49Z" changeset="184709014" uid="83501" user="riiga"/>
  <node id="13971024383" lat="56.6600216" lon="16.3607656" version="1" timestamp="2026-06-27T19:08:49Z" changeset="184709014" uid="83501" user="riiga"/>
  <node id="13971024384" lat="56.6601661" lon="16.3605791" version="1" timestamp="2026-06-27T19:08:49Z" changeset="184709014" uid="83501" user="riiga"/>
  <node id="13971024385" lat="56.6604343" lon="16.3602568" version="1" timestamp="2026-06-27T19:08:49Z" changeset="184709014" uid="83501" user="riiga"/>
  <node id="13971024386" lat="56.6606034" lon="16.3600541" version="1" timestamp="2026-06-27T19:08:49Z" changeset="184709014" uid="83501" user="riiga"/>
  <node id="13971024387" lat="56.6606154" lon="16.3595365" version="1" timestamp="2026-06-27T19:08:49Z" changeset="184709014" uid="83501" user="riiga"/>
  <node id="13971024388" lat="56.6607319" lon="16.3598435" version="1" timestamp="2026-06-27T19:08:49Z" changeset="184709014" uid="83501" user="riiga"/>
  <node id="13971024389" lat="56.6609066" lon="16.3602085" version="1" timestamp="2026-06-27T19:08:49Z" changeset="184709014" uid="83501" user="riiga"/>
  <node id="13971024390" lat="56.6612814" lon="16.3582172" version="1" timestamp="2026-06-27T19:08:49Z" changeset="184709014" uid="83501" user="riiga"/>
  <node id="13971024392" lat="56.6611598" lon="16.3584244" version="1" timestamp="2026-06-27T19:08:49Z" changeset="184709014" uid="83501" user="riiga"/>
  <node id="13971024394" lat="56.6610498" lon="16.3586120" version="1" timestamp="2026-06-27T19:08:49Z" changeset="184709014" uid="83501" user="riiga"/>
  <node id="13971024399" lat="56.6609819" lon="16.3594124" version="1" timestamp="2026-06-27T19:08:49Z" changeset="184709014" uid="83501" user="riiga"/>
  <node id="13971024400" lat="56.6608569" lon="16.3591611" version="1" timestamp="2026-06-27T19:08:49Z" changeset="184709014" uid="83501" user="riiga"/>
  <node id="13971024401" lat="56.6607610" lon="16.3589580" version="1" timestamp="2026-06-27T19:08:49Z" changeset="184709014" uid="83501" user="riiga"/>
  <node id="13971024402" lat="56.6609055" lon="16.3597149" version="1" timestamp="2026-06-27T19:08:49Z" changeset="184709014" uid="83501" user="riiga"/>
  <node id="13971024403" lat="56.6607358" lon="16.3593624" version="1" timestamp="2026-06-27T19:08:49Z" changeset="184709014" uid="83501" user="riiga"/>
  <node id="13971024404" lat="56.6606361" lon="16.3591644" version="1" timestamp="2026-06-27T19:08:49Z" changeset="184709014" uid="83501" user="riiga"/>
  <node id="13971024405" lat="56.6605993" lon="16.3595560" version="1" timestamp="2026-06-27T19:08:49Z" changeset="184709014" uid="83501" user="riiga"/>
  <node id="13971024406" lat="56.6605169" lon="16.3593422" version="1" timestamp="2026-06-27T19:08:49Z" changeset="184709014" uid="83501" user="riiga"/>
  <node id="13971024407" lat="56.6604654" lon="16.3596971" version="1" timestamp="2026-06-27T19:08:49Z" changeset="184709014" uid="83501" user="riiga"/>
  <node id="13971024408" lat="56.6604085" lon="16.3594924" version="1" timestamp="2026-06-27T19:08:49Z" changeset="184709014" uid="83501" user="riiga"/>
  <node id="13971024409" lat="56.6603261" lon="16.3598256" version="1" timestamp="2026-06-27T19:08:49Z" changeset="184709014" uid="83501" user="riiga"/>
  <node id="13971024410" lat="56.6602813" lon="16.3596356" version="1" timestamp="2026-06-27T19:08:49Z" changeset="184709014" uid="83501" user="riiga"/>
  <node id="13971024411" lat="56.6601910" lon="16.3599379" version="1" timestamp="2026-06-27T19:08:49Z" changeset="184709014" uid="83501" user="riiga"/>
  <node id="13971024412" lat="56.6601521" lon="16.3597477" version="1" timestamp="2026-06-27T19:08:49Z" changeset="184709014" uid="83501" user="riiga"/>
  <node id="13971024413" lat="56.6600470" lon="16.3600399" version="1" timestamp="2026-06-27T19:08:49Z" changeset="184709014" uid="83501" user="riiga"/>
  <node id="13971024414" lat="56.6600108" lon="16.3598390" version="1" timestamp="2026-06-27T19:08:49Z" changeset="184709014" uid="83501" user="riiga"/>
  <node id="13971024415" lat="56.6598865" lon="16.3601530" version="1" timestamp="2026-06-27T19:08:49Z" changeset="184709014" uid="83501" user="riiga">
    <tag k="highway" v="turning_circle"/>
  </node>
  <node id="13971024416" lat="56.6602490" lon="16.3598968" version="1" timestamp="2026-06-27T19:08:49Z" changeset="184709014" uid="83501" user="riiga"/>
  <node id="13971024417" lat="56.6605361" lon="16.3596320" version="1" timestamp="2026-06-27T19:08:49Z" changeset="184709014" uid="83501" user="riiga"/>
  <node id="13971024418" lat="56.6606717" lon="16.3594687" version="1" timestamp="2026-06-27T19:08:49Z" changeset="184709014" uid="83501" user="riiga"/>
  <node id="13971024419" lat="56.6609084" lon="16.3590757" version="1" timestamp="2026-06-27T19:08:49Z" changeset="184709014" uid="83501" user="riiga"/>
  <node id="13971024420" lat="56.6609268" lon="16.3590100" version="1" timestamp="2026-06-27T19:08:49Z" changeset="184709014" uid="83501" user="riiga"/>
  <node id="13971024421" lat="56.6609419" lon="16.3589238" version="1" timestamp="2026-06-27T19:08:49Z" changeset="184709014" uid="83501" user="riiga"/>
  <node id="13971024422" lat="56.6609476" lon="16.3588298" version="1" timestamp="2026-06-27T19:08:49Z" changeset="184709014" uid="83501" user="riiga"/>
  <node id="13971024423" lat="56.6609601" lon="16.3587649" version="1" timestamp="2026-06-27T19:08:49Z" changeset="184709014" uid="83501" user="riiga"/>
  <node id="13971024429" lat="56.6614354" lon="16.3582742" version="1" timestamp="2026-06-27T19:08:49Z" changeset="184709014" uid="83501" user="riiga"/>
  <node id="13971024430" lat="56.6612986" lon="16.3580155" version="1" timestamp="2026-06-27T19:08:49Z" changeset="184709014" uid="83501" user="riiga"/>
  <node id="13971024431" lat="56.6599578" lon="16.3598360" version="1" timestamp="2026-06-27T19:08:49Z" changeset="184709014" uid="83501" user="riiga"/>
  <node id="13971024432" lat="56.6603464" lon="16.3603693" version="1" timestamp="2026-06-27T19:08:49Z" changeset="184709014" uid="83501" user="riiga"/>
  <node id="13971024438" lat="56.6606563" lon="16.3608848" version="1" timestamp="2026-06-27T19:08:49Z" changeset="184709014" uid="83501" user="riiga"/>
  <node id="13971024439" lat="56.6608913" lon="16.3603182" version="1" timestamp="2026-06-27T19:08:49Z" changeset="184709014" uid="83501" user="riiga"/>
  <node id="13971024440" lat="56.6609582" lon="16.3601247" version="1" timestamp="2026-06-27T19:08:49Z" changeset="184709014" uid="83501" user="riiga"/>
  <node id="13971024441" lat="56.6609110" lon="16.3598607" version="1" timestamp="2026-06-27T19:08:49Z" changeset="184709014" uid="83501" user="riiga"/>
  <node id="13971024442" lat="56.6610434" lon="16.3592904" version="1" timestamp="2026-06-27T19:08:49Z" changeset="184709014" uid="83501" user="riiga"/>
  <node id="13971024450" lat="56.6605640" lon="16.3590740" version="1" timestamp="2026-06-27T19:08:49Z" changeset="184709014" uid="83501" user="riiga"/>
  <node id="13971024451" lat="56.6603238" lon="16.3594134" version="1" timestamp="2026-06-27T19:08:49Z" changeset="184709014" uid="83501" user="riiga"/>
  <node id="13971024452" lat="56.6595622" lon="16.3600407" version="1" timestamp="2026-06-27T19:08:49Z" changeset="184709014" uid="83501" user="riiga"/>
  <node id="13972580193" lat="56.6657366" lon="16.3591379" version="1" timestamp="2026-06-28T16:19:56Z" changeset="184749348" uid="83501" user="riiga"/>
  <node id="13972580194" lat="56.6656064" lon="16.3589961" version="1" timestamp="2026-06-28T16:19:56Z" changeset="184749348" uid="83501" user="riiga"/>
  <node id="13972580195" lat="56.6654982" lon="16.3588296" version="1" timestamp="2026-06-28T16:19:56Z" changeset="184749348" uid="83501" user="riiga"/>
  <node id="13972580196" lat="56.6653536" lon="16.3591690" version="1" timestamp="2026-06-28T16:19:56Z" changeset="184749348" uid="83501" user="riiga"/>
  <node id="13972580197" lat="56.6655000" lon="16.3591585" version="1" timestamp="2026-06-28T16:19:56Z" changeset="184749348" uid="83501" user="riiga"/>
  <node id="13972580198" lat="56.6655753" lon="16.3591111" version="1" timestamp="2026-06-28T16:19:56Z" changeset="184749348" uid="83501" user="riiga"/>
  <node id="13972580199" lat="56.6657212" lon="16.3592409" version="1" timestamp="2026-06-28T16:19:56Z" changeset="184749348" uid="83501" user="riiga"/>
  <node id="14091251787" lat="56.6607585" lon="16.3557854" version="1" timestamp="2026-08-13T06:22:32Z" changeset="187371753" uid="2256461" user="bagis"/>
  <node id="14091251788" lat="56.6607614" lon="16.3557475" version="1" timestamp="2026-08-13T06:22:32Z" changeset="187371753" uid="2256461" user="bagis"/>
  <node id="14091251789" lat="56.6604824" lon="16.3554272" version="1" timestamp="2026-08-13T06:22:32Z" changeset="187371753" uid="2256461" user="bagis"/>
  <node id="14091251790" lat="56.6604347" lon="16.3556385" version="1" timestamp="2026-08-13T06:22:32Z" changeset="187371753" uid="2256461" user="bagis"/>
  <node id="14091251791" lat="56.6603552" lon="16.3557555" version="1" timestamp="2026-08-13T06:22:32Z" changeset="187371753" uid="2256461" user="bagis"/>
  <node id="14093789629" lat="56.6666083" lon="16.3697928" version="1" timestamp="2026-08-14T06:22:39Z" changeset="187423523" uid="1212745" user="YraFyra"/>
  <node id="14093789631" lat="56.6666663" lon="16.3705494" version="1" timestamp="2026-08-14T06:22:39Z" changeset="187423523" uid="1212745" user="YraFyra"/>
  <node id="14093789633" lat="56.6667094" lon="16.3706517" version="1" timestamp="2026-08-14T06:22:39Z" changeset="187423523" uid="1212745" user="YraFyra"/>
  <node id="14107565602" lat="56.6577966" lon="16.3526770" version="1" timestamp="2026-08-20T14:10:29Z" changeset="187746588" uid="13411243" user="Pendergast1965">
    <tag k="amenity" v="toilets"/>
  </node>
  <way id="4222113" version="3" timestamp="2016-04-23T13:59:50Z" changeset="38813722" uid="13957" user="Grillo">
    <nd ref="25124319"/>
    <nd ref="25124323"/>
    <nd ref="25124322"/>
    <nd ref="1054496923"/>
    <nd ref="1054496975"/>
    <nd ref="25124321"/>
    <nd ref="25124320"/>
    <nd ref="1054496926"/>
    <nd ref="1054496929"/>
    <nd ref="25124319"/>
    <tag k="natural" v="coastline"/>
    <tag k="place" v="islet"/>
    <tag k="source" v="PGS(could be inacurately)"/>
  </way>
  <way id="4222212" version="35" timestamp="2026-08-14T06:22:39Z" changeset="187423523" uid="1212745" user="YraFyra">
    <nd ref="1052399216"/>
    <nd ref="8981001210"/>
    <nd ref="1056091384"/>
    <nd ref="8981001209"/>
    <nd ref="8981001208"/>
    <nd ref="1052399110"/>
    <nd ref="8981001207"/>
    <nd ref="1052399053"/>
    <nd ref="8981001206"/>
    <nd ref="8981001205"/>
    <nd ref="8981001204"/>
    <nd ref="8981001203"/>
    <nd ref="1052398947"/>
    <nd ref="8981001202"/>
    <nd ref="1052399190"/>
    <nd ref="8981001199"/>
    <nd ref="8981001201"/>
    <nd ref="8981001200"/>
    <nd ref="1052399028"/>
    <nd ref="1052399118"/>
    <nd ref="8982975134"/>
    <nd ref="1052398977"/>
    <nd ref="8981001198"/>
    <nd ref="8981001197"/>
    <nd ref="1052399041"/>
    <nd ref="1052398984"/>
    <nd ref="8982975133"/>
    <nd ref="8981001196"/>
    <nd ref="8981001195"/>
    <nd ref="1052399155"/>
    <nd ref="8981001194"/>
    <nd ref="8981001193"/>
    <nd ref="8981001192"/>
    <nd ref="8981001191"/>
    <nd ref="8981001190"/>
    <nd ref="1052399173"/>
    <nd ref="8981001189"/>
    <nd ref="8981001188"/>
    <nd ref="1052399101"/>
    <nd ref="8981001187"/>
    <nd ref="1052398999"/>
    <nd ref="8981001185"/>
    <nd ref="8981001186"/>
    <nd ref="25125556"/>
    <nd ref="8981001184"/>
    <nd ref="8981001183"/>
    <nd ref="25125557"/>
    <nd ref="25125558"/>
    <nd ref="25125560"/>
    <nd ref="25125561"/>
    <nd ref="25125562"/>
    <nd ref="25125563"/>
    <nd ref="1052398958"/>
    <nd ref="25125564"/>
    <nd ref="25125565"/>
    <nd ref="25125566"/>
    <nd ref="25125567"/>
    <nd ref="25125568"/>
    <nd ref="25125570"/>
    <nd ref="25125577"/>
    <nd ref="25125578"/>
    <nd ref="25125582"/>
    <nd ref="25125583"/>
    <nd ref="25125584"/>
    <nd ref="2038740155"/>
    <nd ref="2038740163"/>
    <nd ref="2038740164"/>
    <nd ref="2038740158"/>
    <nd ref="25125585"/>
    <nd ref="12959982513"/>
    <nd ref="25125586"/>
    <nd ref="2038740168"/>
    <nd ref="12959982514"/>
    <nd ref="2038740174"/>
    <nd ref="25125587"/>
    <nd ref="2038740172"/>
    <nd ref="2038740170"/>
    <nd ref="2038740166"/>
    <nd ref="25125588"/>
    <nd ref="12959982517"/>
    <nd ref="12959982516"/>
    <nd ref="12959982515"/>
    <nd ref="2038740186"/>
    <nd ref="25125589"/>
    <nd ref="2038740193"/>
    <nd ref="25125590"/>
    <nd ref="25125596"/>
    <nd ref="25125597"/>
    <nd ref="25125598"/>
    <nd ref="25125616"/>
    <nd ref="25125617"/>
    <nd ref="25125620"/>
    <nd ref="25125623"/>
    <nd ref="25125629"/>
    <nd ref="25125630"/>
    <nd ref="25125631"/>
    <nd ref="25125637"/>
    <nd ref="25125638"/>
    <nd ref="25125639"/>
    <nd ref="25125645"/>
    <nd ref="25125646"/>
    <nd ref="8929402663"/>
    <nd ref="1052399161"/>
    <nd ref="8929402660"/>
    <nd ref="8929402661"/>
    <nd ref="8929402662"/>
    <nd ref="446868276"/>
    <nd ref="11029997681"/>
    <nd ref="446868277"/>
    <nd ref="25125648"/>
    <nd ref="1052399097"/>
    <nd ref="8681076732"/>
    <nd ref="25125649"/>
    <nd ref="1052399064"/>
    <nd ref="25125650"/>
    <nd ref="1052398997"/>
    <nd ref="1052399185"/>
    <nd ref="1052399114"/>
    <nd ref="11341496059"/>
    <nd ref="11341496050"/>
    <nd ref="1052399093"/>
    <nd ref="1057446024"/>
    <nd ref="1057446192"/>
    <nd ref="1057445967"/>
    <nd ref="1057446228"/>
    <nd ref="1057446030"/>
    <nd ref="1057446111"/>
    <nd ref="25125651"/>
    <nd ref="1057446150"/>
    <nd ref="1057446165"/>
    <nd ref="1057446223"/>
    <nd ref="1057446076"/>
    <nd ref="1057446195"/>
    <nd ref="1057446232"/>
    <nd ref="1057446249"/>
    <nd ref="1057446035"/>
    <nd ref="1057446119"/>
    <nd ref="1057446186"/>
    <nd ref="1057445963"/>
    <nd ref="25125652"/>
    <nd ref="25125653"/>
    <nd ref="25125655"/>
    <nd ref="25125656"/>
    <nd ref="25125657"/>
    <nd ref="25125658"/>
    <nd ref="1052399222"/>
    <nd ref="25125659"/>
    <nd ref="1052399148"/>
    <nd ref="25125660"/>
    <nd ref="1052399108"/>
    <nd ref="1052399051"/>
    <nd ref="25125661"/>
    <nd ref="25125662"/>
    <nd ref="25125666"/>
    <nd ref="1052399141"/>
    <nd ref="1052399081"/>
    <nd ref="1052398988"/>
    <nd ref="1080438719"/>
    <nd ref="25125667"/>
    <nd ref="1052399211"/>
    <nd ref="1052399171"/>
    <nd ref="1080411590"/>
    <nd ref="1080411497"/>
    <nd ref="25125668"/>
    <nd ref="25125669"/>
    <nd ref="1860708692"/>
    <nd ref="1052399100"/>
    <nd ref="7300481153"/>
    <nd ref="25125670"/>
    <nd ref="7300481159"/>
    <nd ref="1052398955"/>
    <nd ref="1052399009"/>
    <nd ref="25125671"/>
    <nd ref="1860708693"/>
    <nd ref="25125672"/>
    <nd ref="1052399208"/>
    <nd ref="1080438596"/>
    <nd ref="1080438711"/>
    <nd ref="1080438928"/>
    <nd ref="1052399135"/>
    <nd ref="14093789633"/>
    <nd ref="14093789631"/>
    <nd ref="1052399039"/>
    <nd ref="2188687920"/>
    <nd ref="14093789629"/>
    <nd ref="1052398949"/>
    <nd ref="2188687882"/>
    <nd ref="1052398983"/>
    <nd ref="25125673"/>
    <nd ref="251307414"/>
    <nd ref="2188688041"/>
    <nd ref="1052399163"/>
    <nd ref="1417976250"/>
    <nd ref="251307413"/>
    <nd ref="251307323"/>
    <nd ref="251307325"/>
    <nd ref="251307326"/>
    <nd ref="251307328"/>
    <nd ref="251307329"/>
    <nd ref="251307330"/>
    <nd ref="1052399186"/>
    <nd ref="1052399116"/>
    <nd ref="251307331"/>
    <nd ref="1052399026"/>
    <nd ref="251307332"/>
    <nd ref="1052399224"/>
    <nd ref="1052398974"/>
    <nd ref="251307333"/>
    <nd ref="13972580199"/>
    <nd ref="13972580198"/>
    <nd ref="1052399169"/>
    <nd ref="13972580197"/>
    <nd ref="1052399132"/>
    <nd ref="13972580196"/>
    <nd ref="251307334"/>
    <nd ref="251307335"/>
    <nd ref="251307336"/>
    <nd ref="251307337"/>
    <nd ref="251307338"/>
    <nd ref="1052399078"/>
    <nd ref="1052398981"/>
    <nd ref="1068170448"/>
    <nd ref="251307339"/>
    <nd ref="1052399196"/>
    <nd ref="251307340"/>
    <nd ref="251307341"/>
    <nd ref="251307342"/>
    <nd ref="1056091231"/>
    <nd ref="1056091182"/>
    <nd ref="1068169839"/>
    <nd ref="1068170076"/>
    <nd ref="5366006567"/>
    <nd ref="1056091352"/>
    <nd ref="1056091305"/>
    <nd ref="1056091256"/>
    <nd ref="251307343"/>
    <nd ref="1056091278"/>
    <nd ref="251307344"/>
    <nd ref="1052399216"/>
    <tag k="natural" v="coastline"/>
    <tag k="source" v="PGS(could be inacurately)"/>
  </way>
  <way id="4535799" version="15" timestamp="2025-09-29T07:27:53Z" changeset="172597256" uid="311496" user="peterleth">
    <nd ref="5063733448"/>
    <nd ref="449547621"/>
    <nd ref="449547566"/>
    <nd ref="545838"/>
    <nd ref="449547568"/>
    <nd ref="1058846882"/>
    <nd ref="13179757084"/>
    <nd ref="545837"/>
    <nd ref="3906085518"/>
    <nd ref="545834"/>
    <tag k="highway" v="residential"/>
    <tag k="maxspeed" v="30"/>
    <tag k="name" v="Slottsvägen"/>
    <tag k="oneway" v="yes"/>
    <tag k="parking:left" v="street_side"/>
    <tag k="parking:left:fee" v="yes"/>
    <tag k="parking:left:orientation" v="parallel"/>
    <tag k="parking:right" v="no"/>
    <tag k="surface" v="asphalt"/>
    <tag k="width" v="4"/>
  </way>
  <way id="23175714" version="15" timestamp="2025-05-24T12:55:21Z" changeset="166696346" uid="20259094" user="MtbBob">
    <nd ref="545821"/>
    <nd ref="1056345639"/>
    <nd ref="1620458985"/>
    <nd ref="545843"/>
    <nd ref="452382899"/>
    <nd ref="545844"/>
    <nd ref="422530495"/>
    <nd ref="1620458983"/>
    <nd ref="545845"/>
    <nd ref="12860727011"/>
    <nd ref="12860727010"/>
    <nd ref="545846"/>
    <nd ref="12860727012"/>
    <nd ref="12860727013"/>
    <nd ref="418211558"/>
    <nd ref="12860727014"/>
    <nd ref="545882"/>
    <nd ref="12860727015"/>
    <nd ref="1620458978"/>
    <nd ref="12860727016"/>
    <nd ref="545881"/>
    <nd ref="12860727017"/>
    <nd ref="1620458976"/>
    <nd ref="12860727018"/>
    <nd ref="545880"/>
    <nd ref="1620458974"/>
    <nd ref="12860727019"/>
    <nd ref="545879"/>
    <nd ref="1620458973"/>
    <nd ref="12860727020"/>
    <nd ref="545878"/>
    <tag k="highway" v="unclassified"/>
    <tag k="lit" v="yes"/>
    <tag k="maxspeed" v="40"/>
    <tag k="name" v="Tjärhovsgatan"/>
    <tag k="surface" v="asphalt"/>
  </way>
  <way id="23228811" version="5" timestamp="2018-02-28T07:32:56Z" changeset="56746058" uid="12294" user="izzor">
    <nd ref="25125528"/>
    <nd ref="25125529"/>
    <nd ref="25125530"/>
    <nd ref="25125531"/>
    <nd ref="1051549893"/>
    <nd ref="1051549783"/>
    <nd ref="25125532"/>
    <nd ref="1051550161"/>
    <nd ref="1051550031"/>
    <nd ref="25125533"/>
    <nd ref="25125534"/>
    <nd ref="1051550355"/>
    <nd ref="25125535"/>
    <nd ref="1051550261"/>
    <nd ref="1051550113"/>
    <nd ref="25125536"/>
    <nd ref="25125537"/>
    <nd ref="25125538"/>
    <nd ref="1051549993"/>
    <nd ref="251308182"/>
    <nd ref="1051550325"/>
    <nd ref="251308183"/>
    <nd ref="251308184"/>
    <nd ref="251308185"/>
    <nd ref="251308186"/>
    <nd ref="251308187"/>
    <nd ref="251308188"/>
    <nd ref="251308193"/>
    <nd ref="251308195"/>
    <nd ref="1051549569"/>
    <nd ref="25125528"/>
    <tag k="natural" v="coastline"/>
    <tag k="place" v="islet"/>
    <tag k="source" v="bing"/>
  </way>
  <way id="24455361" version="11" timestamp="2025-11-24T17:24:51Z" changeset="175077284" uid="66965" user="urk">
    <nd ref="13003898033"/>
    <nd ref="265787076"/>
    <nd ref="13003898032"/>
    <nd ref="13328599342"/>
    <nd ref="265787079"/>
    <nd ref="13003898027"/>
    <nd ref="13003898028"/>
    <nd ref="13003898035"/>
    <nd ref="13003898034"/>
    <nd ref="13003898030"/>
    <nd ref="13003898031"/>
    <nd ref="13003898029"/>
    <nd ref="13003898033"/>
    <tag k="landuse" v="cemetery"/>
    <tag k="religion" v="christian"/>
    <tag k="wikidata" v="Q20926431"/>
  </way>
  <way id="24455362" version="6" timestamp="2025-10-03T11:38:52Z" changeset="172786802" uid="15258988" user="physgeo">
    <nd ref="545842"/>
    <nd ref="265787085"/>
    <tag k="highway" v="footway"/>
    <tag k="smoothness" v="intermediate"/>
    <tag k="surface" v="sett"/>
  </way>
  <way id="24455363" version="5" timestamp="2025-11-24T17:37:13Z" changeset="175077728" uid="66965" user="urk">
    <nd ref="265787092"/>
    <nd ref="1051549721"/>
    <nd ref="9934716385"/>
    <nd ref="265787093"/>
    <tag k="bridge" v="yes"/>
    <tag k="highway" v="footway"/>
    <tag k="layer" v="1"/>
    <tag k="smoking" v="no"/>
    <tag k="surface" v="wood"/>
  </way>
  <way id="36194479" version="17" timestamp="2025-11-24T17:37:13Z" changeset="175077728" uid="66965" user="urk">
    <nd ref="5063733457"/>
    <nd ref="1058848402"/>
    <nd ref="1058848858"/>
    <nd ref="1058847213"/>
    <nd ref="1058847849"/>
    <nd ref="13328630912"/>
    <nd ref="13328630911"/>
    <nd ref="13328630910"/>
    <nd ref="13328630909"/>
    <nd ref="13328630908"/>
    <nd ref="13328630907"/>
    <nd ref="13328630906"/>
    <nd ref="13328630905"/>
    <nd ref="13328630904"/>
    <nd ref="13328630903"/>
    <nd ref="13328630902"/>
    <nd ref="13328630901"/>
    <nd ref="13328627900"/>
    <nd ref="13328627899"/>
    <nd ref="13328627898"/>
    <nd ref="13328627897"/>
    <nd ref="13328627896"/>
    <nd ref="8981001154"/>
    <nd ref="8981001155"/>
    <nd ref="8981001157"/>
    <nd ref="8981001158"/>
    <nd ref="8981001159"/>
    <nd ref="1620666894"/>
    <nd ref="1058846232"/>
    <nd ref="8981001163"/>
    <nd ref="449547623"/>
    <nd ref="5063733457"/>
  </way>
  <way id="36194480" version="6" timestamp="2021-08-05T10:10:11Z" changeset="109192670" uid="159302" user="osmium">
    <nd ref="25125556"/>
    <nd ref="8981001186"/>
    <nd ref="8981001185"/>
    <nd ref="1052398999"/>
    <nd ref="8981001187"/>
    <nd ref="1052399101"/>
    <nd ref="8981001188"/>
    <nd ref="8981001189"/>
    <nd ref="1052399173"/>
    <nd ref="8981001190"/>
    <nd ref="8981001191"/>
    <nd ref="8981001192"/>
    <nd ref="8981001193"/>
    <nd ref="8981001194"/>
    <nd ref="1052399155"/>
    <nd ref="8981001195"/>
    <nd ref="8981001196"/>
    <nd ref="8982975133"/>
    <nd ref="1052398984"/>
    <nd ref="1052399041"/>
    <nd ref="8981001197"/>
    <nd ref="8981001198"/>
    <nd ref="1052398977"/>
    <nd ref="8982975134"/>
    <nd ref="1052399118"/>
    <nd ref="1052399028"/>
    <nd ref="8981001200"/>
    <nd ref="8981001201"/>
    <nd ref="8981001199"/>
    <nd ref="1052399190"/>
    <nd ref="8981001202"/>
    <nd ref="1052398947"/>
    <nd ref="8981001203"/>
    <nd ref="8981001204"/>
    <nd ref="8981001205"/>
    <nd ref="8981001206"/>
    <nd ref="1052399053"/>
    <nd ref="8981001207"/>
    <nd ref="1052399110"/>
    <nd ref="8981001208"/>
    <nd ref="8981001209"/>
    <nd ref="1056091384"/>
    <nd ref="8981001210"/>
    <nd ref="1052399216"/>
    <nd ref="8981001167"/>
    <nd ref="1056345784"/>
    <nd ref="8981001166"/>
    <nd ref="1056345563"/>
    <nd ref="1056345727"/>
    <nd ref="1056345464"/>
    <nd ref="1056345619"/>
    <nd ref="1056345772"/>
    <nd ref="1056345530"/>
    <nd ref="1056345729"/>
    <nd ref="1056345477"/>
    <nd ref="1056345554"/>
    <nd ref="1056345711"/>
    <nd ref="25125556"/>
    <tag k="leisure" v="park"/>
    <tag k="name" v="Sylvanderparken"/>
  </way>
  <way id="37732306" version="10" timestamp="2025-08-13T13:26:03Z" changeset="170389450" uid="12894177" user="Oltsi">
    <nd ref="265787082"/>
    <nd ref="1058849167"/>
    <nd ref="265787081"/>
    <tag k="highway" v="residential"/>
    <tag k="lit" v="yes"/>
    <tag k="maxspeed" v="30"/>
    <tag k="name" v="Klostergatan"/>
    <tag k="oneway" v="yes"/>
    <tag k="oneway:bicycle" v="no"/>
    <tag k="surface" v="asphalt"/>
  </way>
  <way id="37732307" version="13" timestamp="2025-08-13T13:26:22Z" changeset="170389450" uid="12894177" user="Oltsi">
    <nd ref="1865920781"/>
    <nd ref="442579812"/>
    <nd ref="442579814"/>
    <nd ref="442579815"/>
    <nd ref="442579802"/>
    <tag k="highway" v="residential"/>
    <tag k="lit" v="yes"/>
    <tag k="maxspeed" v="30"/>
    <tag k="name" v="Söderportsgatan"/>
    <tag k="oneway" v="yes"/>
    <tag k="oneway:bicycle" v="no"/>
    <tag k="surface" v="asphalt"/>
  </way>
  <way id="38177102" version="8" timestamp="2021-06-24T15:38:22Z" changeset="106909047" uid="159302" user="osmium">
    <nd ref="449547544"/>
    <nd ref="1081565683"/>
    <nd ref="449547547"/>
    <nd ref="1081565769"/>
    <nd ref="449547545"/>
    <nd ref="449547583"/>
    <nd ref="449547546"/>
    <tag k="highway" v="residential"/>
    <tag k="lit" v="yes"/>
    <tag k="maxspeed" v="30"/>
    <tag k="name" v="Vegagatan"/>
    <tag k="sidewalk" v="both"/>
    <tag k="surface" v="asphalt"/>
  </way>
  <way id="38177109" version="6" timestamp="2025-07-16T09:16:56Z" changeset="169002960" uid="156646" user="archie">
    <nd ref="13003869895"/>
    <nd ref="13003869898"/>
    <nd ref="13003869894"/>
    <nd ref="13003869897"/>
    <nd ref="13003914502"/>
    <nd ref="13003914501"/>
    <nd ref="13003914503"/>
    <nd ref="13003904943"/>
    <nd ref="13003904941"/>
    <nd ref="13003869896"/>
    <nd ref="13003904944"/>
    <nd ref="13003869892"/>
    <nd ref="13003869891"/>
    <nd ref="13003869900"/>
    <nd ref="13003869893"/>
    <nd ref="13003869890"/>
    <nd ref="13003869895"/>
    <tag k="landuse" v="village_green"/>
  </way>
  <way id="38177110" version="1" timestamp="2009-07-28T07:35:18Z" changeset="1961880" uid="12294" user="izzor">
    <nd ref="449547593"/>
    <nd ref="449547594"/>
    <tag k="highway" v="service"/>
    <tag k="name" v="Paters gränd"/>
    <tag k="service" v="alley"/>
    <tag k="surface" v="cobblestone"/>
  </way>
  <way id="38177111" version="1" timestamp="2009-07-28T07:35:18Z" changeset="1961880" uid="12294" user="izzor">
    <nd ref="449547596"/>
    <nd ref="449547598"/>
    <tag k="highway" v="service"/>
    <tag k="name" v="Vasagatan"/>
    <tag k="service" v="alley"/>
    <tag k="surface" v="cobblestone"/>
  </way>
  <way id="38177112" version="2" timestamp="2017-06-16T12:58:29Z" changeset="49591108" uid="12294" user="izzor">
    <nd ref="449547600"/>
    <nd ref="449547602"/>
    <nd ref="449547594"/>
    <nd ref="449547604"/>
    <nd ref="449547596"/>
    <nd ref="4918988046"/>
    <nd ref="449547606"/>
    <tag k="highway" v="service"/>
    <tag k="name" v="Gamla Kungsgatan"/>
    <tag k="service" v="alley"/>
    <tag k="surface" v="cobblestone"/>
  </way>
  <way id="38177113" version="8" timestamp="2025-07-16T18:49:14Z" changeset="169028452" uid="15888636" user="nomimono">
    <nd ref="1865920780"/>
    <nd ref="1081609986"/>
    <nd ref="449547606"/>
    <nd ref="1620666763"/>
    <tag k="highway" v="unclassified"/>
    <tag k="lane_markings" v="no"/>
    <tag k="maxspeed" v="30"/>
    <tag k="name" v="Österlånggatan"/>
    <tag k="surface" v="asphalt"/>
  </way>
  <way id="38177114" version="10" timestamp="2024-07-02T20:52:12Z" changeset="153476249" uid="2082188" user="Antissimo">
    <nd ref="442579809"/>
    <nd ref="442579808"/>
    <nd ref="1081610095"/>
    <nd ref="442579807"/>
    <nd ref="1080771041"/>
    <nd ref="442579806"/>
    <nd ref="1081565661"/>
    <nd ref="449547600"/>
    <nd ref="449547555"/>
    <nd ref="449547546"/>
    <nd ref="449547560"/>
    <tag k="highway" v="residential"/>
    <tag k="lit" v="yes"/>
    <tag k="maxspeed" v="30"/>
    <tag k="name" v="Västerlånggatan"/>
    <tag k="oneway" v="yes"/>
    <tag k="oneway:bicycle" v="no"/>
    <tag k="sidewalk" v="right"/>
    <tag k="surface" v="asphalt"/>
  </way>
  <way id="38315691" version="11" timestamp="2025-10-22T23:00:35Z" changeset="173649850" uid="23425228" user="Fabbe S">
    <nd ref="452382899"/>
    <nd ref="9654862241"/>
    <nd ref="9666774911"/>
    <nd ref="1065832555"/>
    <nd ref="1065832714"/>
    <nd ref="1065832632"/>
    <nd ref="7247198575"/>
    <nd ref="452382900"/>
    <nd ref="452382901"/>
    <nd ref="7282030697"/>
    <nd ref="7247260566"/>
    <nd ref="7247260547"/>
    <nd ref="452382903"/>
    <tag k="highway" v="unclassified"/>
    <tag k="lane_markings" v="no"/>
    <tag k="maxspeed" v="30"/>
    <tag k="name" v="Barlastgatan"/>
    <tag k="surface" v="asphalt"/>
  </way>
  <way id="41503202" version="9" timestamp="2024-07-02T20:52:12Z" changeset="153476249" uid="2082188" user="Antissimo">
    <nd ref="1865920781"/>
    <nd ref="1865920780"/>
    <nd ref="449547598"/>
    <nd ref="545889"/>
    <nd ref="449547593"/>
    <nd ref="442579806"/>
    <nd ref="1080770988"/>
    <nd ref="449547571"/>
    <nd ref="1080770787"/>
    <nd ref="449547585"/>
    <nd ref="545887"/>
    <nd ref="449547541"/>
    <nd ref="544843"/>
    <nd ref="544842"/>
    <tag k="highway" v="residential"/>
    <tag k="lit" v="yes"/>
    <tag k="maxspeed" v="30"/>
    <tag k="name" v="Kungsgatan"/>
    <tag k="oneway" v="yes"/>
    <tag k="oneway:bicycle" v="no"/>
    <tag k="surface" v="asphalt"/>
  </way>
  <way id="44397507" version="8" timestamp="2025-08-13T13:25:39Z" changeset="170389450" uid="12894177" user="Oltsi">
    <nd ref="449547610"/>
    <nd ref="265787082"/>
    <nd ref="1865920781"/>
    <tag k="highway" v="residential"/>
    <tag k="lit" v="yes"/>
    <tag k="maxspeed" v="30"/>
    <tag k="name" v="Kungsgatan"/>
    <tag k="oneway" v="yes"/>
    <tag k="oneway:bicycle" v="no"/>
    <tag k="surface" v="asphalt"/>
  </way>
  <way id="44397508" version="8" timestamp="2025-10-03T11:38:53Z" changeset="172786803" uid="15258988" user="physgeo">
    <nd ref="545834"/>
    <nd ref="1058847142"/>
    <nd ref="265787084"/>
    <nd ref="545842"/>
    <tag k="highway" v="service"/>
    <tag k="maxspeed" v="30"/>
    <tag k="name" v="Kungsgatan"/>
    <tag k="smoothness" v="intermediate"/>
    <tag k="surface" v="sett"/>
  </way>
  <way id="90613964" version="3" timestamp="2022-08-05T23:49:13Z" changeset="124542851" uid="39001" user="antonr">
    <nd ref="1051549654"/>
    <nd ref="1051549641"/>
    <nd ref="1051549983"/>
    <nd ref="9934716350"/>
    <nd ref="1051549848"/>
    <nd ref="1051550215"/>
    <nd ref="9934716351"/>
    <nd ref="9934716354"/>
    <nd ref="1051549610"/>
    <nd ref="1051550089"/>
    <nd ref="1051550122"/>
    <nd ref="9934716375"/>
    <nd ref="9934716372"/>
    <nd ref="1051550417"/>
    <nd ref="1051550315"/>
    <nd ref="1051549519"/>
    <nd ref="1051550500"/>
    <nd ref="9934716341"/>
    <nd ref="1051550379"/>
    <nd ref="1051550284"/>
    <nd ref="1051549486"/>
    <nd ref="1051550465"/>
    <nd ref="1051549676"/>
    <nd ref="1051549575"/>
    <nd ref="1051549907"/>
    <nd ref="1051549788"/>
    <nd ref="1051549502"/>
    <nd ref="1051550477"/>
    <nd ref="1051549686"/>
    <nd ref="1051550018"/>
    <nd ref="1051549580"/>
    <nd ref="9934716370"/>
    <nd ref="1051549654"/>
    <tag k="barrier" v="city_wall"/>
  </way>
  <way id="90613967" version="5" timestamp="2025-10-03T11:38:54Z" changeset="172786801" uid="15258988" user="physgeo">
    <nd ref="1051550407"/>
    <nd ref="1051549764"/>
    <nd ref="1051549603"/>
    <nd ref="1051550157"/>
    <nd ref="1051549946"/>
    <nd ref="1051550022"/>
    <nd ref="1051549839"/>
    <nd ref="9934716349"/>
    <nd ref="1051550350"/>
    <nd ref="1051549702"/>
    <nd ref="1051550254"/>
    <nd ref="1051550066"/>
    <nd ref="1051549470"/>
    <nd ref="1051549955"/>
    <nd ref="1051550434"/>
    <nd ref="1051549614"/>
    <nd ref="1051550407"/>
    <tag k="building" v="yes"/>
    <tag k="building:levels" v="3"/>
    <tag k="building:material" v="stone"/>
    <tag k="historic" v="yes"/>
  </way>
  <way id="90613970" version="3" timestamp="2022-08-05T23:49:13Z" changeset="124542851" uid="39001" user="antonr">
    <nd ref="1051550200"/>
    <nd ref="1051549832"/>
    <nd ref="1051550190"/>
    <nd ref="1051550065"/>
    <nd ref="1051550386"/>
    <nd ref="1051550289"/>
    <nd ref="1051549974"/>
    <nd ref="1051549850"/>
    <nd ref="9934716368"/>
    <nd ref="9934716355"/>
    <nd ref="1051550444"/>
    <nd ref="1051550094"/>
    <nd ref="1051549989"/>
    <nd ref="1051550320"/>
    <nd ref="1051550223"/>
    <nd ref="1051550502"/>
    <nd ref="1051550414"/>
    <nd ref="1051550125"/>
    <nd ref="1051549591"/>
    <nd ref="1051549997"/>
    <nd ref="1051550338"/>
    <nd ref="1051550233"/>
    <nd ref="1051550181"/>
    <nd ref="1051550283"/>
    <nd ref="1051549911"/>
    <nd ref="1051550051"/>
    <nd ref="1051549681"/>
    <nd ref="1051549793"/>
    <nd ref="1051550158"/>
    <nd ref="1051550264"/>
    <nd ref="1051549888"/>
    <nd ref="1051550028"/>
    <nd ref="1051549523"/>
    <nd ref="1051549710"/>
    <nd ref="1051550505"/>
    <nd ref="1051549537"/>
    <nd ref="1051550322"/>
    <nd ref="1051550418"/>
    <nd ref="1051550096"/>
    <nd ref="1051550316"/>
    <nd ref="1051550411"/>
    <nd ref="9934716347"/>
    <nd ref="1051550091"/>
    <nd ref="1051550220"/>
    <nd ref="1051550344"/>
    <nd ref="1051550433"/>
    <nd ref="1051549516"/>
    <nd ref="1051550024"/>
    <nd ref="1051549657"/>
    <nd ref="1051549782"/>
    <nd ref="1051550131"/>
    <nd ref="1051550236"/>
    <nd ref="1051549874"/>
    <nd ref="1051550010"/>
    <nd ref="1051549637"/>
    <nd ref="1051550388"/>
    <nd ref="9934716374"/>
    <nd ref="1051549473"/>
    <nd ref="1051549617"/>
    <nd ref="1051550339"/>
    <nd ref="1051549546"/>
    <nd ref="1051550200"/>
  </way>
  <way id="90613973" version="5" timestamp="2025-10-03T11:38:54Z" changeset="172786801" uid="15258988" user="physgeo">
    <nd ref="1051550385"/>
    <nd ref="1051550285"/>
    <nd ref="9934716338"/>
    <nd ref="9934716339"/>
    <nd ref="9934716340"/>
    <nd ref="1051549943"/>
    <nd ref="1051550059"/>
    <nd ref="1051549704"/>
    <nd ref="1051550255"/>
    <nd ref="1051550440"/>
    <nd ref="1051550162"/>
    <nd ref="1051550279"/>
    <nd ref="1051549905"/>
    <nd ref="1051550044"/>
    <nd ref="1051549673"/>
    <nd ref="1051549785"/>
    <nd ref="1051550135"/>
    <nd ref="1051550248"/>
    <nd ref="1051549644"/>
    <nd ref="1051549750"/>
    <nd ref="1051550385"/>
    <tag k="building" v="yes"/>
    <tag k="building:levels" v="3"/>
    <tag k="building:material" v="stone"/>
    <tag k="historic" v="yes"/>
  </way>
  <way id="90613975" version="8" timestamp="2026-06-08T10:56:42Z" changeset="183821705" uid="696816" user="DerJuergen">
    <nd ref="1051550281"/>
    <nd ref="1051549909"/>
    <nd ref="1051550508"/>
    <tag k="handrail" v="yes"/>
    <tag k="highway" v="steps"/>
    <tag k="incline" v="up"/>
    <tag k="ramp" v="no"/>
    <tag k="smoking" v="no"/>
    <tag k="step_count" v="21"/>
    <tag k="surface" v="sett"/>
    <tag k="tactile_paving" v="no"/>
  </way>
  <way id="90613977" version="5" timestamp="2025-10-03T11:38:54Z" changeset="172786801" uid="15258988" user="physgeo">
    <nd ref="1051549622"/>
    <nd ref="1051550183"/>
    <nd ref="1051550446"/>
    <nd ref="1051550377"/>
    <nd ref="1051549572"/>
    <nd ref="1051549483"/>
    <nd ref="1051550292"/>
    <nd ref="1051550197"/>
    <nd ref="1051550474"/>
    <nd ref="1051549867"/>
    <nd ref="1051549739"/>
    <nd ref="1051550128"/>
    <nd ref="1051549995"/>
    <nd ref="9934716382"/>
    <nd ref="1051549799"/>
    <nd ref="1051549683"/>
    <nd ref="1051549550"/>
    <nd ref="1051549622"/>
    <tag k="building" v="yes"/>
    <tag k="building:levels" v="3"/>
    <tag k="building:material" v="stone"/>
    <tag k="historic" v="yes"/>
  </way>
  <way id="90613981" version="6" timestamp="2025-11-24T17:37:13Z" changeset="175077728" uid="66965" user="urk">
    <nd ref="10837546567"/>
    <nd ref="1051550480"/>
    <nd ref="1051550404"/>
    <nd ref="1051549583"/>
    <nd ref="1051549505"/>
    <nd ref="1051549823"/>
    <nd ref="12553870262"/>
    <nd ref="12553870263"/>
    <nd ref="12553870264"/>
    <nd ref="12553870265"/>
    <nd ref="12553870266"/>
    <nd ref="12553870267"/>
    <nd ref="12553870268"/>
    <nd ref="12553870269"/>
    <nd ref="1051549745"/>
    <tag k="highway" v="footway"/>
    <tag k="smoking" v="no"/>
    <tag k="smoothness" v="good"/>
    <tag k="surface" v="compacted"/>
  </way>
  <way id="90613982" version="3" timestamp="2025-11-24T17:37:13Z" changeset="175077728" uid="66965" user="urk">
    <nd ref="1051550508"/>
    <nd ref="1051550472"/>
    <nd ref="1051549864"/>
    <nd ref="1051550227"/>
    <nd ref="1051550115"/>
    <nd ref="1051549745"/>
    <tag k="highway" v="footway"/>
    <tag k="smoking" v="no"/>
    <tag k="surface" v="grass"/>
  </way>
  <way id="90613986" version="3" timestamp="2023-04-24T16:59:02Z" changeset="135310933" uid="17921090" user="541074">
    <nd ref="1051549968"/>
    <nd ref="1051550307"/>
    <tag k="highway" v="footway"/>
    <tag k="layer" v="-1"/>
    <tag k="surface" v="sett"/>
    <tag k="tunnel" v="yes"/>
  </way>
  <way id="90613989" version="3" timestamp="2023-04-24T16:59:00Z" changeset="135310933" uid="17921090" user="541074">
    <nd ref="1051550122"/>
    <nd ref="1051549938"/>
    <nd ref="1051549968"/>
    <tag k="highway" v="footway"/>
    <tag k="surface" v="sett"/>
  </way>
  <way id="90613990" version="3" timestamp="2025-11-24T17:37:13Z" changeset="175077728" uid="66965" user="urk">
    <nd ref="1051550281"/>
    <nd ref="1051549610"/>
    <nd ref="1051550164"/>
    <nd ref="1051550056"/>
    <nd ref="1051549938"/>
    <tag k="highway" v="footway"/>
    <tag k="smoking" v="no"/>
    <tag k="surface" v="pebblestone"/>
  </way>
  <way id="90613993" version="4" timestamp="2025-11-24T17:37:13Z" changeset="175077728" uid="66965" user="urk">
    <nd ref="1051550307"/>
    <nd ref="1051549914"/>
    <nd ref="9934716369"/>
    <tag k="highway" v="footway"/>
    <tag k="smoking" v="no"/>
    <tag k="surface" v="stone"/>
  </way>
  <way id="90613995" version="4" timestamp="2025-11-24T17:37:13Z" changeset="175077728" uid="66965" user="urk">
    <nd ref="1051550056"/>
    <nd ref="1051550186"/>
    <nd ref="1051550468"/>
    <nd ref="1051550382"/>
    <nd ref="1051550250"/>
    <nd ref="13328627895"/>
    <nd ref="1051550154"/>
    <nd ref="1051550421"/>
    <nd ref="9934716348"/>
    <nd ref="1051550347"/>
    <nd ref="1051549544"/>
    <tag k="highway" v="footway"/>
    <tag k="smoking" v="no"/>
    <tag k="surface" v="pebblestone"/>
  </way>
  <way id="90613999" version="2" timestamp="2023-04-24T16:59:12Z" changeset="135310933" uid="17921090" user="541074">
    <nd ref="1051549544"/>
    <nd ref="1051549465"/>
    <tag k="highway" v="footway"/>
    <tag k="layer" v="-1"/>
    <tag k="surface" v="pebblestone"/>
    <tag k="tunnel" v="yes"/>
  </way>
  <way id="90614008" version="1" timestamp="2010-12-20T13:26:29Z" changeset="6715960" uid="324579" user="HaH">
    <nd ref="1051550254"/>
    <nd ref="1051549970"/>
    <tag k="barrier" v="city_wall"/>
  </way>
  <way id="90614009" version="1" timestamp="2010-12-20T13:26:29Z" changeset="6715960" uid="324579" user="HaH">
    <nd ref="1051550385"/>
    <nd ref="1051549867"/>
    <tag k="barrier" v="city_wall"/>
  </way>
  <way id="90614013" version="2" timestamp="2022-08-05T23:49:13Z" changeset="124542851" uid="39001" user="antonr">
    <nd ref="1051549995"/>
    <nd ref="1051549625"/>
    <nd ref="265787093"/>
    <nd ref="1051549719"/>
    <nd ref="1051549946"/>
    <tag k="barrier" v="city_wall"/>
  </way>
  <way id="90614014" version="4" timestamp="2025-11-24T17:37:13Z" changeset="175077728" uid="66965" user="urk">
    <nd ref="265787093"/>
    <nd ref="9934716410"/>
    <nd ref="9934716407"/>
    <nd ref="9934716409"/>
    <nd ref="9934716406"/>
    <nd ref="9934716408"/>
    <nd ref="9934716411"/>
    <nd ref="1051550122"/>
    <tag k="highway" v="footway"/>
    <tag k="layer" v="-1"/>
    <tag k="smoking" v="no"/>
    <tag k="surface" v="stone"/>
    <tag k="tunnel" v="yes"/>
  </way>
  <way id="90614021" version="4" timestamp="2025-11-24T17:37:13Z" changeset="175077728" uid="66965" user="urk">
    <nd ref="1051549465"/>
    <nd ref="9934716344"/>
    <nd ref="1051549724"/>
    <nd ref="9934716345"/>
    <nd ref="1051549636"/>
    <nd ref="9934716343"/>
    <nd ref="1051550442"/>
    <nd ref="9934716346"/>
    <nd ref="9934716342"/>
    <nd ref="1051550361"/>
    <nd ref="1051549558"/>
    <nd ref="1051549480"/>
    <nd ref="1051549759"/>
    <nd ref="1051549650"/>
    <nd ref="1051550015"/>
    <nd ref="1051549881"/>
    <nd ref="1051550231"/>
    <nd ref="1051550118"/>
    <nd ref="1051550420"/>
    <nd ref="1051550336"/>
    <nd ref="1051549539"/>
    <nd ref="1051550510"/>
    <nd ref="1051549715"/>
    <tag k="highway" v="footway"/>
    <tag k="smoking" v="no"/>
    <tag k="surface" v="pebblestone"/>
  </way>
  <way id="90614025" version="1" timestamp="2010-12-20T13:26:30Z" changeset="6715960" uid="324579" user="HaH">
    <nd ref="1051549956"/>
    <nd ref="1051549605"/>
    <nd ref="1051550255"/>
    <tag k="barrier" v="city_wall"/>
  </way>
  <way id="90614026" version="4" timestamp="2025-10-03T11:38:54Z" changeset="172786801" uid="15258988" user="physgeo">
    <nd ref="1051549970"/>
    <nd ref="1051549803"/>
    <nd ref="1051549877"/>
    <nd ref="1051549756"/>
    <nd ref="1051549956"/>
    <nd ref="1051549478"/>
    <nd ref="1051549510"/>
    <nd ref="1051550497"/>
    <nd ref="1051549689"/>
    <nd ref="1051549587"/>
    <nd ref="1051549949"/>
    <nd ref="1051549826"/>
    <nd ref="1051549534"/>
    <nd ref="1051550503"/>
    <nd ref="1051549708"/>
    <nd ref="1051549970"/>
    <tag k="building" v="yes"/>
    <tag k="building:levels" v="3"/>
    <tag k="building:material" v="stone"/>
    <tag k="historic" v="yes"/>
  </way>
  <way id="90614029" version="3" timestamp="2022-08-05T23:49:13Z" changeset="124542851" uid="39001" user="antonr">
    <nd ref="1051549757"/>
    <nd ref="9934716369"/>
    <nd ref="1051550311"/>
    <nd ref="1051549513"/>
    <nd ref="9934716366"/>
    <nd ref="1051550483"/>
    <nd ref="9934716364"/>
    <nd ref="9934716363"/>
    <nd ref="1051550374"/>
    <nd ref="5930135805"/>
    <nd ref="5930135804"/>
    <nd ref="1051549757"/>
  </way>
  <way id="90822660" version="19" timestamp="2026-06-28T16:19:56Z" changeset="184749348" uid="83501" user="riiga">
    <nd ref="1054415276"/>
    <nd ref="1054415455"/>
    <nd ref="25125467"/>
    <nd ref="1054415582"/>
    <nd ref="1054415159"/>
    <nd ref="25125469"/>
    <nd ref="1054415355"/>
    <nd ref="25125470"/>
    <nd ref="25125471"/>
    <nd ref="1054415006"/>
    <nd ref="1054414939"/>
    <nd ref="1054415647"/>
    <nd ref="1085294000"/>
    <nd ref="1085293921"/>
    <nd ref="1085293934"/>
    <nd ref="1085293983"/>
    <nd ref="1085293906"/>
    <nd ref="1085293962"/>
    <nd ref="1085293999"/>
    <nd ref="1085293973"/>
    <nd ref="25125472"/>
    <nd ref="1054415223"/>
    <nd ref="1054415071"/>
    <nd ref="1054415878"/>
    <nd ref="1054415426"/>
    <nd ref="1054415477"/>
    <nd ref="25125473"/>
    <nd ref="1054414903"/>
    <nd ref="1054414827"/>
    <nd ref="1054415542"/>
    <nd ref="1054415722"/>
    <nd ref="25125474"/>
    <nd ref="1054415317"/>
    <nd ref="1054415397"/>
    <nd ref="1054414965"/>
    <nd ref="1054415821"/>
    <nd ref="1054415128"/>
    <nd ref="25125475"/>
    <nd ref="1054415613"/>
    <nd ref="1054415452"/>
    <nd ref="1054415915"/>
    <nd ref="1054415265"/>
    <nd ref="1054415192"/>
    <nd ref="25125476"/>
    <nd ref="1054415608"/>
    <nd ref="1054414859"/>
    <nd ref="25125477"/>
    <nd ref="1054415673"/>
    <nd ref="25125478"/>
    <nd ref="1054414963"/>
    <nd ref="6690368335"/>
    <nd ref="1054415178"/>
    <nd ref="1054415391"/>
    <nd ref="1054415367"/>
    <nd ref="1054415802"/>
    <nd ref="1054415440"/>
    <nd ref="25125488"/>
    <nd ref="1054415018"/>
    <nd ref="25125489"/>
    <nd ref="1054415173"/>
    <nd ref="1054415896"/>
    <nd ref="25125490"/>
    <nd ref="1054414839"/>
    <nd ref="25125491"/>
    <nd ref="1054415488"/>
    <nd ref="1054415660"/>
    <nd ref="1054415243"/>
    <nd ref="1054415330"/>
    <nd ref="25125492"/>
    <nd ref="1054415838"/>
    <nd ref="1054415751"/>
    <nd ref="1054415079"/>
    <nd ref="1054414915"/>
    <nd ref="25125493"/>
    <nd ref="1054415557"/>
    <nd ref="1054415406"/>
    <nd ref="25125494"/>
    <nd ref="1054415201"/>
    <nd ref="1054415138"/>
    <nd ref="25125495"/>
    <nd ref="1054415928"/>
    <nd ref="1054414982"/>
    <nd ref="25125496"/>
    <nd ref="1054415628"/>
    <nd ref="1054415702"/>
    <nd ref="1054415280"/>
    <nd ref="1054415459"/>
    <nd ref="1054415047"/>
    <nd ref="1054415721"/>
    <nd ref="1054415309"/>
    <nd ref="1054415476"/>
    <nd ref="1054415065"/>
    <nd ref="1054415126"/>
    <nd ref="1054414900"/>
    <nd ref="1054415819"/>
    <nd ref="25125497"/>
    <nd ref="2188687839"/>
    <nd ref="2188688045"/>
    <nd ref="25125498"/>
    <nd ref="1054415611"/>
    <nd ref="1054415538"/>
    <nd ref="25125499"/>
    <nd ref="1054415190"/>
    <nd ref="1054414964"/>
    <nd ref="1054415394"/>
    <nd ref="1054415036"/>
    <nd ref="1054415680"/>
    <nd ref="1054415914"/>
    <nd ref="1054415450"/>
    <nd ref="1054415097"/>
    <nd ref="1054415502"/>
    <nd ref="1054415261"/>
    <nd ref="25125500"/>
    <nd ref="1054415754"/>
    <nd ref="1054415246"/>
    <nd ref="1054415442"/>
    <nd ref="1054415022"/>
    <nd ref="1054415081"/>
    <nd ref="25125501"/>
    <nd ref="1054414854"/>
    <nd ref="25125502"/>
    <nd ref="25125503"/>
    <nd ref="25125504"/>
    <nd ref="1054414984"/>
    <nd ref="1054415145"/>
    <nd ref="1054414921"/>
    <nd ref="1054415332"/>
    <nd ref="1054415560"/>
    <nd ref="25125505"/>
    <nd ref="1054415489"/>
    <nd ref="1054415845"/>
    <nd ref="1054415629"/>
    <nd ref="25125506"/>
    <nd ref="1054415515"/>
    <nd ref="1054414878"/>
    <nd ref="1054415943"/>
    <nd ref="1054415410"/>
    <nd ref="1054415202"/>
    <nd ref="1054415048"/>
    <nd ref="1054415460"/>
    <nd ref="1054415363"/>
    <nd ref="1054415287"/>
    <nd ref="1054415706"/>
    <nd ref="1054415112"/>
    <nd ref="1054414941"/>
    <nd ref="25125507"/>
    <nd ref="1054415237"/>
    <nd ref="1054415434"/>
    <nd ref="1054415886"/>
    <nd ref="1054415794"/>
    <nd ref="1054415169"/>
    <nd ref="1054415588"/>
    <nd ref="25125508"/>
    <nd ref="1054415009"/>
    <nd ref="1054415651"/>
    <nd ref="1054414829"/>
    <nd ref="1054415483"/>
    <nd ref="1054415324"/>
    <nd ref="1054415729"/>
    <nd ref="1054415550"/>
    <nd ref="1054415131"/>
    <nd ref="1054415074"/>
    <nd ref="1054414910"/>
    <nd ref="1054415824"/>
    <nd ref="1054415438"/>
    <nd ref="1054415892"/>
    <nd ref="1054415654"/>
    <nd ref="4393924684"/>
    <nd ref="4393924683"/>
    <nd ref="1054415014"/>
    <nd ref="4393924680"/>
    <nd ref="4393924681"/>
    <nd ref="4393924678"/>
    <nd ref="25125509"/>
    <nd ref="4393924679"/>
    <nd ref="4393924682"/>
    <nd ref="1054415487"/>
    <nd ref="1054415078"/>
    <nd ref="1054414914"/>
    <nd ref="1054415241"/>
    <nd ref="1054414836"/>
    <nd ref="1077770636"/>
    <nd ref="4393924686"/>
    <nd ref="1077770639"/>
    <nd ref="1077770558"/>
    <nd ref="25125510"/>
    <nd ref="25125511"/>
    <nd ref="1054415555"/>
    <nd ref="1054415328"/>
    <nd ref="1054415744"/>
    <nd ref="25125512"/>
    <nd ref="25125513"/>
    <nd ref="8143356956"/>
    <nd ref="25125514"/>
    <nd ref="1054414970"/>
    <nd ref="1054415135"/>
    <nd ref="1054415404"/>
    <nd ref="25125515"/>
    <nd ref="1054415829"/>
    <nd ref="1054415924"/>
    <nd ref="25125516"/>
    <nd ref="1054415457"/>
    <nd ref="1054415626"/>
    <nd ref="1054415278"/>
    <nd ref="1054415199"/>
    <nd ref="1054415360"/>
    <nd ref="1054415788"/>
    <nd ref="1054414862"/>
    <nd ref="1054415699"/>
    <nd ref="1054415043"/>
    <nd ref="25125517"/>
    <nd ref="1054415513"/>
    <nd ref="1054415109"/>
    <nd ref="25125518"/>
    <nd ref="1054415008"/>
    <nd ref="1054415433"/>
    <nd ref="1054415225"/>
    <nd ref="1054415649"/>
    <nd ref="1054414940"/>
    <nd ref="1054415584"/>
    <nd ref="1054415882"/>
    <nd ref="1054415166"/>
    <nd ref="1054415073"/>
    <nd ref="25125519"/>
    <nd ref="1054415726"/>
    <nd ref="25125520"/>
    <nd ref="25125521"/>
    <nd ref="25125522"/>
    <nd ref="25125523"/>
    <nd ref="25125524"/>
    <nd ref="1052399180"/>
    <nd ref="1052399137"/>
    <nd ref="25125525"/>
    <nd ref="1052398956"/>
    <nd ref="25125526"/>
    <nd ref="1052399044"/>
    <nd ref="1052399102"/>
    <nd ref="1052399218"/>
    <nd ref="1052399143"/>
    <nd ref="1052399017"/>
    <nd ref="1052399089"/>
    <nd ref="25125527"/>
    <nd ref="251308175"/>
    <nd ref="1052399111"/>
    <nd ref="251308176"/>
    <nd ref="1052399183"/>
    <nd ref="251308177"/>
    <nd ref="1052398996"/>
    <nd ref="1052399057"/>
    <nd ref="251308178"/>
    <nd ref="1052399043"/>
    <nd ref="1052398961"/>
    <nd ref="251308179"/>
    <nd ref="1052399020"/>
    <nd ref="251308180"/>
    <nd ref="1674642173"/>
    <nd ref="1674642172"/>
    <nd ref="1052399069"/>
    <nd ref="251308181"/>
    <nd ref="25125539"/>
    <nd ref="8143806455"/>
    <nd ref="8143806463"/>
    <nd ref="25125540"/>
    <nd ref="25125541"/>
    <nd ref="428743226"/>
    <nd ref="251307345"/>
    <nd ref="418600583"/>
    <nd ref="1056091254"/>
    <nd ref="1057356479"/>
    <nd ref="418600585"/>
    <nd ref="1056091370"/>
    <nd ref="1674642175"/>
    <nd ref="1056091202"/>
    <nd ref="251307347"/>
    <nd ref="1057356343"/>
    <nd ref="1057356277"/>
    <nd ref="251307348"/>
    <nd ref="1057356414"/>
    <nd ref="1057356524"/>
    <nd ref="251307349"/>
    <nd ref="251307350"/>
    <nd ref="251307351"/>
    <nd ref="251307352"/>
    <nd ref="1057356451"/>
    <nd ref="251307353"/>
    <nd ref="1057356554"/>
    <nd ref="251307354"/>
    <nd ref="1057356368"/>
    <nd ref="251307355"/>
    <nd ref="251307356"/>
    <nd ref="251307357"/>
    <nd ref="1052399037"/>
    <nd ref="13972580195"/>
    <nd ref="1052398952"/>
    <nd ref="13972580194"/>
    <nd ref="13972580193"/>
    <nd ref="251307358"/>
    <nd ref="251307359"/>
    <nd ref="1052398938"/>
    <nd ref="1052399160"/>
    <nd ref="251307360"/>
    <nd ref="251307361"/>
    <nd ref="251307362"/>
    <nd ref="251307363"/>
    <nd ref="1052399073"/>
    <nd ref="2016924647"/>
    <nd ref="251307364"/>
    <nd ref="8960244133"/>
    <nd ref="6869021962"/>
    <nd ref="1052398972"/>
    <nd ref="8960244132"/>
    <nd ref="8960244131"/>
    <nd ref="1052399003"/>
    <nd ref="251307365"/>
    <nd ref="8960244130"/>
    <nd ref="8960244129"/>
    <nd ref="6869021964"/>
    <nd ref="8960244128"/>
    <nd ref="251307366"/>
    <nd ref="8960244127"/>
    <nd ref="251307367"/>
    <nd ref="6869021963"/>
    <nd ref="8960244126"/>
    <nd ref="1052399049"/>
    <nd ref="251307368"/>
    <nd ref="8960244125"/>
    <nd ref="251307375"/>
    <nd ref="8960244124"/>
    <nd ref="251307376"/>
    <nd ref="8960244122"/>
    <nd ref="8960244123"/>
    <nd ref="251307377"/>
    <nd ref="8960244121"/>
    <nd ref="8960244120"/>
    <nd ref="6869021965"/>
    <nd ref="6869021966"/>
    <nd ref="8960244119"/>
    <nd ref="6869021967"/>
    <nd ref="251307378"/>
    <nd ref="8960244118"/>
    <nd ref="251307379"/>
    <nd ref="8960244117"/>
    <nd ref="6869021968"/>
    <nd ref="8960238616"/>
    <nd ref="8681023750"/>
    <nd ref="251307380"/>
    <nd ref="6869021969"/>
    <nd ref="1052398987"/>
    <nd ref="6869021970"/>
    <nd ref="251307381"/>
    <nd ref="6869021971"/>
    <nd ref="251307382"/>
    <nd ref="251307383"/>
    <nd ref="8960238615"/>
    <nd ref="8960238614"/>
    <nd ref="8960238613"/>
    <nd ref="8960238612"/>
    <nd ref="6869021941"/>
    <nd ref="6869021942"/>
    <nd ref="6869021940"/>
    <nd ref="1053628752"/>
    <nd ref="1053628781"/>
    <nd ref="6869021947"/>
    <nd ref="6869021946"/>
    <nd ref="6869021945"/>
    <nd ref="6869021948"/>
    <nd ref="6869021944"/>
    <nd ref="6869021943"/>
    <nd ref="251307393"/>
    <nd ref="251307394"/>
    <nd ref="251307395"/>
    <nd ref="251307396"/>
    <nd ref="251307397"/>
    <nd ref="251307398"/>
    <nd ref="251307399"/>
    <nd ref="9386607777"/>
    <nd ref="251307400"/>
    <nd ref="1053628776"/>
    <nd ref="9386607778"/>
    <nd ref="9386607779"/>
    <nd ref="251307401"/>
    <nd ref="9386607780"/>
    <nd ref="9386607781"/>
    <nd ref="9386607776"/>
    <nd ref="251307402"/>
    <nd ref="9386607772"/>
    <nd ref="9386607773"/>
    <nd ref="251307403"/>
    <nd ref="9386607770"/>
    <nd ref="450675518"/>
    <nd ref="9386607766"/>
    <nd ref="9386607767"/>
    <nd ref="9386607768"/>
    <nd ref="9386607769"/>
    <nd ref="9386607764"/>
    <nd ref="9386607763"/>
    <nd ref="9386607762"/>
    <nd ref="450675519"/>
    <nd ref="9386607760"/>
    <nd ref="9386607761"/>
    <nd ref="251307404"/>
    <nd ref="251307405"/>
    <nd ref="9386607759"/>
    <nd ref="251307406"/>
    <nd ref="251307407"/>
    <nd ref="251307408"/>
    <nd ref="9386607752"/>
    <nd ref="9386607751"/>
    <nd ref="251307409"/>
    <nd ref="251307410"/>
    <nd ref="9386607750"/>
    <nd ref="1054206000"/>
    <nd ref="251307411"/>
    <nd ref="9386607747"/>
    <nd ref="251307412"/>
    <nd ref="9386607749"/>
    <nd ref="1054205625"/>
    <nd ref="9386607748"/>
    <nd ref="1054205427"/>
    <nd ref="1054205329"/>
    <nd ref="25123847"/>
    <tag k="natural" v="coastline"/>
  </way>
  <way id="90831117" version="2" timestamp="2016-04-23T13:59:54Z" changeset="38813722" uid="13957" user="Grillo">
    <nd ref="1054496925"/>
    <nd ref="1054496973"/>
    <nd ref="1054496970"/>
    <nd ref="1054496977"/>
    <nd ref="1054496979"/>
    <nd ref="1054496924"/>
    <nd ref="1054496938"/>
    <nd ref="1054496897"/>
    <nd ref="1054496933"/>
    <nd ref="1054496965"/>
    <nd ref="1054496972"/>
    <nd ref="1054496967"/>
    <nd ref="1054496925"/>
    <tag k="natural" v="coastline"/>
    <tag k="place" v="islet"/>
    <tag k="source" v="PGS(could be inacurately)"/>
  </way>
  <way id="90965001" version="6" timestamp="2026-06-27T19:08:50Z" changeset="184709014" uid="83501" user="riiga">
    <nd ref="13971024430"/>
    <nd ref="1056091369"/>
    <nd ref="1056091321"/>
    <nd ref="1056091315"/>
    <nd ref="1056091263"/>
    <nd ref="4365887754"/>
    <nd ref="13971024431"/>
    <nd ref="1056091215"/>
    <nd ref="1056091387"/>
    <nd ref="1056091245"/>
    <nd ref="4365887755"/>
    <nd ref="3102499388"/>
    <nd ref="3102499389"/>
    <nd ref="13971024438"/>
    <nd ref="13971024439"/>
    <nd ref="13971024440"/>
    <nd ref="1056091355"/>
    <nd ref="13971024441"/>
    <nd ref="13971024442"/>
    <nd ref="1056091308"/>
    <nd ref="1056091258"/>
    <nd ref="1056091207"/>
    <nd ref="13971024429"/>
    <nd ref="13971024430"/>
    <tag k="access" v="yes"/>
    <tag k="amenity" v="parking"/>
    <tag k="fee" v="no"/>
    <tag k="fee:conditional" v="yes @ Mo-Sa 09:00-15:00"/>
    <tag k="parking" v="surface"/>
  </way>
  <way id="90977141" version="2" timestamp="2016-04-23T14:00:09Z" changeset="38813722" uid="13957" user="Grillo">
    <nd ref="1056345574"/>
    <nd ref="1056345738"/>
    <nd ref="1056345628"/>
    <nd ref="1056345465"/>
    <nd ref="1056345773"/>
    <nd ref="1056345692"/>
    <nd ref="1056345603"/>
    <nd ref="1056345789"/>
    <nd ref="1056345736"/>
    <nd ref="1056345626"/>
    <nd ref="1056345538"/>
    <nd ref="1056345771"/>
    <nd ref="1056345690"/>
    <nd ref="1056345601"/>
    <nd ref="1056345574"/>
    <tag k="name" v="Slottsfjärden"/>
    <tag k="natural" v="coastline"/>
    <tag k="place" v="islet"/>
  </way>
  <way id="90977144" version="4" timestamp="2021-04-09T19:44:24Z" changeset="102667383" uid="159302" user="osmium">
    <nd ref="1056345670"/>
    <nd ref="8613110247"/>
    <nd ref="8613110246"/>
    <nd ref="1056345630"/>
    <nd ref="1056345509"/>
    <nd ref="8613110242"/>
    <nd ref="8613110243"/>
    <nd ref="1056345663"/>
    <nd ref="1056345522"/>
    <nd ref="1056345790"/>
    <nd ref="8613110244"/>
    <nd ref="8613110245"/>
    <nd ref="1056345585"/>
    <nd ref="1056345670"/>
    <tag k="building" v="yes"/>
  </way>
  <way id="90977148" version="8" timestamp="2021-08-05T10:10:11Z" changeset="109192670" uid="159302" user="osmium">
    <nd ref="1056345756"/>
    <nd ref="1056345652"/>
    <nd ref="1057356550"/>
    <nd ref="1056345570"/>
    <nd ref="1056345485"/>
    <nd ref="1056345714"/>
    <nd ref="1056345615"/>
    <nd ref="1056345496"/>
    <nd ref="1056345798"/>
    <tag k="bicycle" v="designated"/>
    <tag k="foot" v="designated"/>
    <tag k="highway" v="cycleway"/>
    <tag k="lit" v="yes"/>
    <tag k="segregated" v="no"/>
    <tag k="surface" v="paved"/>
  </way>
  <way id="90977152" version="7" timestamp="2021-08-05T10:10:11Z" changeset="109192670" uid="159302" user="osmium">
    <nd ref="1056345763"/>
    <nd ref="7707545597"/>
    <nd ref="1056345515"/>
    <nd ref="1056345795"/>
    <nd ref="1056345756"/>
    <tag k="highway" v="footway"/>
    <tag k="lit" v="yes"/>
    <tag k="surface" v="fine_gravel"/>
  </way>
  <way id="90977153" version="2" timestamp="2021-08-05T10:10:11Z" changeset="109192670" uid="159302" user="osmium">
    <nd ref="1056345669"/>
    <nd ref="1056345584"/>
    <nd ref="1056345570"/>
    <tag k="highway" v="footway"/>
    <tag k="lit" v="yes"/>
  </way>
  <way id="90977162" version="5" timestamp="2021-08-04T20:40:35Z" changeset="109163995" uid="159302" user="osmium">
    <nd ref="1056345607"/>
    <nd ref="1057356260"/>
    <nd ref="1057356342"/>
    <nd ref="1057356411"/>
    <nd ref="1057356421"/>
    <nd ref="1057356543"/>
    <nd ref="1057356604"/>
    <nd ref="1057356317"/>
    <nd ref="1057356475"/>
    <nd ref="1057356573"/>
    <nd ref="1057356286"/>
    <nd ref="1057356360"/>
    <nd ref="1057356365"/>
    <nd ref="1057356446"/>
    <nd ref="1056345607"/>
    <nd ref="1056345768"/>
    <nd ref="1056345671"/>
    <nd ref="8981001178"/>
    <nd ref="1056345665"/>
    <nd ref="7707545596"/>
    <tag k="highway" v="footway"/>
    <tag k="surface" v="fine_gravel"/>
  </way>
  <way id="90977168" version="1" timestamp="2010-12-22T10:08:34Z" changeset="6733780" uid="324579" user="HaH">
    <nd ref="1056345802"/>
    <nd ref="1056345766"/>
    <tag k="bridge" v="yes"/>
    <tag k="highway" v="footway"/>
    <tag k="layer" v="1"/>
  </way>
  <way id="91053140" version="1" timestamp="2010-12-22T18:34:29Z" changeset="6738384" uid="324579" user="HaH">
    <nd ref="1056345607"/>
    <nd ref="545844"/>
    <tag k="highway" v="footway"/>
  </way>
  <way id="91222116" version="9" timestamp="2026-08-13T06:22:32Z" changeset="187371753" uid="2256461" user="bagis">
    <nd ref="1058848536"/>
    <nd ref="1068170142"/>
    <nd ref="1068170645"/>
    <nd ref="1058848920"/>
    <nd ref="8143821220"/>
    <nd ref="1058849113"/>
    <nd ref="8143821221"/>
    <nd ref="1058846653"/>
    <nd ref="1058848536"/>
    <tag k="addr:city" v="Kalmar"/>
    <tag k="addr:country" v="SE"/>
    <tag k="addr:postcode" v="39233"/>
    <tag k="addr:street" v="Slottsvägen 6"/>
    <tag k="amenity" v="restaurant"/>
    <tag k="building" v="retail"/>
    <tag k="email" v="info@byttaniparken.se"/>
    <tag k="name" v="Byttan"/>
    <tag k="opening_hours" v="Tu,Th 11:00-17:00; We,Fr,Sa 11:00+; Su 11:00-20:00"/>
    <tag k="outdoor_seating" v="yes"/>
    <tag k="toilets" v="yes"/>
    <tag k="website" v="https://www.byttaniparken.se/"/>
  </way>
  <way id="91222137" version="6" timestamp="2026-08-13T06:22:32Z" changeset="187371753" uid="2256461" user="bagis">
    <nd ref="1058848871"/>
    <nd ref="7823774118"/>
    <nd ref="1804176209"/>
    <nd ref="1058848822"/>
    <nd ref="1804176212"/>
    <nd ref="1058846180"/>
    <nd ref="1058846470"/>
    <nd ref="1058847625"/>
    <nd ref="1804176227"/>
    <nd ref="1058846597"/>
    <nd ref="1058847771"/>
    <nd ref="1804176234"/>
    <nd ref="1058848157"/>
    <nd ref="14091251789"/>
    <nd ref="1058849263"/>
    <tag k="highway" v="footway"/>
    <tag k="surface" v="fine_gravel"/>
  </way>
  <way id="91222140" version="5" timestamp="2025-11-24T17:37:13Z" changeset="175077728" uid="66965" user="urk">
    <nd ref="265787085"/>
    <nd ref="1081644701"/>
    <nd ref="265787087"/>
    <tag k="bridge" v="yes"/>
    <tag k="highway" v="footway"/>
    <tag k="layer" v="1"/>
    <tag k="smoking" v="no"/>
    <tag k="surface" v="wood"/>
  </way>
  <way id="91222164" version="5" timestamp="2021-06-29T17:07:26Z" changeset="107161324" uid="159302" user="osmium">
    <nd ref="1058846920"/>
    <nd ref="1058848815"/>
    <nd ref="1058846114"/>
    <nd ref="1058847579"/>
    <nd ref="1058848119"/>
    <nd ref="1674642174"/>
    <nd ref="1058848490"/>
    <nd ref="1058849206"/>
    <nd ref="1058847728"/>
    <nd ref="1804176206"/>
    <nd ref="1804176207"/>
    <tag k="highway" v="footway"/>
    <tag k="lit" v="yes"/>
    <tag k="surface" v="fine_gravel"/>
  </way>
  <way id="91222172" version="3" timestamp="2020-11-19T20:13:43Z" changeset="94459151" uid="159302" user="osmium">
    <nd ref="1058849263"/>
    <nd ref="1804176265"/>
    <nd ref="8143821217"/>
    <nd ref="8143821218"/>
    <nd ref="1058849203"/>
    <tag k="highway" v="service"/>
    <tag k="service" v="driveway"/>
  </way>
  <way id="91222187" version="4" timestamp="2018-09-21T09:41:12Z" changeset="62790323" uid="12294" user="izzor">
    <nd ref="1058847331"/>
    <nd ref="1058847100"/>
    <nd ref="1058848388"/>
    <nd ref="1058846498"/>
    <nd ref="1058847331"/>
    <tag k="addr:city" v="Kalmar"/>
    <tag k="addr:country" v="SE"/>
    <tag k="addr:housenumber" v="2"/>
    <tag k="addr:postcode" v="39233"/>
    <tag k="addr:street" v="Slottsvägen"/>
    <tag k="building" v="yes"/>
  </way>
  <way id="91222214" version="5" timestamp="2024-05-02T07:56:44Z" changeset="150780712" uid="716217" user="novabeat">
    <nd ref="1058847403"/>
    <nd ref="8981001156"/>
    <nd ref="1058848072"/>
    <nd ref="1058847008"/>
    <nd ref="1058848214"/>
    <nd ref="1519885215"/>
    <nd ref="1058848565"/>
    <nd ref="1804176270"/>
    <nd ref="1804176274"/>
    <nd ref="1058848099"/>
    <nd ref="1058847197"/>
    <nd ref="1058848527"/>
    <nd ref="1058848751"/>
    <nd ref="1058849290"/>
    <nd ref="1058848180"/>
    <tag k="highway" v="footway"/>
    <tag k="surface" v="fine_gravel"/>
  </way>
  <way id="91561851" version="4" timestamp="2025-05-24T12:55:21Z" changeset="166696346" uid="20259094" user="MtbBob">
    <nd ref="1063737684"/>
    <nd ref="1063737585"/>
    <nd ref="1063737682"/>
    <nd ref="1063737530"/>
    <nd ref="1063737644"/>
    <nd ref="1063737656"/>
    <nd ref="1063737596"/>
    <nd ref="12860723138"/>
    <nd ref="12860723137"/>
    <nd ref="12860723145"/>
    <nd ref="1063737668"/>
    <nd ref="1063737641"/>
    <nd ref="12860723144"/>
    <nd ref="12860723143"/>
    <nd ref="12860723142"/>
    <nd ref="12860723141"/>
    <nd ref="12860723140"/>
    <nd ref="12860723139"/>
    <nd ref="1063737563"/>
    <nd ref="1063737613"/>
    <nd ref="1063737526"/>
    <nd ref="12860723162"/>
    <nd ref="12860723161"/>
    <nd ref="1063737533"/>
    <nd ref="12860723154"/>
    <nd ref="12860723156"/>
    <nd ref="12860723157"/>
    <nd ref="12860723158"/>
    <nd ref="1063737646"/>
    <nd ref="12860723182"/>
    <nd ref="1063737671"/>
    <nd ref="12860723181"/>
    <nd ref="12860723180"/>
    <nd ref="1063737617"/>
    <nd ref="12860723179"/>
    <nd ref="1063737622"/>
    <nd ref="1063737553"/>
    <nd ref="1063737588"/>
    <nd ref="1063737687"/>
    <nd ref="6687615977"/>
    <nd ref="7247260551"/>
    <nd ref="6687615976"/>
    <nd ref="1063737634"/>
    <nd ref="1063737558"/>
    <nd ref="1063737684"/>
    <tag k="landuse" v="industrial"/>
  </way>
  <way id="91931339" version="6" timestamp="2026-08-13T06:22:32Z" changeset="187371753" uid="2256461" user="bagis">
    <nd ref="1068170142"/>
    <nd ref="14091251787"/>
    <nd ref="14091251788"/>
    <nd ref="1068169823"/>
    <nd ref="1068170633"/>
    <nd ref="1068170482"/>
    <nd ref="1068170249"/>
    <nd ref="1068169893"/>
    <nd ref="1068169680"/>
    <nd ref="1068170157"/>
    <nd ref="1068169910"/>
    <nd ref="1068170645"/>
    <nd ref="1068170142"/>
    <tag k="addr:city" v="Kalmar"/>
    <tag k="addr:country" v="SE"/>
    <tag k="addr:postcode" v="39233"/>
    <tag k="addr:street" v="Stadsparken"/>
    <tag k="building" v="museum"/>
    <tag k="contact:email" v="info@kalmarkonstmuseum.se"/>
    <tag k="name" v="Kalmar Konstmuseum"/>
    <tag k="opening_hours" v="Tu-Fr 12:00-16:00; Sa,Su 11:00-16:00"/>
    <tag k="phone" v="+46 480 42 62 82"/>
    <tag k="tourism" v="gallery"/>
    <tag k="website" v="https://www.kalmarkonstmuseum.se"/>
  </way>
  <way id="91970274" version="1" timestamp="2010-12-27T22:42:46Z" changeset="6783140" uid="12294" user="izzor">
    <nd ref="1068482174"/>
    <nd ref="1068482323"/>
    <nd ref="1068482061"/>
    <nd ref="1068481926"/>
    <nd ref="1068481415"/>
    <nd ref="1068481428"/>
    <nd ref="1068481556"/>
    <nd ref="1068482387"/>
    <nd ref="1068482174"/>
    <tag k="building" v="yes"/>
  </way>
  <way id="91970278" version="5" timestamp="2018-09-21T09:41:13Z" changeset="62790323" uid="12294" user="izzor">
    <nd ref="1068481636"/>
    <nd ref="1068481995"/>
    <nd ref="1068481482"/>
    <nd ref="1068481268"/>
    <nd ref="1068482191"/>
    <nd ref="1068482280"/>
    <nd ref="1068481826"/>
    <nd ref="1068482208"/>
    <nd ref="1068481300"/>
    <nd ref="1068482290"/>
    <nd ref="1068481622"/>
    <nd ref="1068482418"/>
    <nd ref="1068482355"/>
    <nd ref="1068481636"/>
    <tag k="addr:city" v="Kalmar"/>
    <tag k="addr:country" v="SE"/>
    <tag k="addr:housenumber" v="3G"/>
    <tag k="addr:postcode" v="39233"/>
    <tag k="addr:street" v="Slottsvägen"/>
    <tag k="building" v="yes"/>
  </way>
  <way id="91970293" version="2" timestamp="2015-08-29T21:42:16Z" changeset="33672325" uid="83501" user="riiga">
    <nd ref="1068482302"/>
    <nd ref="1068481744"/>
    <nd ref="1068481633"/>
    <nd ref="1068482422"/>
    <nd ref="1068481728"/>
    <nd ref="1068482480"/>
    <nd ref="1068482406"/>
    <nd ref="1068482142"/>
    <nd ref="1068481316"/>
    <nd ref="1068482295"/>
    <nd ref="1068482205"/>
    <nd ref="1068481864"/>
    <nd ref="1068482278"/>
    <nd ref="1068481968"/>
    <nd ref="1068481821"/>
    <nd ref="1068481415"/>
    <nd ref="1068481428"/>
    <nd ref="1068481262"/>
    <nd ref="1068482077"/>
    <nd ref="1068481598"/>
    <nd ref="1068481456"/>
    <nd ref="1068482340"/>
    <nd ref="1068481563"/>
    <nd ref="1068482302"/>
  </way>
  <way id="91970298" version="1" timestamp="2010-12-27T22:42:51Z" changeset="6783140" uid="12294" user="izzor">
    <nd ref="1068482452"/>
    <nd ref="1068482064"/>
    <nd ref="1068482457"/>
    <nd ref="1068482189"/>
    <nd ref="1068482452"/>
    <tag k="leisure" v="garden"/>
  </way>
  <way id="91970346" version="4" timestamp="2015-12-23T08:53:12Z" changeset="36120755" uid="12294" user="izzor">
    <nd ref="1068482067"/>
    <nd ref="1068481246"/>
    <nd ref="1068482453"/>
    <nd ref="1068482185"/>
    <nd ref="1068481451"/>
    <nd ref="1068482335"/>
    <nd ref="1068482273"/>
    <nd ref="1068481959"/>
    <nd ref="1068482442"/>
    <nd ref="1068482172"/>
    <nd ref="1068482112"/>
    <nd ref="1068481679"/>
    <nd ref="1068482258"/>
    <nd ref="1068481930"/>
    <nd ref="1068481780"/>
    <nd ref="1068481224"/>
    <nd ref="1068482067"/>
    <tag k="building" v="yes"/>
  </way>
  <way id="91970355" version="5" timestamp="2018-09-21T09:41:13Z" changeset="62790323" uid="12294" user="izzor">
    <nd ref="1068481377"/>
    <nd ref="1068482520"/>
    <nd ref="1068482312"/>
    <nd ref="1068482163"/>
    <nd ref="1068481377"/>
    <tag k="addr:city" v="Kalmar"/>
    <tag k="addr:country" v="SE"/>
    <tag k="addr:housenumber" v="3F"/>
    <tag k="addr:postcode" v="39233"/>
    <tag k="addr:street" v="Slottsvägen"/>
    <tag k="building" v="yes"/>
  </way>
  <way id="91970390" version="4" timestamp="2015-12-23T10:08:47Z" changeset="36122008" uid="12294" user="izzor">
    <nd ref="1068481655"/>
    <nd ref="1068481748"/>
    <nd ref="1068481510"/>
    <nd ref="1068481900"/>
    <nd ref="1068481655"/>
    <tag k="building" v="yes"/>
  </way>
  <way id="92972455" version="5" timestamp="2021-06-24T15:38:33Z" changeset="106909053" uid="159302" user="osmium">
    <nd ref="452382166"/>
    <nd ref="1077770580"/>
    <nd ref="1077770582"/>
    <nd ref="1077770586"/>
    <nd ref="1077770585"/>
    <nd ref="1077770589"/>
    <nd ref="1077770591"/>
    <nd ref="1077770594"/>
    <nd ref="1077770596"/>
    <nd ref="1077770601"/>
    <nd ref="1077770615"/>
    <nd ref="1077770616"/>
    <nd ref="1077770619"/>
    <nd ref="1077770620"/>
    <nd ref="1077770745"/>
    <nd ref="1077770630"/>
    <nd ref="1081644597"/>
    <tag k="highway" v="path"/>
    <tag k="surface" v="dirt"/>
  </way>
  <way id="93292659" version="2" timestamp="2012-02-11T16:01:30Z" changeset="10654153" uid="12294" user="izzor">
    <nd ref="1081610086"/>
    <nd ref="1081609879"/>
    <nd ref="1081609778"/>
    <nd ref="1081610049"/>
    <nd ref="1081609951"/>
    <nd ref="1081610086"/>
    <tag k="building" v="yes"/>
  </way>
  <way id="93292661" version="5" timestamp="2018-09-21T09:41:14Z" changeset="62790323" uid="12294" user="izzor">
    <nd ref="1081609858"/>
    <nd ref="1081609875"/>
    <nd ref="1081610134"/>
    <nd ref="1081609934"/>
    <nd ref="1081609858"/>
    <tag k="addr:city" v="Kalmar"/>
    <tag k="addr:country" v="SE"/>
    <tag k="addr:housenumber" v="5A"/>
    <tag k="addr:postcode" v="39233"/>
    <tag k="addr:street" v="Gamla Kungsgatan"/>
    <tag k="building" v="yes"/>
  </way>
  <way id="93292662" version="1" timestamp="2011-01-04T07:06:32Z" changeset="6857686" uid="324579" user="HaH">
    <nd ref="1081609811"/>
    <nd ref="1081609945"/>
    <nd ref="1081609871"/>
    <nd ref="1081610124"/>
    <nd ref="1081609811"/>
    <tag k="building" v="yes"/>
  </way>
  <way id="93292663" version="4" timestamp="2018-09-21T09:41:14Z" changeset="62790323" uid="12294" user="izzor">
    <nd ref="1081610086"/>
    <nd ref="1081610141"/>
    <nd ref="1081609910"/>
    <nd ref="1081609841"/>
    <nd ref="1081609879"/>
    <nd ref="1081610086"/>
    <tag k="addr:city" v="Kalmar"/>
    <tag k="addr:country" v="SE"/>
    <tag k="addr:housenumber" v="6"/>
    <tag k="addr:postcode" v="39233"/>
    <tag k="addr:street" v="Gamla Kungsgatan"/>
    <tag k="building" v="yes"/>
  </way>
  <way id="93292664" version="4" timestamp="2018-09-21T09:41:14Z" changeset="62790323" uid="12294" user="izzor">
    <nd ref="1081610001"/>
    <nd ref="1081610145"/>
    <nd ref="1081610024"/>
    <nd ref="1081609935"/>
    <nd ref="1081610001"/>
    <tag k="addr:city" v="Kalmar"/>
    <tag k="addr:country" v="SE"/>
    <tag k="addr:housenumber" v="4"/>
    <tag k="addr:postcode" v="39233"/>
    <tag k="addr:street" v="Vasagatan"/>
    <tag k="building" v="yes"/>
  </way>
  <way id="93292665" version="7" timestamp="2021-06-24T15:38:25Z" changeset="106909684" uid="159302" user="osmium">
    <nd ref="1081610004"/>
    <nd ref="1081610118"/>
    <nd ref="1081610034"/>
    <nd ref="1081609904"/>
    <nd ref="1081609826"/>
    <nd ref="1081609898"/>
    <nd ref="1081610004"/>
    <tag k="addr:city" v="Kalmar"/>
    <tag k="addr:country" v="SE"/>
    <tag k="addr:housenumber" v="23"/>
    <tag k="addr:postcode" v="39233"/>
    <tag k="addr:street" v="Västerlånggatan"/>
    <tag k="building" v="detached"/>
    <tag k="building:levels" v="1"/>
    <tag k="roof:levels" v="1"/>
    <tag k="roof:shape" v="gabled"/>
  </way>
  <way id="93292668" version="4" timestamp="2018-09-21T09:41:14Z" changeset="62790323" uid="12294" user="izzor">
    <nd ref="1081609925"/>
    <nd ref="1081610073"/>
    <nd ref="1081609941"/>
    <nd ref="1081609866"/>
    <nd ref="1081609925"/>
    <tag k="addr:city" v="Kalmar"/>
    <tag k="addr:country" v="SE"/>
    <tag k="addr:housenumber" v="4"/>
    <tag k="addr:postcode" v="39233"/>
    <tag k="addr:street" v="Gamla Kungsgatan"/>
    <tag k="building" v="yes"/>
  </way>
  <way id="93292669" version="4" timestamp="2018-09-21T09:41:14Z" changeset="62790323" uid="12294" user="izzor">
    <nd ref="1081610093"/>
    <nd ref="1081609822"/>
    <nd ref="1081610111"/>
    <nd ref="1081609984"/>
    <nd ref="1081610093"/>
    <tag k="addr:city" v="Kalmar"/>
    <tag k="addr:country" v="SE"/>
    <tag k="addr:housenumber" v="5"/>
    <tag k="addr:postcode" v="39233"/>
    <tag k="addr:street" v="Vasagatan"/>
    <tag k="building" v="yes"/>
  </way>
  <way id="93292670" version="5" timestamp="2018-09-21T09:41:15Z" changeset="62790323" uid="12294" user="izzor">
    <nd ref="1081609858"/>
    <nd ref="1081609905"/>
    <nd ref="1081610060"/>
    <nd ref="1081609934"/>
    <nd ref="1081609858"/>
    <tag k="addr:city" v="Kalmar"/>
    <tag k="addr:country" v="SE"/>
    <tag k="addr:housenumber" v="5B"/>
    <tag k="addr:postcode" v="39233"/>
    <tag k="addr:street" v="Gamla Kungsgatan"/>
    <tag k="building" v="yes"/>
  </way>
  <way id="93292671" version="4" timestamp="2018-09-21T09:41:15Z" changeset="62790323" uid="12294" user="izzor">
    <nd ref="1081609913"/>
    <nd ref="1081610068"/>
    <nd ref="1081609962"/>
    <nd ref="1081609861"/>
    <nd ref="1081609913"/>
    <tag k="addr:city" v="Kalmar"/>
    <tag k="addr:country" v="SE"/>
    <tag k="addr:housenumber" v="2"/>
    <tag k="addr:postcode" v="39233"/>
    <tag k="addr:street" v="Gamla Kungsgatan"/>
    <tag k="building" v="yes"/>
  </way>
  <way id="93292672" version="5" timestamp="2023-04-24T16:58:44Z" changeset="135310942" uid="17921090" user="541074">
    <nd ref="1081610105"/>
    <nd ref="1081609877"/>
    <nd ref="1081610136"/>
    <nd ref="1081610044"/>
    <nd ref="1081610105"/>
    <tag k="addr:city" v="Kalmar"/>
    <tag k="addr:country" v="SE"/>
    <tag k="addr:housenumber" v="7"/>
    <tag k="addr:postcode" v="39233"/>
    <tag k="addr:street" v="Söderportsgatan"/>
    <tag k="building" v="detached"/>
  </way>
  <way id="93292676" version="4" timestamp="2018-09-21T09:41:15Z" changeset="62790323" uid="12294" user="izzor">
    <nd ref="1081609824"/>
    <nd ref="1081609936"/>
    <nd ref="1081609864"/>
    <nd ref="1081609902"/>
    <nd ref="1081609824"/>
    <tag k="addr:city" v="Kalmar"/>
    <tag k="addr:country" v="SE"/>
    <tag k="addr:housenumber" v="5"/>
    <tag k="addr:postcode" v="39233"/>
    <tag k="addr:street" v="Kungsgatan"/>
    <tag k="building" v="yes"/>
  </way>
  <way id="93292683" version="1" timestamp="2011-01-04T07:06:36Z" changeset="6857686" uid="324579" user="HaH">
    <nd ref="1081609789"/>
    <nd ref="1081609959"/>
    <nd ref="1081609889"/>
    <tag k="barrier" v="wall"/>
  </way>
  <way id="93292687" version="4" timestamp="2018-09-21T09:41:16Z" changeset="62790323" uid="12294" user="izzor">
    <nd ref="1081610113"/>
    <nd ref="1081609852"/>
    <nd ref="1081610138"/>
    <nd ref="1081610014"/>
    <nd ref="1081610113"/>
    <tag k="addr:city" v="Kalmar"/>
    <tag k="addr:country" v="SE"/>
    <tag k="addr:housenumber" v="2"/>
    <tag k="addr:postcode" v="39233"/>
    <tag k="addr:street" v="Vasagatan"/>
    <tag k="building" v="yes"/>
  </way>
  <way id="93292691" version="4" timestamp="2018-09-21T09:41:16Z" changeset="62790323" uid="12294" user="izzor">
    <nd ref="1081610078"/>
    <nd ref="1081609856"/>
    <nd ref="1081610103"/>
    <nd ref="1081610019"/>
    <nd ref="1081609897"/>
    <nd ref="1081609816"/>
    <nd ref="1081610078"/>
    <tag k="addr:city" v="Kalmar"/>
    <tag k="addr:country" v="SE"/>
    <tag k="addr:housenumber" v="10"/>
    <tag k="addr:postcode" v="39233"/>
    <tag k="addr:street" v="Österlånggatan"/>
    <tag k="building" v="yes"/>
  </way>
  <way id="93292692" version="1" timestamp="2011-01-04T07:06:37Z" changeset="6857686" uid="324579" user="HaH">
    <nd ref="1081610153"/>
    <nd ref="1081609929"/>
    <nd ref="1081609850"/>
    <nd ref="1081610099"/>
    <nd ref="1081610153"/>
    <tag k="building" v="yes"/>
  </way>
  <way id="93292693" version="4" timestamp="2018-09-21T09:41:16Z" changeset="62790323" uid="12294" user="izzor">
    <nd ref="1081609901"/>
    <nd ref="1081610055"/>
    <nd ref="1081609931"/>
    <nd ref="1081609889"/>
    <nd ref="1081609901"/>
    <tag k="addr:city" v="Kalmar"/>
    <tag k="addr:country" v="SE"/>
    <tag k="addr:housenumber" v="19"/>
    <tag k="addr:postcode" v="39233"/>
    <tag k="addr:street" v="Västerlånggatan"/>
    <tag k="building" v="yes"/>
  </way>
  <way id="93292694" version="5" timestamp="2018-09-21T09:41:16Z" changeset="62790323" uid="12294" user="izzor">
    <nd ref="1081610120"/>
    <nd ref="1081609908"/>
    <nd ref="1081610160"/>
    <nd ref="1081610085"/>
    <nd ref="1081610120"/>
    <tag k="addr:city" v="Kalmar"/>
    <tag k="addr:country" v="SE"/>
    <tag k="addr:housenumber" v="10"/>
    <tag k="addr:postcode" v="39233"/>
    <tag k="addr:street" v="Gamla Kungsgatan"/>
    <tag k="building" v="residential"/>
  </way>
  <way id="93292695" version="4" timestamp="2018-09-21T09:41:16Z" changeset="62790323" uid="12294" user="izzor">
    <nd ref="1081609968"/>
    <nd ref="1081610125"/>
    <nd ref="1081609991"/>
    <nd ref="1081609915"/>
    <nd ref="1081609968"/>
    <tag k="addr:city" v="Kalmar"/>
    <tag k="addr:country" v="SE"/>
    <tag k="addr:housenumber" v="3"/>
    <tag k="addr:postcode" v="39233"/>
    <tag k="addr:street" v="Vasagatan"/>
    <tag k="building" v="yes"/>
  </way>
  <way id="93292697" version="2" timestamp="2012-02-11T16:01:30Z" changeset="10654153" uid="12294" user="izzor">
    <nd ref="1081609861"/>
    <nd ref="1081609913"/>
    <nd ref="1081610020"/>
    <nd ref="1081609784"/>
    <nd ref="1081610053"/>
    <nd ref="1081609861"/>
    <tag k="building" v="yes"/>
  </way>
  <way id="93292698" version="2" timestamp="2012-02-11T15:36:52Z" changeset="10653883" uid="12294" user="izzor">
    <nd ref="1081609824"/>
    <nd ref="1081609902"/>
    <nd ref="1081610116"/>
    <nd ref="1081609843"/>
    <nd ref="1081609824"/>
    <tag k="building" v="yes"/>
  </way>
  <way id="93292699" version="4" timestamp="2018-09-21T09:41:16Z" changeset="62790323" uid="12294" user="izzor">
    <nd ref="1081610104"/>
    <nd ref="1081609842"/>
    <nd ref="1081610132"/>
    <nd ref="1081609999"/>
    <nd ref="1081609916"/>
    <nd ref="1081609789"/>
    <nd ref="1081610104"/>
    <tag k="addr:city" v="Kalmar"/>
    <tag k="addr:country" v="SE"/>
    <tag k="addr:housenumber" v="21"/>
    <tag k="addr:postcode" v="39233"/>
    <tag k="addr:street" v="Västerlånggatan"/>
    <tag k="building" v="yes"/>
  </way>
  <way id="93292700" version="4" timestamp="2018-09-21T09:41:16Z" changeset="62790323" uid="12294" user="izzor">
    <nd ref="1081610120"/>
    <nd ref="1081609795"/>
    <nd ref="1081609938"/>
    <nd ref="1081609832"/>
    <nd ref="1081609908"/>
    <nd ref="1081610120"/>
    <tag k="addr:city" v="Kalmar"/>
    <tag k="addr:country" v="SE"/>
    <tag k="addr:housenumber" v="8"/>
    <tag k="addr:postcode" v="39233"/>
    <tag k="addr:street" v="Gamla Kungsgatan"/>
    <tag k="building" v="yes"/>
  </way>
  <way id="93292701" version="4" timestamp="2018-09-21T09:41:16Z" changeset="62790323" uid="12294" user="izzor">
    <nd ref="1081610147"/>
    <nd ref="1081609892"/>
    <nd ref="1081609792"/>
    <nd ref="1081610062"/>
    <nd ref="1081610156"/>
    <nd ref="1081610119"/>
    <nd ref="1081609987"/>
    <nd ref="1081610080"/>
    <nd ref="1081610147"/>
    <tag k="addr:city" v="Kalmar"/>
    <tag k="addr:country" v="SE"/>
    <tag k="addr:housenumber" v="4"/>
    <tag k="addr:postcode" v="39233"/>
    <tag k="addr:street" v="Kungsgatan"/>
    <tag k="building" v="yes"/>
  </way>
  <way id="93292702" version="1" timestamp="2011-01-04T07:06:38Z" changeset="6857686" uid="324579" user="HaH">
    <nd ref="1081609869"/>
    <nd ref="1081610011"/>
    <nd ref="1081609895"/>
    <nd ref="1081609809"/>
    <nd ref="1081609869"/>
    <tag k="building" v="yes"/>
  </way>
  <way id="93292703" version="6" timestamp="2018-09-21T09:41:17Z" changeset="62790323" uid="12294" user="izzor">
    <nd ref="1081610158"/>
    <nd ref="1081609878"/>
    <nd ref="1081610007"/>
    <nd ref="1081609918"/>
    <nd ref="1081610158"/>
    <tag k="addr:city" v="Kalmar"/>
    <tag k="addr:country" v="SE"/>
    <tag k="addr:housenumber" v="8"/>
    <tag k="addr:postcode" v="39233"/>
    <tag k="addr:street" v="Kungsgatan"/>
    <tag k="building" v="residential"/>
  </way>
  <way id="93293012" version="5" timestamp="2018-09-25T21:29:00Z" changeset="62928115" uid="113813" user="AndersAndersson">
    <nd ref="1081644718"/>
    <nd ref="1081644840"/>
    <nd ref="1081644735"/>
    <nd ref="1081644677"/>
    <nd ref="1081644718"/>
    <tag k="addr:city" v="Kalmar"/>
    <tag k="addr:country" v="SE"/>
    <tag k="addr:housenumber" v="3"/>
    <tag k="addr:postcode" v="39233"/>
    <tag k="addr:street" v="Skansgatan"/>
    <tag k="building" v="yes"/>
    <tag k="roof:shape" v="gabled"/>
  </way>
  <way id="93293013" version="2" timestamp="2023-04-24T16:58:46Z" changeset="135310942" uid="17921090" user="541074">
    <nd ref="1081644816"/>
    <nd ref="1081644629"/>
    <nd ref="1081644847"/>
    <nd ref="1081644748"/>
    <nd ref="1081644816"/>
    <tag k="building" v="garage"/>
  </way>
  <way id="93293017" version="3" timestamp="2022-08-05T23:49:13Z" changeset="124542851" uid="39001" user="antonr">
    <nd ref="1081644750"/>
    <nd ref="1081644856"/>
    <nd ref="9934716337"/>
    <nd ref="1081644632"/>
    <nd ref="1081644709"/>
    <nd ref="1081644768"/>
    <nd ref="1081644757"/>
    <tag k="highway" v="path"/>
    <tag k="surface" v="grass"/>
  </way>
  <way id="93293018" version="4" timestamp="2018-09-21T09:41:17Z" changeset="62790323" uid="12294" user="izzor">
    <nd ref="1081644702"/>
    <nd ref="1081644618"/>
    <nd ref="1081644769"/>
    <nd ref="1081644611"/>
    <nd ref="1081644786"/>
    <nd ref="1081644731"/>
    <nd ref="1081644651"/>
    <nd ref="1081644580"/>
    <nd ref="1081644766"/>
    <nd ref="1081644702"/>
    <tag k="addr:city" v="Kalmar"/>
    <tag k="addr:country" v="SE"/>
    <tag k="addr:housenumber" v="10B"/>
    <tag k="addr:postcode" v="39233"/>
    <tag k="addr:street" v="Klostergatan"/>
    <tag k="building" v="yes"/>
  </way>
  <way id="93293019" version="4" timestamp="2018-09-21T09:41:17Z" changeset="62790323" uid="12294" user="izzor">
    <nd ref="1081644866"/>
    <nd ref="1081644672"/>
    <nd ref="1081644610"/>
    <nd ref="1081644782"/>
    <nd ref="1081644866"/>
    <tag k="addr:city" v="Kalmar"/>
    <tag k="addr:country" v="SE"/>
    <tag k="addr:housenumber" v="10A"/>
    <tag k="addr:postcode" v="39233"/>
    <tag k="addr:street" v="Klostergatan"/>
    <tag k="building" v="yes"/>
  </way>
  <way id="93293020" version="2" timestamp="2023-04-24T16:58:45Z" changeset="135310942" uid="17921090" user="541074">
    <nd ref="1081644821"/>
    <nd ref="1081644656"/>
    <nd ref="1081644853"/>
    <nd ref="1081644767"/>
    <nd ref="1081644821"/>
    <tag k="building" v="garages"/>
  </way>
  <way id="93293021" version="5" timestamp="2023-04-24T16:58:43Z" changeset="135310942" uid="17921090" user="541074">
    <nd ref="1081644784"/>
    <nd ref="1081644595"/>
    <nd ref="1081644814"/>
    <nd ref="1081644724"/>
    <nd ref="1081644784"/>
    <tag k="addr:city" v="Kalmar"/>
    <tag k="addr:country" v="SE"/>
    <tag k="addr:housenumber" v="8"/>
    <tag k="addr:postcode" v="39233"/>
    <tag k="addr:street" v="Söderportsgatan"/>
    <tag k="building" v="detached"/>
  </way>
  <way id="93293022" version="7" timestamp="2025-08-27T09:42:00Z" changeset="171070231" uid="53964" user="_Mathieu_">
    <nd ref="1081644750"/>
    <nd ref="1081644701"/>
    <tag k="handrail" v="yes"/>
    <tag k="highway" v="steps"/>
    <tag k="incline" v="up"/>
    <tag k="ramp" v="yes"/>
    <tag k="ramp:stroller" v="yes"/>
    <tag k="step_count" v="30"/>
    <tag k="surface" v="wood"/>
    <tag k="tactile_paving" v="no"/>
  </way>
  <way id="93293023" version="5" timestamp="2023-04-24T16:58:44Z" changeset="135310942" uid="17921090" user="541074">
    <nd ref="1081644764"/>
    <nd ref="1081644594"/>
    <nd ref="1081644772"/>
    <nd ref="1081644722"/>
    <nd ref="1081644635"/>
    <nd ref="1081644586"/>
    <nd ref="1081644696"/>
    <nd ref="1081644680"/>
    <nd ref="1081644764"/>
    <tag k="addr:city" v="Kalmar"/>
    <tag k="addr:country" v="SE"/>
    <tag k="addr:housenumber" v="10"/>
    <tag k="addr:postcode" v="39233"/>
    <tag k="addr:street" v="Söderportsgatan"/>
    <tag k="building" v="detached"/>
  </way>
  <way id="93293024" version="3" timestamp="2020-05-31T18:50:43Z" changeset="86017990" uid="159302" user="osmium">
    <nd ref="1081644638"/>
    <nd ref="1081644818"/>
    <nd ref="1081644755"/>
    <nd ref="1081644660"/>
    <nd ref="4397188366"/>
    <nd ref="4397188368"/>
    <nd ref="1081644597"/>
    <tag k="highway" v="path"/>
    <tag k="surface" v="fine_gravel"/>
  </way>
  <way id="93293025" version="2" timestamp="2018-09-25T21:29:00Z" changeset="62928115" uid="113813" user="AndersAndersson">
    <nd ref="1081644793"/>
    <nd ref="1081644633"/>
    <nd ref="1081644815"/>
    <nd ref="1081644754"/>
    <nd ref="1081644793"/>
    <tag k="building" v="yes"/>
    <tag k="roof:shape" v="gabled"/>
  </way>
  <way id="93293028" version="7" timestamp="2025-10-03T11:38:52Z" changeset="172786801" uid="15258988" user="physgeo">
    <nd ref="1081644591"/>
    <nd ref="1081644699"/>
    <nd ref="1081644637"/>
    <nd ref="1081644838"/>
    <nd ref="9934716401"/>
    <nd ref="1081644591"/>
    <tag k="addr:city" v="Kalmar"/>
    <tag k="addr:country" v="SE"/>
    <tag k="addr:housenumber" v="1"/>
    <tag k="addr:postcode" v="39233"/>
    <tag k="addr:street" v="Kungsgatan"/>
    <tag k="building" v="detached"/>
    <tag k="building:levels" v="1"/>
    <tag k="building:material" v="plaster"/>
    <tag k="roof:levels" v="1"/>
    <tag k="roof:material" v="roof_tiles"/>
    <tag k="roof:shape" v="mansard"/>
  </way>
  <way id="93293030" version="7" timestamp="2022-08-05T23:49:13Z" changeset="124542851" uid="39001" user="antonr">
    <nd ref="1081644638"/>
    <nd ref="1081644727"/>
    <nd ref="1081644778"/>
    <nd ref="4397188361"/>
    <nd ref="1081644598"/>
    <nd ref="8138190415"/>
    <nd ref="1081644662"/>
    <nd ref="1081644756"/>
    <nd ref="1081644820"/>
    <nd ref="1081644634"/>
    <nd ref="1081644694"/>
    <nd ref="1081644771"/>
    <nd ref="8138202920"/>
    <nd ref="1081644874"/>
    <nd ref="1081644642"/>
    <nd ref="1081644753"/>
    <nd ref="1081644654"/>
    <nd ref="1081644765"/>
    <nd ref="1081644681"/>
    <nd ref="1081644615"/>
    <nd ref="1619179930"/>
    <nd ref="1081644806"/>
    <tag k="highway" v="path"/>
    <tag k="surface" v="ground"/>
  </way>
  <way id="93293031" version="3" timestamp="2022-08-05T23:49:13Z" changeset="124542851" uid="39001" user="antonr">
    <nd ref="1059841709"/>
    <nd ref="1081644676"/>
    <nd ref="1081644612"/>
    <nd ref="1081644791"/>
    <nd ref="1081644733"/>
    <nd ref="1081644654"/>
    <tag k="highway" v="track"/>
    <tag k="surface" v="ground"/>
  </way>
  <way id="93293032" version="6" timestamp="2025-08-27T09:41:59Z" changeset="171070231" uid="53964" user="_Mathieu_">
    <nd ref="1081644757"/>
    <nd ref="1081644565"/>
    <tag k="handrail" v="yes"/>
    <tag k="highway" v="steps"/>
    <tag k="incline" v="up"/>
    <tag k="ramp" v="yes"/>
    <tag k="ramp:bicycle" v="yes"/>
    <tag k="surface" v="wood"/>
    <tag k="tactile_paving" v="no"/>
  </way>
  <way id="93293034" version="5" timestamp="2023-04-24T16:58:44Z" changeset="135310942" uid="17921090" user="541074">
    <nd ref="1081644631"/>
    <nd ref="1081644700"/>
    <nd ref="1081644640"/>
    <nd ref="1081644844"/>
    <nd ref="1081644762"/>
    <nd ref="1081644678"/>
    <nd ref="1081644613"/>
    <nd ref="1081644795"/>
    <nd ref="1081644736"/>
    <nd ref="1081644655"/>
    <nd ref="1081644582"/>
    <nd ref="1081644631"/>
    <tag k="addr:city" v="Kalmar"/>
    <tag k="addr:country" v="SE"/>
    <tag k="addr:housenumber" v="2"/>
    <tag k="addr:postcode" v="39233"/>
    <tag k="addr:street" v="Klostergatan"/>
    <tag k="building" v="detached"/>
  </way>
  <way id="93293038" version="5" timestamp="2023-04-24T16:58:42Z" changeset="135310942" uid="17921090" user="541074">
    <nd ref="1081644713"/>
    <nd ref="1081644835"/>
    <nd ref="1081644729"/>
    <nd ref="1081644674"/>
    <nd ref="1081644713"/>
    <tag k="addr:city" v="Kalmar"/>
    <tag k="addr:country" v="SE"/>
    <tag k="addr:housenumber" v="6"/>
    <tag k="addr:postcode" v="39233"/>
    <tag k="addr:street" v="Söderportsgatan"/>
    <tag k="building" v="detached"/>
  </way>
  <way id="93293040" version="2" timestamp="2012-02-11T15:36:54Z" changeset="10653883" uid="12294" user="izzor">
    <nd ref="1081644670"/>
    <nd ref="1081644863"/>
    <nd ref="1081644752"/>
    <nd ref="1081644692"/>
    <nd ref="1081644593"/>
    <nd ref="1081644812"/>
    <nd ref="1081644670"/>
    <tag k="building" v="yes"/>
  </way>
  <way id="93293041" version="2" timestamp="2018-09-25T21:29:00Z" changeset="62928115" uid="113813" user="AndersAndersson">
    <nd ref="1081644596"/>
    <nd ref="1081644683"/>
    <nd ref="1081644620"/>
    <nd ref="1081644810"/>
    <nd ref="1081644596"/>
    <tag k="building" v="yes"/>
    <tag k="roof:shape" v="gabled"/>
  </way>
  <way id="93293042" version="2" timestamp="2012-02-11T15:36:54Z" changeset="10653883" uid="12294" user="izzor">
    <nd ref="1081644766"/>
    <nd ref="1081644702"/>
    <nd ref="1081644659"/>
    <nd ref="1081644569"/>
    <nd ref="1081644776"/>
    <nd ref="1081644766"/>
    <tag k="building" v="yes"/>
  </way>
  <way id="93306354" version="4" timestamp="2018-09-21T09:41:19Z" changeset="62790323" uid="12294" user="izzor">
    <nd ref="1081830024"/>
    <nd ref="1081829748"/>
    <nd ref="1081830050"/>
    <nd ref="1081829958"/>
    <nd ref="1081829850"/>
    <nd ref="1081830083"/>
    <nd ref="1081830024"/>
    <tag k="addr:city" v="Kalmar"/>
    <tag k="addr:country" v="SE"/>
    <tag k="addr:housenumber" v="5A"/>
    <tag k="addr:postcode" v="39233"/>
    <tag k="addr:street" v="Slottsvägen"/>
    <tag k="building" v="yes"/>
  </way>
  <way id="93329976" version="6" timestamp="2021-06-24T15:38:32Z" changeset="106909040" uid="159302" user="osmium">
    <nd ref="1081644597"/>
    <nd ref="4397188369"/>
    <nd ref="1082128560"/>
    <nd ref="1059841709"/>
    <nd ref="1059842225"/>
    <nd ref="4385379141"/>
    <nd ref="1059842202"/>
    <nd ref="1059841837"/>
    <nd ref="1059842336"/>
    <nd ref="1083645483"/>
    <tag k="highway" v="service"/>
    <tag k="surface" v="fine_gravel"/>
  </way>
  <way id="93418054" version="6" timestamp="2026-06-27T19:08:50Z" changeset="184709014" uid="83501" user="riiga">
    <nd ref="422530493"/>
    <nd ref="1057356391"/>
    <nd ref="545825"/>
    <nd ref="1056345785"/>
    <nd ref="545824"/>
    <nd ref="13971024450"/>
    <nd ref="1056345591"/>
    <nd ref="13971024451"/>
    <nd ref="545823"/>
    <nd ref="1056345651"/>
    <nd ref="545822"/>
    <nd ref="1057356427"/>
    <nd ref="545821"/>
    <tag k="highway" v="secondary"/>
    <tag k="lanes" v="2"/>
    <tag k="lit" v="yes"/>
    <tag k="maxspeed" v="40"/>
    <tag k="name" v="Järnvägsgatan"/>
    <tag k="surface" v="asphalt"/>
  </way>
  <way id="93477796" version="3" timestamp="2019-05-02T13:28:56Z" changeset="69804452" uid="156646" user="archie">
    <nd ref="1083645471"/>
    <nd ref="1083645504"/>
    <nd ref="1083645473"/>
    <nd ref="1083645617"/>
    <nd ref="1083645553"/>
    <nd ref="1083645339"/>
    <nd ref="1083645315"/>
    <nd ref="1083645449"/>
    <nd ref="1083645471"/>
    <tag k="amenity" v="place_of_worship"/>
    <tag k="denomination" v="lutheran"/>
    <tag k="religion" v="christian"/>
  </way>
  <way id="93477800" version="3" timestamp="2023-04-24T16:59:16Z" changeset="135310933" uid="17921090" user="541074">
    <nd ref="1083645633"/>
    <nd ref="1083645582"/>
    <nd ref="1083645525"/>
    <nd ref="1083645733"/>
    <nd ref="1083645667"/>
    <nd ref="1083645464"/>
    <nd ref="1083645323"/>
    <nd ref="1083645456"/>
    <nd ref="1083645400"/>
    <nd ref="1083645539"/>
    <nd ref="1083645563"/>
    <nd ref="1083645630"/>
    <nd ref="1083645559"/>
    <nd ref="1083645342"/>
    <nd ref="1083645385"/>
    <tag k="highway" v="footway"/>
    <tag k="surface" v="pebblestone"/>
  </way>
  <way id="93477854" version="4" timestamp="2025-11-24T17:24:51Z" changeset="175077284" uid="66965" user="urk">
    <nd ref="1083645483"/>
    <nd ref="13328599328"/>
    <nd ref="9934639216"/>
    <nd ref="1083645633"/>
    <tag k="highway" v="footway"/>
    <tag k="surface" v="pebblestone"/>
  </way>
  <way id="93477864" version="6" timestamp="2022-08-06T13:23:17Z" changeset="124562044" uid="16256" user="patzi">
    <nd ref="1083645563"/>
    <nd ref="9934639203"/>
    <nd ref="9934639204"/>
    <nd ref="9934639198"/>
    <nd ref="9934639197"/>
    <nd ref="9934716319"/>
    <nd ref="9934639201"/>
    <nd ref="9934639200"/>
    <nd ref="9934639196"/>
    <nd ref="9934639199"/>
    <nd ref="9934639198"/>
    <tag k="highway" v="footway"/>
    <tag k="lit" v="yes"/>
    <tag k="surface" v="compacted"/>
  </way>
  <way id="138605215" version="3" timestamp="2021-06-29T17:07:30Z" changeset="107161323" uid="159302" user="osmium">
    <nd ref="1519885215"/>
    <nd ref="1519885213"/>
    <nd ref="1519885208"/>
    <nd ref="1519885204"/>
    <nd ref="8143806467"/>
    <nd ref="1519885199"/>
    <nd ref="8143806466"/>
    <nd ref="1519885194"/>
    <nd ref="8143806465"/>
    <nd ref="8143806464"/>
    <nd ref="1058848822"/>
    <tag k="highway" v="footway"/>
    <tag k="surface" v="fine_gravel"/>
  </way>
  <way id="149000065" version="8" timestamp="2026-06-27T19:08:50Z" changeset="184709014" uid="83501" user="riiga">
    <nd ref="1056345756"/>
    <nd ref="1056345639"/>
    <nd ref="1056345622"/>
    <nd ref="13971024452"/>
    <nd ref="1056345706"/>
    <nd ref="7247260562"/>
    <nd ref="1056345605"/>
    <nd ref="1056345761"/>
    <nd ref="13971024370"/>
    <nd ref="6698078416"/>
    <nd ref="1057356386"/>
    <nd ref="1057356315"/>
    <nd ref="13971024375"/>
    <nd ref="10820218969"/>
    <tag k="bicycle" v="designated"/>
    <tag k="cycleway:surface" v="asphalt"/>
    <tag k="foot" v="designated"/>
    <tag k="footway:surface" v="asphalt"/>
    <tag k="highway" v="path"/>
    <tag k="segregated" v="yes"/>
    <tag k="surface" v="asphalt"/>
  </way>
  <way id="149000091" version="8" timestamp="2025-09-29T07:43:52Z" changeset="172597868" uid="156646" user="archie">
    <nd ref="449547619"/>
    <nd ref="449547616"/>
    <nd ref="13179784401"/>
    <nd ref="449547613"/>
    <nd ref="449547612"/>
    <nd ref="13179757085"/>
    <nd ref="449547611"/>
    <nd ref="3906085519"/>
    <nd ref="449547610"/>
    <tag k="bicycle" v="designated"/>
    <tag k="foot" v="designated"/>
    <tag k="highway" v="path"/>
    <tag k="segregated" v="no"/>
    <tag k="surface" v="asphalt"/>
  </way>
  <way id="149032088" version="5" timestamp="2025-07-16T09:16:56Z" changeset="169002960" uid="156646" user="archie">
    <nd ref="13003898025"/>
    <nd ref="13003898018"/>
    <nd ref="13003898026"/>
    <nd ref="13003898021"/>
    <nd ref="13003898024"/>
    <nd ref="13003898022"/>
    <nd ref="13003898020"/>
    <nd ref="13003898023"/>
    <nd ref="13003898019"/>
    <nd ref="13003898025"/>
    <tag k="landuse" v="residential"/>
    <tag k="name" v="Akacian"/>
    <tag k="place" v="city_block"/>
  </way>
  <way id="149032094" version="4" timestamp="2025-07-16T09:16:56Z" changeset="169002960" uid="156646" user="archie">
    <nd ref="13003911056"/>
    <nd ref="13003898036"/>
    <nd ref="13003911050"/>
    <nd ref="13003911058"/>
    <nd ref="13003911054"/>
    <nd ref="13003911051"/>
    <nd ref="13003911052"/>
    <nd ref="13003911047"/>
    <nd ref="13003911045"/>
    <nd ref="13003911059"/>
    <nd ref="13003911048"/>
    <nd ref="13003911046"/>
    <nd ref="13003898037"/>
    <nd ref="13003911053"/>
    <nd ref="13003911057"/>
    <nd ref="13003911055"/>
    <nd ref="13003911049"/>
    <nd ref="13003911056"/>
    <tag k="landuse" v="residential"/>
    <tag k="name" v="Aspen"/>
    <tag k="place" v="city_block"/>
  </way>
  <way id="149032096" version="3" timestamp="2025-07-16T09:16:56Z" changeset="169002960" uid="156646" user="archie">
    <nd ref="13003904949"/>
    <nd ref="13003904946"/>
    <nd ref="13003904950"/>
    <nd ref="13003904947"/>
    <nd ref="13003904952"/>
    <nd ref="13003904951"/>
    <nd ref="13003904948"/>
    <nd ref="13003904945"/>
    <nd ref="13003904949"/>
    <tag k="landuse" v="residential"/>
    <tag k="name" v="Avenboken"/>
    <tag k="place" v="city_block"/>
  </way>
  <way id="149032097" version="4" timestamp="2025-07-16T09:16:56Z" changeset="169002960" uid="156646" user="archie">
    <nd ref="13003913280"/>
    <nd ref="13003913277"/>
    <nd ref="13003913281"/>
    <nd ref="13003913279"/>
    <nd ref="13003913276"/>
    <nd ref="13003913275"/>
    <nd ref="13003913278"/>
    <nd ref="13003913274"/>
    <nd ref="13003913280"/>
    <tag k="landuse" v="residential"/>
    <tag k="name" v="Björken"/>
    <tag k="place" v="city_block"/>
  </way>
  <way id="149032114" version="4" timestamp="2025-07-16T09:16:56Z" changeset="169002960" uid="156646" user="archie">
    <nd ref="1620666766"/>
    <nd ref="1620666767"/>
    <nd ref="1620666806"/>
    <nd ref="1620666874"/>
    <nd ref="1620666915"/>
    <nd ref="13003904960"/>
    <nd ref="13003907298"/>
    <nd ref="1620666849"/>
    <nd ref="4918988061"/>
    <nd ref="1620666766"/>
    <tag k="landuse" v="cemetery"/>
    <tag k="name" v="Gamla Kyrkogården"/>
    <tag k="wikidata" v="Q18291123"/>
  </way>
  <way id="149032123" version="3" timestamp="2025-07-16T09:16:56Z" changeset="169002960" uid="156646" user="archie">
    <nd ref="13003904958"/>
    <nd ref="13003904959"/>
    <nd ref="13003904953"/>
    <nd ref="13003904955"/>
    <nd ref="13003904956"/>
    <nd ref="13003904954"/>
    <nd ref="13003904957"/>
    <nd ref="13003904958"/>
    <tag k="landuse" v="residential"/>
    <tag k="name" v="Järneken"/>
    <tag k="place" v="city_block"/>
  </way>
  <way id="149032149" version="5" timestamp="2025-07-16T09:16:56Z" changeset="169002960" uid="156646" user="archie">
    <nd ref="13003913273"/>
    <nd ref="13003911060"/>
    <nd ref="13003911061"/>
    <nd ref="13003913272"/>
    <nd ref="13003911064"/>
    <nd ref="13003911062"/>
    <nd ref="13003913271"/>
    <nd ref="13003911063"/>
    <nd ref="13003913273"/>
    <tag k="landuse" v="residential"/>
    <tag k="name" v="Silverpoppeln"/>
    <tag k="place" v="city_block"/>
  </way>
  <way id="149032157" version="3" timestamp="2021-09-09T19:16:43Z" changeset="110991697" uid="159302" user="osmium">
    <nd ref="1620666926"/>
    <nd ref="1620666890"/>
    <nd ref="1620666860"/>
    <nd ref="1620666838"/>
    <nd ref="4918988072"/>
    <nd ref="1620666817"/>
    <nd ref="1620666804"/>
    <nd ref="4918988073"/>
    <nd ref="1620666802"/>
    <nd ref="1620666790"/>
    <nd ref="1620666775"/>
    <nd ref="4918988074"/>
    <nd ref="4918988048"/>
    <nd ref="4918988047"/>
    <nd ref="4918988046"/>
    <tag k="highway" v="path"/>
    <tag k="surface" v="fine_gravel"/>
  </way>
  <way id="149032165" version="7" timestamp="2025-09-29T07:43:52Z" changeset="172597868" uid="156646" user="archie">
    <nd ref="1058847142"/>
    <nd ref="7823774112"/>
    <nd ref="1058847403"/>
    <nd ref="1058848096"/>
    <nd ref="1058849185"/>
    <nd ref="8981001160"/>
    <nd ref="8981001161"/>
    <nd ref="1058846841"/>
    <nd ref="8981001162"/>
    <nd ref="8981001164"/>
    <tag k="bicycle" v="designated"/>
    <tag k="foot" v="designated"/>
    <tag k="highway" v="path"/>
    <tag k="lit" v="yes"/>
    <tag k="segregated" v="no"/>
    <tag k="surface" v="asphalt"/>
  </way>
  <way id="155018100" version="5" timestamp="2026-08-13T06:22:32Z" changeset="187371753" uid="2256461" user="bagis">
    <nd ref="14091251789"/>
    <nd ref="14091251790"/>
    <nd ref="14091251791"/>
    <nd ref="1674642174"/>
    <tag k="check_date:surface" v="2021-06-29"/>
    <tag k="highway" v="footway"/>
    <tag k="lit" v="yes"/>
    <tag k="surface" v="fine_gravel"/>
  </way>
  <way id="169251943" version="3" timestamp="2021-06-29T17:07:30Z" changeset="107161323" uid="159302" user="osmium">
    <nd ref="1058848822"/>
    <nd ref="8143821278"/>
    <nd ref="1804176210"/>
    <nd ref="1804176211"/>
    <nd ref="8143821277"/>
    <nd ref="8143821276"/>
    <nd ref="1804176213"/>
    <nd ref="1804176215"/>
    <nd ref="1804176217"/>
    <nd ref="1804176219"/>
    <nd ref="8143821275"/>
    <nd ref="1804176221"/>
    <nd ref="1804176224"/>
    <nd ref="1804176227"/>
    <tag k="highway" v="footway"/>
    <tag k="surface" v="paving_stones"/>
  </way>
  <way id="169251946" version="2" timestamp="2024-08-27T13:24:41Z" changeset="155832151" uid="12795645" user="el_eco_stef">
    <nd ref="1804176234"/>
    <nd ref="1804176245"/>
    <tag k="highway" v="footway"/>
    <tag k="surface" v="fine_gravel"/>
  </way>
  <way id="169251947" version="7" timestamp="2026-06-08T10:39:21Z" changeset="183821712" uid="696816" user="DerJuergen">
    <nd ref="1804176207"/>
    <nd ref="1058848871"/>
    <tag k="handrail" v="no"/>
    <tag k="highway" v="steps"/>
    <tag k="incline" v="up"/>
    <tag k="ramp" v="no"/>
    <tag k="step_count" v="5"/>
    <tag k="surface" v="paving_stones"/>
    <tag k="tactile_paving" v="no"/>
  </way>
  <way id="169251948" version="2" timestamp="2021-11-14T00:46:19Z" changeset="113749445" uid="156646" user="archie">
    <nd ref="1804176247"/>
    <nd ref="1058848565"/>
    <tag k="bridge" v="yes"/>
    <tag k="highway" v="footway"/>
    <tag k="layer" v="1"/>
  </way>
  <way id="169251949" version="3" timestamp="2021-06-29T17:07:31Z" changeset="107161323" uid="159302" user="osmium">
    <nd ref="1804176206"/>
    <nd ref="1804176208"/>
    <nd ref="7823774116"/>
    <nd ref="1804176209"/>
    <tag k="highway" v="footway"/>
    <tag k="surface" v="fine_gravel"/>
  </way>
  <way id="169251950" version="4" timestamp="2026-08-12T16:28:13Z" changeset="187349849" uid="2256461" user="bagis">
    <nd ref="1058849263"/>
    <nd ref="1804176267"/>
    <nd ref="1804176272"/>
    <nd ref="1804176274"/>
    <nd ref="1058848096"/>
    <tag k="highway" v="footway"/>
    <tag k="lit" v="yes"/>
    <tag k="surface" v="paving_stones"/>
  </way>
  <way id="169251952" version="2" timestamp="2021-06-29T17:07:29Z" changeset="107161323" uid="159302" user="osmium">
    <nd ref="1804176270"/>
    <nd ref="1804176262"/>
    <nd ref="1804176254"/>
    <nd ref="1804176250"/>
    <nd ref="1058848157"/>
    <tag k="highway" v="footway"/>
    <tag k="surface" v="asphalt"/>
  </way>
  <way id="169251953" version="4" timestamp="2024-05-02T07:57:26Z" changeset="150781073" uid="716217" user="novabeat">
    <nd ref="1804176257"/>
    <nd ref="1804176247"/>
    <nd ref="1804176244"/>
    <nd ref="1804176231"/>
    <nd ref="1804176229"/>
    <nd ref="1804176245"/>
    <nd ref="1804176252"/>
    <nd ref="1804176257"/>
    <tag k="access" v="yes"/>
    <tag k="leisure" v="playground"/>
  </way>
  <way id="176031667" version="7" timestamp="2025-09-29T07:24:26Z" changeset="172597133" uid="311496" user="peterleth">
    <nd ref="13003914710"/>
    <nd ref="13003907299"/>
    <nd ref="13003914707"/>
    <nd ref="13003914714"/>
    <nd ref="13003914709"/>
    <nd ref="13003914711"/>
    <nd ref="13003914703"/>
    <nd ref="13003914706"/>
    <nd ref="13003914704"/>
    <nd ref="13003914705"/>
    <nd ref="13003914702"/>
    <nd ref="13003914712"/>
    <nd ref="13003914701"/>
    <nd ref="13003914713"/>
    <nd ref="13003914708"/>
    <nd ref="13003907300"/>
    <nd ref="13179784461"/>
    <nd ref="13179784464"/>
    <nd ref="13179784463"/>
    <nd ref="13179784462"/>
    <nd ref="13003914710"/>
    <tag k="landuse" v="residential"/>
    <tag k="name" v="Valnötsträdet"/>
    <tag k="place" v="city_block"/>
  </way>
  <way id="206979655" version="5" timestamp="2025-11-24T17:37:13Z" changeset="175077728" uid="66965" user="urk">
    <nd ref="9934716396"/>
    <nd ref="2170908914"/>
    <nd ref="9934716403"/>
    <nd ref="9934716397"/>
    <nd ref="9934716405"/>
    <nd ref="9934716402"/>
    <nd ref="2170908913"/>
    <nd ref="265787092"/>
    <tag k="highway" v="footway"/>
    <tag k="smoking" v="no"/>
    <tag k="smoothness" v="intermediate"/>
    <tag k="surface" v="sett"/>
  </way>
  <way id="368199596" version="4" timestamp="2023-04-24T16:59:12Z" changeset="135310970" uid="17921090" user="541074">
    <nd ref="1051550414"/>
    <nd ref="1051549580"/>
    <tag k="bridge" v="yes"/>
    <tag k="highway" v="track"/>
    <tag k="layer" v="1"/>
    <tag k="surface" v="sett"/>
    <tag k="tracktype" v="grade1"/>
  </way>
  <way id="387301881" version="4" timestamp="2025-07-27T15:53:40Z" changeset="169566754" uid="1950076" user="StreetSailor">
    <nd ref="3906085518"/>
    <nd ref="3906085519"/>
    <nd ref="3906085521"/>
    <nd ref="3906085522"/>
    <nd ref="3906173397"/>
    <nd ref="3906085520"/>
    <nd ref="4918988068"/>
    <tag k="highway" v="service"/>
    <tag k="oneway" v="yes"/>
    <tag k="surface" v="asphalt"/>
  </way>
  <way id="431693896" version="1" timestamp="2016-07-18T14:39:11Z" changeset="40820421" uid="12294" user="izzor">
    <nd ref="4309189957"/>
    <nd ref="4309189955"/>
    <nd ref="4309189948"/>
    <nd ref="4309189938"/>
    <nd ref="4309189927"/>
    <nd ref="4309189926"/>
    <nd ref="4309189929"/>
    <nd ref="4309189924"/>
    <nd ref="4309189925"/>
    <nd ref="4309189923"/>
    <nd ref="4309189922"/>
  </way>
  <way id="431693910" version="1" timestamp="2016-07-18T14:39:12Z" changeset="40820421" uid="12294" user="izzor">
    <nd ref="4309189939"/>
    <nd ref="4309189937"/>
    <nd ref="4309189922"/>
  </way>
  <way id="431693924" version="1" timestamp="2016-07-18T14:39:12Z" changeset="40820421" uid="12294" user="izzor">
    <nd ref="4309189912"/>
    <nd ref="4309189915"/>
    <nd ref="4309189917"/>
    <nd ref="4309189919"/>
    <nd ref="4309189922"/>
  </way>
  <way id="431693925" version="1" timestamp="2016-07-18T14:39:12Z" changeset="40820421" uid="12294" user="izzor">
    <nd ref="4309189921"/>
    <nd ref="4309189920"/>
    <nd ref="4309189918"/>
    <nd ref="4309189916"/>
    <nd ref="4309189914"/>
    <nd ref="4309189913"/>
  </way>
  <way id="440762262" version="5" timestamp="2025-08-13T13:24:59Z" changeset="170389450" uid="12894177" user="Oltsi">
    <nd ref="1083645605"/>
    <nd ref="449547610"/>
    <tag k="highway" v="residential"/>
    <tag k="lit" v="yes"/>
    <tag k="maxspeed" v="30"/>
    <tag k="name" v="Kungsgatan"/>
    <tag k="oneway" v="yes"/>
    <tag k="oneway:bicycle" v="no"/>
    <tag k="surface" v="asphalt"/>
  </way>
  <way id="440762282" version="2" timestamp="2020-07-12T17:19:24Z" changeset="87884190" uid="812740" user="westis">
    <nd ref="1056345766"/>
    <nd ref="7707545596"/>
    <tag k="highway" v="footway"/>
    <tag k="surface" v="fine_gravel"/>
  </way>
  <way id="440762283" version="3" timestamp="2022-08-06T12:03:48Z" changeset="124559210" uid="16256" user="patzi">
    <nd ref="1083645483"/>
    <nd ref="9934716323"/>
    <nd ref="9934716322"/>
    <nd ref="9934716321"/>
    <nd ref="1059840670"/>
    <tag k="highway" v="service"/>
    <tag k="surface" v="fine_gravel"/>
  </way>
  <way id="440762289" version="3" timestamp="2023-04-24T16:59:17Z" changeset="135310933" uid="17921090" user="541074">
    <nd ref="9934716318"/>
    <nd ref="1083645464"/>
    <tag k="highway" v="footway"/>
    <tag k="surface" v="pebblestone"/>
  </way>
  <way id="440762316" version="4" timestamp="2022-08-05T23:49:13Z" changeset="124542851" uid="39001" user="antonr">
    <nd ref="452382160"/>
    <nd ref="9934639182"/>
    <nd ref="1082128505"/>
    <nd ref="1059840959"/>
    <nd ref="1081644597"/>
    <tag k="highway" v="service"/>
    <tag k="surface" v="fine_gravel"/>
  </way>
  <way id="440762318" version="2" timestamp="2023-04-24T16:59:15Z" changeset="135310933" uid="17921090" user="541074">
    <nd ref="1083645385"/>
    <nd ref="1083645427"/>
    <nd ref="1083645569"/>
    <nd ref="1083645510"/>
    <nd ref="1083645679"/>
    <nd ref="1083645633"/>
    <tag k="highway" v="footway"/>
    <tag k="surface" v="pebblestone"/>
  </way>
  <way id="440762333" version="5" timestamp="2025-10-03T11:38:53Z" changeset="172786802" uid="15258988" user="physgeo">
    <nd ref="545842"/>
    <nd ref="1058848045"/>
    <nd ref="1058849005"/>
    <nd ref="1058847305"/>
    <nd ref="1058848618"/>
    <nd ref="1058848836"/>
    <nd ref="1058846218"/>
    <nd ref="7823774117"/>
    <nd ref="1058848871"/>
    <tag k="highway" v="footway"/>
    <tag k="lit" v="yes"/>
    <tag k="smoothness" v="intermediate"/>
    <tag k="surface" v="fine_gravel"/>
  </way>
  <way id="440762335" version="3" timestamp="2021-08-05T10:10:11Z" changeset="109192670" uid="159302" user="osmium">
    <nd ref="1056345763"/>
    <nd ref="1056345576"/>
    <nd ref="1056345491"/>
    <nd ref="1056345669"/>
    <nd ref="1056345780"/>
    <nd ref="1056345620"/>
    <nd ref="1056345532"/>
    <nd ref="1056345798"/>
    <tag k="highway" v="footway"/>
    <tag k="lit" v="yes"/>
    <tag k="surface" v="fine_gravel"/>
  </way>
  <way id="441934472" version="3" timestamp="2025-07-16T18:49:15Z" changeset="169028456" uid="15888636" user="nomimono">
    <nd ref="1620666838"/>
    <nd ref="4396237894"/>
    <nd ref="4918988071"/>
    <nd ref="4918988070"/>
    <nd ref="4918988069"/>
    <nd ref="4918988066"/>
    <tag k="highway" v="path"/>
    <tag k="source" v="local knowledge"/>
    <tag k="surface" v="fine_gravel"/>
  </way>
  <way id="442029183" version="2" timestamp="2022-08-05T23:49:13Z" changeset="124542851" uid="39001" user="antonr">
    <nd ref="1081644733"/>
    <nd ref="1081644753"/>
    <nd ref="9934716379"/>
    <nd ref="4397188371"/>
    <nd ref="4397188370"/>
    <nd ref="4397188367"/>
    <nd ref="4397188365"/>
    <nd ref="4397188364"/>
    <nd ref="4397188363"/>
    <nd ref="4397188362"/>
    <nd ref="4397188361"/>
    <tag k="highway" v="path"/>
    <tag k="surface" v="ground"/>
    <tag k="trail_visibility" v="good"/>
  </way>
  <way id="500979083" version="1" timestamp="2017-06-16T12:58:28Z" changeset="49591108" uid="12294" user="izzor">
    <nd ref="4918988052"/>
    <nd ref="4918988051"/>
    <nd ref="4918988050"/>
    <nd ref="4918988049"/>
    <nd ref="1620666790"/>
    <tag k="highway" v="path"/>
  </way>
  <way id="500979084" version="1" timestamp="2017-06-16T12:58:28Z" changeset="49591108" uid="12294" user="izzor">
    <nd ref="4918988060"/>
    <nd ref="4918988059"/>
    <nd ref="4918988058"/>
    <nd ref="4918988057"/>
    <nd ref="4918988056"/>
    <nd ref="4918988055"/>
    <nd ref="4918988054"/>
    <nd ref="4918988053"/>
    <nd ref="4918988060"/>
    <tag k="building" v="yes"/>
  </way>
  <way id="500979086" version="1" timestamp="2017-06-16T12:58:28Z" changeset="49591108" uid="12294" user="izzor">
    <nd ref="1620666766"/>
    <nd ref="1620666763"/>
    <nd ref="4918988065"/>
    <nd ref="4918988064"/>
    <nd ref="4918988063"/>
    <nd ref="4918988062"/>
    <nd ref="4918988061"/>
    <nd ref="1620666766"/>
    <tag k="place" v="square"/>
  </way>
  <way id="500979087" version="1" timestamp="2017-06-16T12:58:28Z" changeset="49591108" uid="12294" user="izzor">
    <nd ref="4918988067"/>
    <nd ref="4918988066"/>
    <nd ref="3906173397"/>
    <tag k="highway" v="service"/>
  </way>
  <way id="543050230" version="4" timestamp="2025-08-13T13:24:56Z" changeset="170389450" uid="12894177" user="Oltsi">
    <nd ref="545834"/>
    <nd ref="1083645605"/>
    <tag k="highway" v="residential"/>
    <tag k="lit" v="yes"/>
    <tag k="maxspeed" v="30"/>
    <tag k="name" v="Kungsgatan"/>
    <tag k="oneway" v="yes"/>
    <tag k="oneway:bicycle" v="no"/>
    <tag k="surface" v="asphalt"/>
  </way>
  <way id="628144756" version="2" timestamp="2018-10-02T10:55:42Z" changeset="63120297" uid="616774" user="mueschel">
    <nd ref="5930131044"/>
    <nd ref="1051550200"/>
    <nd ref="1051549832"/>
    <nd ref="1051550190"/>
    <nd ref="1051550065"/>
    <nd ref="1051550386"/>
    <nd ref="1051550289"/>
    <nd ref="1051549974"/>
    <nd ref="1051549850"/>
    <nd ref="5930131054"/>
    <nd ref="5930131044"/>
    <tag k="building:levels" v="4"/>
    <tag k="building:material" v="plaster"/>
    <tag k="building:part" v="tower"/>
    <tag k="roof:material" v="copper"/>
    <tag k="roof:shape" v="pyramidal"/>
  </way>
  <way id="628144757" version="3" timestamp="2022-08-05T23:49:13Z" changeset="124542851" uid="39001" user="antonr">
    <nd ref="5930131043"/>
    <nd ref="1051550444"/>
    <nd ref="1051550094"/>
    <nd ref="1051549989"/>
    <nd ref="1051550320"/>
    <nd ref="1051550223"/>
    <nd ref="1051550502"/>
    <nd ref="1051550414"/>
    <nd ref="1051550125"/>
    <nd ref="1051549591"/>
    <nd ref="1051549997"/>
    <nd ref="1051550338"/>
    <nd ref="1051550233"/>
    <nd ref="1051550181"/>
    <nd ref="5930131053"/>
    <nd ref="5930131055"/>
    <nd ref="5930131043"/>
    <tag k="building:levels" v="4"/>
    <tag k="building:material" v="plaster"/>
    <tag k="building:part" v="tower"/>
    <tag k="roof:material" v="copper"/>
    <tag k="roof:shape" v="pyramidal"/>
  </way>
  <way id="628144758" version="2" timestamp="2018-10-02T10:55:42Z" changeset="63120297" uid="616774" user="mueschel">
    <nd ref="5930131048"/>
    <nd ref="5930131047"/>
    <nd ref="5930131049"/>
    <nd ref="5930131046"/>
    <nd ref="1051549523"/>
    <nd ref="1051549710"/>
    <nd ref="1051550505"/>
    <nd ref="1051549537"/>
    <nd ref="1051550322"/>
    <nd ref="1051550418"/>
    <nd ref="1051550096"/>
    <nd ref="1051550316"/>
    <nd ref="5930131045"/>
    <nd ref="5930131048"/>
    <tag k="building:levels" v="4"/>
    <tag k="building:material" v="plaster"/>
    <tag k="building:part" v="tower"/>
    <tag k="roof:material" v="copper"/>
    <tag k="roof:shape" v="pyramidal"/>
  </way>
  <way id="628144759" version="2" timestamp="2018-10-02T10:55:42Z" changeset="63120297" uid="616774" user="mueschel">
    <nd ref="5930131050"/>
    <nd ref="1051549516"/>
    <nd ref="1051550024"/>
    <nd ref="1051549657"/>
    <nd ref="1051549782"/>
    <nd ref="1051550131"/>
    <nd ref="1051550236"/>
    <nd ref="1051549874"/>
    <nd ref="1051550010"/>
    <nd ref="1051549637"/>
    <nd ref="1051550388"/>
    <nd ref="5930131051"/>
    <nd ref="5930131052"/>
    <nd ref="5930131050"/>
    <tag k="building:levels" v="4"/>
    <tag k="building:material" v="plaster"/>
    <tag k="building:part" v="tower"/>
    <tag k="roof:material" v="copper"/>
    <tag k="roof:shape" v="pyramidal"/>
  </way>
  <way id="628144976" version="3" timestamp="2022-08-05T23:49:13Z" changeset="124542851" uid="39001" user="antonr">
    <nd ref="9934716377"/>
    <nd ref="1051549473"/>
    <nd ref="1051549617"/>
    <nd ref="1051550339"/>
    <nd ref="1051549546"/>
    <nd ref="9934716376"/>
    <nd ref="9934716377"/>
    <tag k="building:levels" v="5"/>
    <tag k="building:material" v="stone"/>
    <tag k="building:part" v="yes"/>
    <tag k="roof:material" v="copper"/>
    <tag k="roof:shape" v="pyramidal"/>
  </way>
  <way id="711593990" version="6" timestamp="2025-07-16T07:33:06Z" changeset="168998492" uid="156646" user="archie">
    <nd ref="13003710482"/>
    <nd ref="13003710481"/>
    <nd ref="1620666620"/>
    <nd ref="1620666627"/>
    <nd ref="13003710478"/>
    <nd ref="13003710477"/>
    <nd ref="4918988037"/>
    <nd ref="265787075"/>
    <nd ref="1620666660"/>
    <nd ref="1620666642"/>
    <nd ref="1620666657"/>
    <nd ref="1620666687"/>
    <nd ref="13003748247"/>
    <nd ref="13003748244"/>
    <nd ref="13003748246"/>
    <nd ref="1052399111"/>
    <nd ref="251308175"/>
    <nd ref="25125527"/>
    <nd ref="1052399089"/>
    <nd ref="1052399017"/>
    <nd ref="1052399143"/>
    <nd ref="1052399218"/>
    <nd ref="1052399102"/>
    <nd ref="1052399044"/>
    <nd ref="25125526"/>
    <nd ref="1052398956"/>
    <nd ref="25125525"/>
    <nd ref="1052399137"/>
    <nd ref="1052399180"/>
    <nd ref="25125524"/>
    <nd ref="25125523"/>
    <nd ref="25125522"/>
    <nd ref="25125521"/>
    <nd ref="25125520"/>
    <nd ref="1054415726"/>
    <nd ref="25125519"/>
    <nd ref="1054415073"/>
    <nd ref="1054415166"/>
    <nd ref="1054415882"/>
    <nd ref="1054415584"/>
    <nd ref="1054414940"/>
    <nd ref="1054415649"/>
    <nd ref="1054415225"/>
    <nd ref="1054415433"/>
    <nd ref="1054415008"/>
    <nd ref="25125518"/>
    <nd ref="1054415109"/>
    <nd ref="1054415513"/>
    <nd ref="25125517"/>
    <nd ref="1054415043"/>
    <nd ref="1054415699"/>
    <nd ref="1054414862"/>
    <nd ref="1054415788"/>
    <nd ref="1054415360"/>
    <nd ref="1054415199"/>
    <nd ref="5928695563"/>
    <nd ref="5928695575"/>
    <nd ref="5928695562"/>
    <nd ref="5928695566"/>
    <nd ref="5928695565"/>
    <nd ref="5928695573"/>
    <nd ref="5928695564"/>
    <nd ref="5928695568"/>
    <nd ref="5928695576"/>
    <nd ref="5928695574"/>
    <nd ref="5928695561"/>
    <nd ref="5928695571"/>
    <nd ref="5928695567"/>
    <nd ref="5928695572"/>
    <nd ref="5928695569"/>
    <nd ref="13003748245"/>
    <nd ref="13003748249"/>
    <nd ref="13003748248"/>
    <nd ref="13003748250"/>
    <nd ref="13003748251"/>
    <nd ref="13003748252"/>
    <nd ref="13003710479"/>
    <nd ref="13003748253"/>
    <nd ref="13003748254"/>
    <nd ref="13003748258"/>
    <nd ref="13003748256"/>
    <nd ref="13003748257"/>
    <nd ref="13003748255"/>
    <nd ref="13003748243"/>
  </way>
  <way id="825452734" version="1" timestamp="2020-07-12T17:19:24Z" changeset="87884190" uid="812740" user="westis">
    <nd ref="7707545596"/>
    <nd ref="1056345763"/>
    <tag k="highway" v="footway"/>
    <tag k="surface" v="fine_gravel"/>
  </way>
  <way id="838295339" version="1" timestamp="2020-08-18T16:51:31Z" changeset="89587235" uid="812740" user="westis">
    <nd ref="7823774127"/>
    <nd ref="7823774115"/>
    <nd ref="7823774114"/>
    <nd ref="7823774113"/>
    <nd ref="7823774138"/>
    <nd ref="7823774112"/>
    <tag k="highway" v="footway"/>
  </way>
  <way id="838295340" version="1" timestamp="2020-08-18T16:51:31Z" changeset="89587235" uid="812740" user="westis">
    <nd ref="7823774120"/>
    <nd ref="7823774117"/>
    <tag k="highway" v="footway"/>
  </way>
  <way id="838295341" version="3" timestamp="2026-06-08T10:40:15Z" changeset="183821756" uid="696816" user="DerJuergen">
    <nd ref="7823774130"/>
    <nd ref="7823774123"/>
    <nd ref="8143806470"/>
    <nd ref="7823774122"/>
    <nd ref="7823774121"/>
    <nd ref="7823774120"/>
    <nd ref="7823774119"/>
    <nd ref="7823774118"/>
    <tag k="highway" v="footway"/>
    <tag k="surface" v="fine_gravel"/>
  </way>
  <way id="838295342" version="3" timestamp="2021-06-29T17:07:32Z" changeset="107161323" uid="159302" user="osmium">
    <nd ref="265787084"/>
    <nd ref="7823774137"/>
    <nd ref="7823774136"/>
    <nd ref="7823774135"/>
    <nd ref="7823774134"/>
    <nd ref="7823774133"/>
    <nd ref="7823774132"/>
    <nd ref="7823774131"/>
    <nd ref="7823774130"/>
    <nd ref="7823774129"/>
    <nd ref="7823774128"/>
    <nd ref="8143806471"/>
    <nd ref="7823774127"/>
    <nd ref="8143806472"/>
    <nd ref="7823774126"/>
    <nd ref="7823774125"/>
    <nd ref="7823774124"/>
    <nd ref="8143806473"/>
    <nd ref="7823774134"/>
    <tag k="highway" v="footway"/>
    <tag k="surface" v="fine_gravel"/>
  </way>
  <way id="838295343" version="2" timestamp="2021-06-29T17:07:33Z" changeset="107161323" uid="159302" user="osmium">
    <nd ref="1058847305"/>
    <nd ref="7823774150"/>
    <nd ref="7823774137"/>
    <nd ref="7823774149"/>
    <nd ref="7823774148"/>
    <nd ref="7823774147"/>
    <nd ref="7823774146"/>
    <nd ref="7823774145"/>
    <nd ref="7823774144"/>
    <nd ref="7823774143"/>
    <nd ref="7823774142"/>
    <nd ref="7823774141"/>
    <nd ref="7823774140"/>
    <nd ref="7823774139"/>
    <nd ref="7823774138"/>
    <tag k="highway" v="footway"/>
    <tag k="surface" v="fine_gravel"/>
  </way>
  <way id="874145308" version="1" timestamp="2020-11-18T16:22:00Z" changeset="94379232" uid="159302" user="osmium">
    <nd ref="8138190399"/>
    <nd ref="8138190400"/>
    <nd ref="8138190401"/>
    <tag k="barrier" v="hedge"/>
  </way>
  <way id="874145312" version="1" timestamp="2020-11-18T16:22:00Z" changeset="94379232" uid="159302" user="osmium">
    <nd ref="8138202945"/>
    <nd ref="8138202944"/>
    <nd ref="8138202943"/>
    <nd ref="8138202942"/>
    <nd ref="8138202941"/>
    <nd ref="8138202940"/>
    <nd ref="8138202939"/>
    <nd ref="8138202938"/>
    <nd ref="8138202937"/>
    <nd ref="8138202936"/>
    <nd ref="8138202935"/>
    <nd ref="8138202934"/>
    <nd ref="8138202933"/>
    <nd ref="8138202932"/>
    <nd ref="8138202931"/>
    <nd ref="8138202930"/>
    <nd ref="8138202929"/>
    <nd ref="8138202928"/>
    <nd ref="8138202927"/>
    <nd ref="8138202926"/>
    <nd ref="8138202925"/>
    <nd ref="8138202924"/>
    <nd ref="8138202923"/>
    <nd ref="8138202922"/>
    <nd ref="8138202921"/>
    <nd ref="8138202945"/>
    <tag k="natural" v="scrub"/>
  </way>
  <way id="874870420" version="1" timestamp="2020-11-19T20:13:43Z" changeset="94459151" uid="159302" user="osmium">
    <nd ref="8143806447"/>
    <nd ref="8143806446"/>
    <nd ref="8143806445"/>
    <nd ref="8143806444"/>
    <nd ref="8143806443"/>
    <nd ref="8143806442"/>
    <nd ref="8143806441"/>
    <nd ref="8143806440"/>
    <nd ref="8143806439"/>
    <nd ref="8143806438"/>
    <nd ref="8143806437"/>
    <nd ref="8143806436"/>
    <nd ref="8143806435"/>
    <nd ref="8143806434"/>
    <nd ref="8143806433"/>
    <nd ref="8143806432"/>
    <nd ref="8143806431"/>
    <nd ref="8143806430"/>
    <nd ref="8143806429"/>
    <nd ref="8143806428"/>
    <nd ref="8143806427"/>
    <nd ref="8143806426"/>
    <nd ref="8143806425"/>
    <nd ref="8143806424"/>
    <nd ref="8143806447"/>
    <tag k="landuse" v="flowerbed"/>
  </way>
  <way id="874870421" version="1" timestamp="2020-11-19T20:13:43Z" changeset="94459151" uid="159302" user="osmium">
    <nd ref="8143806453"/>
    <nd ref="8143806452"/>
    <nd ref="8143806451"/>
    <nd ref="8143806450"/>
    <nd ref="8143806449"/>
    <nd ref="8143806448"/>
    <nd ref="8143806453"/>
    <tag k="building" v="yes"/>
    <tag k="leisure" v="bandstand"/>
  </way>
  <way id="874870422" version="2" timestamp="2020-11-25T12:41:56Z" changeset="94775301" uid="8407814" user="alexsoldatkin96">
    <nd ref="8143806463"/>
    <nd ref="8143806462"/>
    <nd ref="8143806461"/>
    <nd ref="8143806460"/>
    <nd ref="8143806421"/>
    <nd ref="8143806459"/>
    <nd ref="8143806458"/>
    <nd ref="8143806457"/>
    <nd ref="8143806456"/>
    <nd ref="8143806455"/>
    <nd ref="8143806463"/>
    <tag k="area" v="yes"/>
    <tag k="man_made" v="pier"/>
  </way>
  <way id="874870423" version="3" timestamp="2021-06-29T17:07:33Z" changeset="107161324" uid="159302" user="osmium">
    <nd ref="7823774145"/>
    <nd ref="8143806476"/>
    <nd ref="8143806475"/>
    <nd ref="8143806474"/>
    <nd ref="1058847142"/>
    <tag k="highway" v="footway"/>
    <tag k="lit" v="yes"/>
    <tag k="surface" v="fine_gravel"/>
  </way>
  <way id="874870424" version="1" timestamp="2020-11-19T20:13:43Z" changeset="94459151" uid="159302" user="osmium">
    <nd ref="8143806495"/>
    <nd ref="8143806494"/>
    <nd ref="8143806493"/>
    <nd ref="8143806492"/>
    <nd ref="8143806491"/>
    <nd ref="8143806490"/>
    <nd ref="8143806489"/>
    <nd ref="8143806488"/>
    <nd ref="8143806487"/>
    <nd ref="8143806486"/>
    <nd ref="8143806485"/>
    <nd ref="8143806484"/>
    <nd ref="8143806483"/>
    <nd ref="8143806482"/>
    <nd ref="8143806481"/>
    <nd ref="8143806480"/>
    <nd ref="8143806479"/>
    <nd ref="8143806478"/>
    <nd ref="8143806477"/>
    <nd ref="8143806495"/>
    <tag k="landuse" v="flowerbed"/>
  </way>
  <way id="874870425" version="1" timestamp="2020-11-19T20:13:43Z" changeset="94459151" uid="159302" user="osmium">
    <nd ref="8143806499"/>
    <nd ref="8143806498"/>
    <nd ref="8143806497"/>
    <nd ref="8143806496"/>
    <nd ref="8143806499"/>
    <tag k="landuse" v="flowerbed"/>
  </way>
  <way id="874870430" version="2" timestamp="2026-08-13T06:22:32Z" changeset="187371753" uid="2256461" user="bagis">
    <nd ref="8143821225"/>
    <nd ref="8143821224"/>
    <nd ref="8143821223"/>
    <nd ref="8143821222"/>
    <nd ref="8143821221"/>
    <nd ref="1058849113"/>
    <nd ref="8143821220"/>
    <nd ref="8143821225"/>
    <tag k="access" v="customers"/>
    <tag k="leisure" v="outdoor_seating"/>
  </way>
  <way id="874870431" version="1" timestamp="2020-11-19T20:13:43Z" changeset="94459151" uid="159302" user="osmium">
    <nd ref="8143821235"/>
    <nd ref="8143821234"/>
    <nd ref="8143821233"/>
    <nd ref="8143821232"/>
    <nd ref="8143821231"/>
    <nd ref="8143821230"/>
    <nd ref="8143821229"/>
    <nd ref="8143821228"/>
    <nd ref="8143821227"/>
    <nd ref="8143821226"/>
    <nd ref="8143821235"/>
    <tag k="landuse" v="flowerbed"/>
  </way>
  <way id="874870432" version="1" timestamp="2020-11-19T20:13:43Z" changeset="94459151" uid="159302" user="osmium">
    <nd ref="8143821245"/>
    <nd ref="8143821244"/>
    <nd ref="8143821243"/>
    <nd ref="8143821242"/>
    <nd ref="8143821241"/>
    <nd ref="8143821240"/>
    <nd ref="8143821239"/>
    <nd ref="8143821238"/>
    <nd ref="8143821237"/>
    <nd ref="8143821236"/>
    <nd ref="8143821245"/>
    <tag k="landuse" v="flowerbed"/>
  </way>
  <way id="874870433" version="1" timestamp="2020-11-19T20:13:43Z" changeset="94459151" uid="159302" user="osmium">
    <nd ref="8143821274"/>
    <nd ref="8143821273"/>
    <nd ref="8143821272"/>
    <nd ref="8143821271"/>
    <nd ref="8143821270"/>
    <nd ref="8143821269"/>
    <nd ref="8143821268"/>
    <nd ref="8143821267"/>
    <nd ref="8143821266"/>
    <nd ref="8143821265"/>
    <nd ref="8143821264"/>
    <nd ref="8143821263"/>
    <nd ref="8143821262"/>
    <nd ref="8143821261"/>
    <nd ref="8143821260"/>
    <nd ref="8143821259"/>
    <nd ref="8143821258"/>
    <nd ref="8143821257"/>
    <nd ref="8143821256"/>
    <nd ref="8143821255"/>
    <nd ref="8143821254"/>
    <nd ref="8143821253"/>
    <nd ref="8143821252"/>
    <nd ref="8143821251"/>
    <nd ref="8143821250"/>
    <nd ref="8143821249"/>
    <nd ref="8143821248"/>
    <nd ref="8143821247"/>
    <nd ref="8143821246"/>
    <nd ref="8143821274"/>
    <tag k="landuse" v="flowerbed"/>
  </way>
  <way id="970444605" version="2" timestamp="2021-08-05T10:10:11Z" changeset="109192670" uid="159302" user="osmium">
    <nd ref="1057356260"/>
    <nd ref="8980901076"/>
    <nd ref="8980901075"/>
    <nd ref="8980901074"/>
    <nd ref="8980901073"/>
    <nd ref="8980901072"/>
    <tag k="highway" v="footway"/>
    <tag k="lit" v="yes"/>
    <tag k="surface" v="asphalt"/>
  </way>
  <way id="970456349" version="1" timestamp="2021-08-04T20:40:35Z" changeset="109163995" uid="159302" user="osmium">
    <nd ref="8981001173"/>
    <nd ref="8981001172"/>
    <nd ref="8981001171"/>
    <nd ref="8981001170"/>
    <nd ref="8981001173"/>
    <tag k="leisure" v="pitch"/>
    <tag k="sport" v="boules"/>
    <tag k="surface" v="sand"/>
  </way>
  <way id="970456350" version="1" timestamp="2021-08-04T20:40:35Z" changeset="109163995" uid="159302" user="osmium">
    <nd ref="8981001177"/>
    <nd ref="8981001176"/>
    <nd ref="8981001175"/>
    <nd ref="8981001174"/>
    <nd ref="8981001177"/>
    <tag k="leisure" v="pitch"/>
    <tag k="sport" v="boules"/>
    <tag k="surface" v="sand"/>
  </way>
  <way id="970456351" version="1" timestamp="2021-08-04T20:40:35Z" changeset="109163995" uid="159302" user="osmium">
    <nd ref="8981001182"/>
    <nd ref="8981001181"/>
    <nd ref="8981001180"/>
    <nd ref="8981001179"/>
    <nd ref="8981001182"/>
    <tag k="building" v="yes"/>
    <tag k="level" v="1"/>
  </way>
  <way id="970612918" version="1" timestamp="2021-08-05T10:10:11Z" changeset="109192670" uid="159302" user="osmium">
    <nd ref="8982975135"/>
    <nd ref="8982975134"/>
    <nd ref="1052398977"/>
    <nd ref="8981001198"/>
    <nd ref="8981001197"/>
    <nd ref="1052399041"/>
    <nd ref="1052398984"/>
    <nd ref="8982975133"/>
    <nd ref="8982975132"/>
    <nd ref="8982975131"/>
    <nd ref="8982975130"/>
    <nd ref="8982975129"/>
    <nd ref="8982975128"/>
    <nd ref="8982975127"/>
    <nd ref="8982975126"/>
    <nd ref="8982975135"/>
    <tag k="area" v="yes"/>
    <tag k="man_made" v="pier"/>
  </way>
  <way id="970612921" version="1" timestamp="2021-08-05T10:10:11Z" changeset="109192670" uid="159302" user="osmium">
    <nd ref="8982975180"/>
    <nd ref="8982975179"/>
    <nd ref="8982975178"/>
    <nd ref="8982975177"/>
    <nd ref="8982975180"/>
    <tag k="amenity" v="bicycle_parking"/>
    <tag k="bicycle_parking" v="wall_loops"/>
    <tag k="capacity" v="8"/>
  </way>
  <way id="970612922" version="1" timestamp="2021-08-05T10:10:11Z" changeset="109192670" uid="159302" user="osmium">
    <nd ref="8982975205"/>
    <nd ref="8982975204"/>
    <nd ref="8982975203"/>
    <nd ref="8982975202"/>
    <nd ref="8982975201"/>
    <nd ref="8982975200"/>
    <nd ref="8982975199"/>
    <nd ref="8982975198"/>
    <nd ref="8982975197"/>
    <nd ref="8982975196"/>
    <nd ref="8982975195"/>
    <nd ref="8982975194"/>
    <nd ref="8982975193"/>
    <nd ref="8982975192"/>
    <nd ref="8982975191"/>
    <nd ref="8982975205"/>
    <tag k="landuse" v="forest"/>
  </way>
  <way id="1051928512" version="2" timestamp="2026-06-27T19:08:50Z" changeset="184709014" uid="83501" user="riiga">
    <nd ref="545821"/>
    <nd ref="1420028849"/>
    <nd ref="418211556"/>
    <nd ref="452382908"/>
    <nd ref="13971024333"/>
    <nd ref="1056345511"/>
    <nd ref="9666774912"/>
    <tag k="highway" v="residential"/>
    <tag k="lanes" v="3"/>
    <tag k="lanes:backward" v="2"/>
    <tag k="lanes:forward" v="1"/>
    <tag k="maxspeed" v="40"/>
    <tag k="name" v="Ölandskajen"/>
    <tag k="surface" v="asphalt"/>
    <tag k="turn:lanes:backward" v="left|right"/>
  </way>
  <way id="1084130823" version="1" timestamp="2022-08-05T23:49:13Z" changeset="124542851" uid="39001" user="antonr">
    <nd ref="9934639172"/>
    <nd ref="9934639171"/>
    <nd ref="9934639170"/>
    <tag k="barrier" v="hedge"/>
  </way>
  <way id="1084130825" version="1" timestamp="2022-08-05T23:49:13Z" changeset="124542851" uid="39001" user="antonr">
    <nd ref="9934639181"/>
    <nd ref="9934639180"/>
    <nd ref="9934639179"/>
    <tag k="amenity" v="bench"/>
    <tag k="backrest" v="yes"/>
    <tag k="name" v="Gustav Vasa-bänken"/>
  </way>
  <way id="1084130834" version="2" timestamp="2023-04-24T16:59:17Z" changeset="135310933" uid="17921090" user="541074">
    <nd ref="9934639202"/>
    <nd ref="265787081"/>
    <tag k="highway" v="footway"/>
    <tag k="surface" v="asphalt"/>
  </way>
  <way id="1084130835" version="6" timestamp="2022-08-06T13:21:39Z" changeset="124561998" uid="16256" user="patzi">
    <nd ref="9934639204"/>
    <nd ref="9934639202"/>
    <tag k="handrail" v="yes"/>
    <tag k="highway" v="steps"/>
    <tag k="incline" v="up"/>
    <tag k="ramp" v="no"/>
    <tag k="step_count" v="7"/>
    <tag k="surface" v="sett"/>
  </way>
  <way id="1084130836" version="2" timestamp="2022-08-06T13:21:59Z" changeset="124561994" uid="16256" user="patzi">
    <nd ref="9934639206"/>
    <nd ref="9934639203"/>
    <nd ref="9934639205"/>
    <tag k="highway" v="footway"/>
    <tag k="surface" v="compacted"/>
  </way>
  <way id="1084130837" version="3" timestamp="2025-08-13T13:25:23Z" changeset="170389450" uid="12894177" user="Oltsi">
    <nd ref="545834"/>
    <nd ref="9934639209"/>
    <nd ref="9934639208"/>
    <nd ref="9934639207"/>
    <nd ref="1083645385"/>
    <tag k="highway" v="footway"/>
    <tag k="lit" v="yes"/>
    <tag k="surface" v="pebblestone"/>
  </way>
  <way id="1084130838" version="3" timestamp="2022-08-06T12:06:22Z" changeset="124559309" uid="16256" user="patzi">
    <nd ref="9934639211"/>
    <nd ref="9934639210"/>
    <nd ref="9934639208"/>
    <nd ref="9934639212"/>
    <nd ref="9934639213"/>
    <nd ref="9934639207"/>
    <nd ref="9934639206"/>
    <nd ref="9934639211"/>
    <tag k="highway" v="footway"/>
    <tag k="lit" v="yes"/>
    <tag k="surface" v="compacted"/>
  </way>
  <way id="1084130839" version="3" timestamp="2022-08-06T12:06:28Z" changeset="124559309" uid="16256" user="patzi">
    <nd ref="9934716317"/>
    <nd ref="9934639216"/>
    <nd ref="9934639215"/>
    <nd ref="9934639214"/>
    <nd ref="9934639213"/>
    <tag k="highway" v="footway"/>
    <tag k="lit" v="yes"/>
    <tag k="surface" v="compacted"/>
  </way>
  <way id="1084130840" version="2" timestamp="2023-04-24T16:59:17Z" changeset="135310933" uid="17921090" user="541074">
    <nd ref="9934716320"/>
    <nd ref="9934716317"/>
    <nd ref="9934716318"/>
    <nd ref="9934639205"/>
    <nd ref="9934716319"/>
    <tag k="highway" v="footway"/>
    <tag k="surface" v="pebblestone"/>
  </way>
  <way id="1084130841" version="1" timestamp="2022-08-05T23:49:13Z" changeset="124542851" uid="39001" user="antonr">
    <nd ref="9934716392"/>
    <nd ref="9934716328"/>
    <nd ref="9934716327"/>
    <nd ref="9934716326"/>
    <nd ref="9934716325"/>
    <nd ref="9934716324"/>
    <nd ref="9934716391"/>
    <nd ref="9934716392"/>
    <tag k="landuse" v="grass"/>
  </way>
  <way id="1084130842" version="1" timestamp="2022-08-05T23:49:13Z" changeset="124542851" uid="39001" user="antonr">
    <nd ref="9934716333"/>
    <nd ref="9934716395"/>
    <nd ref="9934716394"/>
    <nd ref="9934716393"/>
    <nd ref="9934716332"/>
    <nd ref="9934716331"/>
    <nd ref="9934716330"/>
    <nd ref="9934716329"/>
    <nd ref="9934716333"/>
    <tag k="leisure" v="garden"/>
  </way>
  <way id="1084130843" version="1" timestamp="2022-08-05T23:49:13Z" changeset="124542851" uid="39001" user="antonr">
    <nd ref="251308177"/>
    <nd ref="1052399183"/>
    <nd ref="1620666691"/>
    <nd ref="442579804"/>
    <nd ref="1058849189"/>
    <nd ref="442579803"/>
    <nd ref="1058847087"/>
    <nd ref="265787085"/>
    <nd ref="1052399043"/>
    <nd ref="251308178"/>
    <nd ref="9934716336"/>
    <nd ref="9934716335"/>
    <nd ref="9934716334"/>
    <nd ref="251308177"/>
    <tag k="landuse" v="grass"/>
  </way>
  <way id="1084130844" version="1" timestamp="2022-08-05T23:49:13Z" changeset="124542851" uid="39001" user="antonr">
    <nd ref="1051550465"/>
    <nd ref="1051549480"/>
    <nd ref="1051550316"/>
    <tag k="barrier" v="wall"/>
  </way>
  <way id="1084130845" version="2" timestamp="2023-04-24T16:59:11Z" changeset="135310933" uid="17921090" user="541074">
    <nd ref="1051550284"/>
    <nd ref="9934716347"/>
    <tag k="bridge" v="yes"/>
    <tag k="highway" v="footway"/>
    <tag k="layer" v="1"/>
    <tag k="surface" v="sett"/>
  </way>
  <way id="1084130846" version="3" timestamp="2026-06-08T10:56:35Z" changeset="183821756" uid="696816" user="DerJuergen">
    <nd ref="9934716350"/>
    <nd ref="9934716349"/>
    <tag k="highway" v="footway"/>
    <tag k="layer" v="-1"/>
    <tag k="smoking" v="no"/>
    <tag k="surface" v="dirt"/>
    <tag k="tunnel" v="yes"/>
  </way>
  <way id="1084130847" version="1" timestamp="2022-08-05T23:49:13Z" changeset="124542851" uid="39001" user="antonr">
    <nd ref="9934716354"/>
    <nd ref="9934716353"/>
    <nd ref="9934716352"/>
    <nd ref="9934716351"/>
    <nd ref="9934716354"/>
    <tag k="leisure" v="garden"/>
  </way>
  <way id="1084130848" version="2" timestamp="2025-10-03T11:38:53Z" changeset="172786801" uid="15258988" user="physgeo">
    <nd ref="9934716361"/>
    <nd ref="9934716360"/>
    <nd ref="9934716359"/>
    <nd ref="9934716358"/>
    <nd ref="9934716357"/>
    <nd ref="9934716356"/>
    <nd ref="9934716361"/>
    <tag k="building" v="roof"/>
  </way>
  <way id="1084130849" version="6" timestamp="2023-04-24T16:59:07Z" changeset="135310954" uid="17921090" user="541074">
    <nd ref="9934716362"/>
    <nd ref="9934716363"/>
    <tag k="handrail" v="yes"/>
    <tag k="highway" v="steps"/>
    <tag k="incline" v="up"/>
    <tag k="ramp" v="no"/>
    <tag k="step_count" v="7"/>
    <tag k="surface" v="sett"/>
  </way>
  <way id="1084130850" version="6" timestamp="2023-04-24T16:59:05Z" changeset="135310954" uid="17921090" user="541074">
    <nd ref="9934716366"/>
    <nd ref="9934716365"/>
    <tag k="handrail" v="no"/>
    <tag k="highway" v="steps"/>
    <tag k="incline" v="down"/>
    <tag k="ramp" v="no"/>
    <tag k="step_count" v="9"/>
    <tag k="surface" v="sett"/>
  </way>
  <way id="1084130851" version="2" timestamp="2025-11-24T17:37:13Z" changeset="175077728" uid="66965" user="urk">
    <nd ref="9934716368"/>
    <nd ref="9934716367"/>
    <tag k="highway" v="footway"/>
    <tag k="surface" v="stone"/>
  </way>
  <way id="1084130852" version="2" timestamp="2025-11-24T17:37:13Z" changeset="175077728" uid="66965" user="urk">
    <nd ref="9934716369"/>
    <nd ref="9934716368"/>
    <tag k="highway" v="footway"/>
    <tag k="smoking" v="no"/>
    <tag k="surface" v="stone"/>
    <tag k="tunnel" v="building_passage"/>
  </way>
  <way id="1084130853" version="1" timestamp="2022-08-05T23:49:13Z" changeset="124542851" uid="39001" user="antonr">
    <nd ref="1051550502"/>
    <nd ref="1051549544"/>
    <nd ref="9934716370"/>
    <nd ref="1051549580"/>
    <nd ref="1051550018"/>
    <nd ref="1051549465"/>
    <nd ref="1051550125"/>
    <nd ref="1051550414"/>
    <nd ref="1051550502"/>
    <tag k="area" v="yes"/>
    <tag k="barrier" v="wall"/>
  </way>
  <way id="1084130854" version="2" timestamp="2023-04-24T16:58:59Z" changeset="135310933" uid="17921090" user="541074">
    <nd ref="9934716371"/>
    <nd ref="1051549938"/>
    <tag k="highway" v="footway"/>
    <tag k="surface" v="sett"/>
  </way>
  <way id="1084130855" version="2" timestamp="2023-04-24T16:58:59Z" changeset="135310933" uid="17921090" user="541074">
    <nd ref="1051549715"/>
    <nd ref="9934716371"/>
    <tag k="highway" v="footway"/>
    <tag k="surface" v="sett"/>
    <tag k="tunnel" v="building_passage"/>
  </way>
  <way id="1084130856" version="1" timestamp="2022-08-05T23:49:13Z" changeset="124542851" uid="39001" user="antonr">
    <nd ref="9934716375"/>
    <nd ref="9934716371"/>
    <nd ref="1051549617"/>
    <nd ref="1051549473"/>
    <nd ref="9934716374"/>
    <nd ref="9934716373"/>
    <nd ref="1051549715"/>
    <nd ref="9934716372"/>
    <nd ref="9934716375"/>
    <tag k="area" v="yes"/>
    <tag k="barrier" v="wall"/>
    <tag k="height" v="5 m"/>
    <tag k="note" v="height approximated from photo"/>
  </way>
  <way id="1084130857" version="1" timestamp="2022-08-05T23:49:13Z" changeset="124542851" uid="39001" user="antonr">
    <nd ref="1081644806"/>
    <nd ref="1081644565"/>
    <tag k="highway" v="path"/>
    <tag k="layer" v="1"/>
    <tag k="surface" v="wood"/>
  </way>
  <way id="1084130858" version="1" timestamp="2022-08-05T23:49:13Z" changeset="124542851" uid="39001" user="antonr">
    <nd ref="251308176"/>
    <nd ref="1052399183"/>
    <nd ref="1620666691"/>
    <nd ref="442579804"/>
    <nd ref="1058849189"/>
    <nd ref="442579803"/>
    <nd ref="1058847087"/>
    <nd ref="265787085"/>
    <nd ref="1052399043"/>
    <nd ref="1052398961"/>
    <tag k="barrier" v="city_wall"/>
  </way>
  <way id="1084130859" version="1" timestamp="2022-08-05T23:49:13Z" changeset="124542851" uid="39001" user="antonr">
    <nd ref="9934716380"/>
    <nd ref="1051549603"/>
    <tag k="barrier" v="wall"/>
  </way>
  <way id="1084130860" version="1" timestamp="2022-08-05T23:49:13Z" changeset="124542851" uid="39001" user="antonr">
    <nd ref="9934716382"/>
    <nd ref="9934716381"/>
    <tag k="barrier" v="wall"/>
  </way>
  <way id="1084130861" version="2" timestamp="2025-11-24T17:37:13Z" changeset="175077728" uid="66965" user="urk">
    <nd ref="9934716384"/>
    <nd ref="9934716383"/>
    <tag k="highway" v="steps"/>
    <tag k="smoking" v="no"/>
    <tag k="surface" v="wood"/>
  </way>
  <way id="1084130862" version="2" timestamp="2025-11-24T17:37:13Z" changeset="175077728" uid="66965" user="urk">
    <nd ref="9934716385"/>
    <nd ref="9934716384"/>
    <tag k="bridge" v="yes"/>
    <tag k="highway" v="footway"/>
    <tag k="layer" v="1"/>
    <tag k="smoking" v="no"/>
    <tag k="surface" v="wood"/>
  </way>
  <way id="1084130863" version="1" timestamp="2022-08-05T23:49:13Z" changeset="124542851" uid="39001" user="antonr">
    <nd ref="9934716395"/>
    <nd ref="9934716333"/>
    <nd ref="265787092"/>
    <nd ref="9934716324"/>
    <nd ref="9934716391"/>
    <tag k="barrier" v="city_wall"/>
  </way>
  <way id="1084130864" version="1" timestamp="2022-08-05T23:49:13Z" changeset="124542851" uid="39001" user="antonr">
    <nd ref="9934716395"/>
    <nd ref="9934716394"/>
    <nd ref="9934716393"/>
    <nd ref="9934716332"/>
    <nd ref="9934716396"/>
    <nd ref="9934716328"/>
    <nd ref="9934716392"/>
    <nd ref="9934716391"/>
    <nd ref="9934716390"/>
    <nd ref="9934716389"/>
    <nd ref="9934716388"/>
    <nd ref="9934716387"/>
    <nd ref="9934716386"/>
    <nd ref="9934716395"/>
    <tag k="barrier" v="city_wall"/>
    <tag k="landuse" v="grass"/>
  </way>
  <way id="1084130865" version="4" timestamp="2025-11-24T17:37:13Z" changeset="175077728" uid="66965" user="urk">
    <nd ref="265787087"/>
    <nd ref="9934716396"/>
    <tag k="highway" v="footway"/>
    <tag k="layer" v="-1"/>
    <tag k="smoking" v="no"/>
    <tag k="smoothness" v="intermediate"/>
    <tag k="surface" v="sett"/>
    <tag k="tunnel" v="yes"/>
  </way>
  <way id="1084130866" version="3" timestamp="2025-11-24T17:37:13Z" changeset="175077728" uid="66965" user="urk">
    <nd ref="9934716401"/>
    <nd ref="9934716400"/>
    <nd ref="9934716399"/>
    <nd ref="9934716398"/>
    <nd ref="9934716404"/>
    <tag k="highway" v="footway"/>
    <tag k="smoking" v="no"/>
    <tag k="surface" v="sett"/>
  </way>
  <way id="1084130867" version="7" timestamp="2025-11-24T17:37:13Z" changeset="175077728" uid="66965" user="urk">
    <nd ref="9934716405"/>
    <nd ref="9934716404"/>
    <tag k="handrail" v="no"/>
    <tag k="highway" v="steps"/>
    <tag k="incline" v="up"/>
    <tag k="ramp" v="no"/>
    <tag k="smoking" v="no"/>
    <tag k="step_count" v="4"/>
    <tag k="surface" v="sett"/>
  </way>
  <way id="1165138006" version="3" timestamp="2025-11-24T17:37:13Z" changeset="175077728" uid="66965" user="urk">
    <nd ref="1051550281"/>
    <nd ref="1051550203"/>
    <nd ref="10837546567"/>
    <tag k="highway" v="footway"/>
    <tag k="smoking" v="no"/>
    <tag k="surface" v="unhewn_cobblestone"/>
  </way>
  <way id="1389295395" version="2" timestamp="2026-06-27T19:08:50Z" changeset="184709014" uid="83501" user="riiga">
    <nd ref="1056091242"/>
    <nd ref="9654862241"/>
    <nd ref="452424109"/>
    <nd ref="452424106"/>
    <nd ref="452424104"/>
    <nd ref="12860727034"/>
    <nd ref="452424102"/>
    <nd ref="452424099"/>
    <nd ref="452424097"/>
    <nd ref="1066457032"/>
    <nd ref="452424096"/>
    <nd ref="1066457387"/>
    <nd ref="452424095"/>
    <nd ref="1066457665"/>
    <nd ref="452424094"/>
    <nd ref="452424092"/>
    <nd ref="452424090"/>
    <nd ref="452424087"/>
    <nd ref="12860727022"/>
    <nd ref="12860727031"/>
    <tag k="disused:railway" v="rail"/>
    <tag k="electrified" v="no"/>
    <tag k="gauge" v="1435"/>
    <tag k="railway" v="rail"/>
    <tag k="service" v="spur"/>
    <tag k="usage" v="industrial"/>
  </way>
  <way id="1433973306" version="1" timestamp="2025-09-29T07:24:26Z" changeset="172597133" uid="311496" user="peterleth">
    <nd ref="13179784473"/>
    <nd ref="13179784474"/>
    <nd ref="13179784475"/>
    <nd ref="13179784476"/>
    <nd ref="13179784473"/>
    <tag k="amenity" v="parking"/>
  </way>
  <way id="1433973838" version="2" timestamp="2025-09-29T07:43:52Z" changeset="172597868" uid="156646" user="archie">
    <nd ref="13179757084"/>
    <nd ref="13179757085"/>
    <nd ref="13179757086"/>
    <nd ref="13179757087"/>
    <nd ref="13179757088"/>
    <nd ref="13179757093"/>
    <nd ref="13179757094"/>
    <nd ref="13179757095"/>
    <nd ref="13179757096"/>
    <tag k="highway" v="service"/>
    <tag k="service" v="driveway"/>
  </way>
  <way id="1433973839" version="1" timestamp="2025-09-29T07:27:53Z" changeset="172597256" uid="311496" user="peterleth">
    <nd ref="13179757089"/>
    <nd ref="13179757090"/>
    <nd ref="13179757091"/>
    <nd ref="13179757092"/>
    <nd ref="13179757089"/>
    <tag k="amenity" v="parking"/>
  </way>
  <way id="1453377426" version="1" timestamp="2025-11-24T17:24:51Z" changeset="175077284" uid="66965" user="urk">
    <nd ref="13328599331"/>
    <nd ref="13328599330"/>
    <nd ref="13328599328"/>
    <nd ref="13328599329"/>
    <tag k="barrier" v="wall"/>
    <tag k="material" v="stone"/>
  </way>
  <way id="1453379983" version="1" timestamp="2025-11-24T17:37:13Z" changeset="175077728" uid="66965" user="urk">
    <nd ref="9934716367"/>
    <nd ref="13328627895"/>
    <tag k="highway" v="footway"/>
    <tag k="informal" v="yes"/>
    <tag k="surface" v="stone"/>
  </way>
  <way id="1533072684" version="1" timestamp="2026-06-27T19:08:49Z" changeset="184709014" uid="83501" user="riiga">
    <nd ref="13971024388"/>
    <nd ref="13971024387"/>
    <tag k="highway" v="service"/>
  </way>
  <way id="1533072685" version="1" timestamp="2026-06-27T19:08:49Z" changeset="184709014" uid="83501" user="riiga">
    <nd ref="13971024388"/>
    <nd ref="13971024380"/>
    <nd ref="13971024386"/>
    <nd ref="13971024378"/>
    <nd ref="13971024385"/>
    <nd ref="13971024432"/>
    <nd ref="13971024384"/>
    <nd ref="13971024383"/>
    <nd ref="13971024382"/>
    <tag k="highway" v="service"/>
  </way>
  <way id="1533072686" version="1" timestamp="2026-06-27T19:08:49Z" changeset="184709014" uid="83501" user="riiga">
    <nd ref="13971024389"/>
    <nd ref="13971024388"/>
    <tag k="highway" v="service"/>
    <tag k="service" v="parking_aisle"/>
  </way>
  <way id="1533072692" version="1" timestamp="2026-06-27T19:08:49Z" changeset="184709014" uid="83501" user="riiga">
    <nd ref="13971024401"/>
    <nd ref="13971024400"/>
    <nd ref="13971024399"/>
    <tag k="highway" v="service"/>
    <tag k="service" v="parking_aisle"/>
  </way>
  <way id="1533072693" version="1" timestamp="2026-06-27T19:08:49Z" changeset="184709014" uid="83501" user="riiga">
    <nd ref="13971024404"/>
    <nd ref="13971024403"/>
    <nd ref="13971024402"/>
    <tag k="highway" v="service"/>
    <tag k="service" v="parking_aisle"/>
  </way>
  <way id="1533072694" version="1" timestamp="2026-06-27T19:08:49Z" changeset="184709014" uid="83501" user="riiga">
    <nd ref="13971024406"/>
    <nd ref="13971024405"/>
    <tag k="highway" v="service"/>
    <tag k="service" v="parking_aisle"/>
  </way>
  <way id="1533072695" version="1" timestamp="2026-06-27T19:08:49Z" changeset="184709014" uid="83501" user="riiga">
    <nd ref="13971024408"/>
    <nd ref="13971024407"/>
    <tag k="highway" v="service"/>
    <tag k="service" v="parking_aisle"/>
  </way>
  <way id="1533072696" version="1" timestamp="2026-06-27T19:08:49Z" changeset="184709014" uid="83501" user="riiga">
    <nd ref="13971024410"/>
    <nd ref="13971024409"/>
    <tag k="highway" v="service"/>
    <tag k="service" v="parking_aisle"/>
  </way>
  <way id="1533072697" version="1" timestamp="2026-06-27T19:08:49Z" changeset="184709014" uid="83501" user="riiga">
    <nd ref="13971024412"/>
    <nd ref="13971024411"/>
    <tag k="highway" v="service"/>
    <tag k="service" v="parking_aisle"/>
  </way>
  <way id="1533072698" version="1" timestamp="2026-06-27T19:08:49Z" changeset="184709014" uid="83501" user="riiga">
    <nd ref="13971024414"/>
    <nd ref="13971024413"/>
    <tag k="highway" v="service"/>
    <tag k="service" v="parking_aisle"/>
  </way>
  <way id="1533072699" version="1" timestamp="2026-06-27T19:08:49Z" changeset="184709014" uid="83501" user="riiga">
    <nd ref="1056345472"/>
    <nd ref="13971024390"/>
    <nd ref="13971024392"/>
    <nd ref="13971024394"/>
    <nd ref="13971024423"/>
    <nd ref="13971024422"/>
    <nd ref="13971024421"/>
    <nd ref="13971024420"/>
    <nd ref="13971024419"/>
    <nd ref="13971024400"/>
    <nd ref="13971024403"/>
    <nd ref="13971024418"/>
    <nd ref="13971024387"/>
    <nd ref="13971024405"/>
    <nd ref="13971024417"/>
    <nd ref="13971024407"/>
    <nd ref="13971024409"/>
    <nd ref="13971024416"/>
    <nd ref="13971024411"/>
    <nd ref="13971024413"/>
    <nd ref="13971024415"/>
    <tag k="highway" v="service"/>
  </way>

</osm>
